id_left,primary_name_left,primary_category,alternate_category,id_right,primary_name_right,subtype,class,source_city,region,locality,zipcode,address,latitude,longitude,plc_source_dataset,plc_source_update_time,plc_source_confidence,bldg_dataset,bldg_update_time,bldg_confidence,is_office_by_pipeline
268284f2-b4b2-4808-bd35-83ffa2273a2b,US Federal Railroad Adm,public_and_government_association,"['public_service_and_government', 'financial_service']",,,,,pensacola,FL,Pensacola,32504,2419 Beaumont St,30.4860321,-87.1940092,meta,2025-06-02T07:00:00.000Z,0.296943231441048,,,,False
58ec9c57-766a-4782-ad71-a812cb13f4e3,East Lansing School Dist Adm,school,,,,,,lansing,MI,East Lansing,48823,1811 Pinecrest Dr,42.754361,-84.496596,meta,2025-06-02T07:00:00.000Z,0.3376623376623376,,,,False
7b4737ae-be6f-454c-b0df-5dbcd1c540a9,ADM Works,engineering_services,"['commercial_industrial', 'laboratory_testing']",a2ff9cab-d929-4e83-9509-54b3b8cd0e95,,commercial,commercial,mission-viejo,CA,Santa Ana,92705,1343 E Wilshire Ave,33.7291781,-117.8528268,meta,2025-06-02T07:00:00.000Z,0.9459263554653524,OpenStreetMap,2024-05-30T20:56:48.000Z,,False
15ed4f9d-e06f-4816-9833-40d418c5fab0,ADM Exclusive,internet_service_provider,"['professional_services', 'telecommunications_company']",2e7b7fcf-2e6d-422c-a2a0-3c1948c6b7f6,,commercial,office,dayton,OH,Dayton,45459,270 Regency Ridge Dr,39.6420171,-84.1617642,meta,2025-06-02T07:00:00.000Z,0.8860580325548478,OpenStreetMap,2023-06-21T01:17:05.000Z,,False
2895fea5-bb09-4462-8927-2a8249969526,Federal Aviation Adm,business_to_business_services,,a758ccd0-1885-4af6-9b4c-e78f86445693,,commercial,office,dallas,TX,Fort Worth,76155,13800 FAA Blvd,32.8305801,-97.0666972,meta,2025-06-02T07:00:00.000Z,0.3376623376623376,OpenStreetMap,2022-12-07T18:10:06.000Z,,True
9b781da3-42c8-4056-813b-4a26f54eb58e,ADM Customer Service LLC,freight_and_cargo_service,['food_delivery_service'],,,,,dallas,TX,Desoto,75115,1801 Lakeview Dr,32.5959339,-96.9045117,meta,2025-06-02T07:00:00.000Z,0.8831168831168831,,,,False
fb4b7b63-bbcf-4977-b0f1-253ec3712ed3,ADM Basketball Academy,basketball_court,"['life_coach', 'physical_therapy']",,,,,dallas,TX,Lewisville,75057,416 McKenzie St,33.0394012,-96.990794,meta,2025-06-02T07:00:00.000Z,0.9415384615384615,,,,False
b2014d67-5888-48c4-99fd-d7280def5818,ADM Performance,automotive_repair,"['automotive_dealer', 'automotive']",c1e407eb-547c-4ee4-bf46-4d94d1e95b18,,,,dallas,TX,Lewisville,75057,1491 N Kealy Ave,33.0605625,-96.9940409,meta,2025-06-02T07:00:00.000Z,0.9415384615384615,OpenStreetMap,2019-07-26T21:54:05.000Z,,False
72215e44-b6e3-4e95-864c-93e79f650169,Salt Lake City of Adm,public_service_and_government,"['public_and_government_association', 'lake']",,,,,salt-lake-city,UT,Salt Lake City,84101,325 W 800 S,40.7518535,-111.9009862,meta,2025-06-02T07:00:00.000Z,0.3376623376623376,,,,False
34bc7fd3-7c00-4520-b4ed-9f336991e869,ADM Productions,session_photography,"['dj_service', 'photo_booth_rental', 'videographer', 'wedding_planning', 'bridal_shop', 'retail']",1c79d379-f441-4f95-b2ad-682324a2876a,,residential,house,salt-lake-city,UT,Salt Lake City,84111,773 S 400 E,40.75234,-111.87933,Microsoft,2019-04-12T19:58:49.043Z,0.77,OpenStreetMap,2018-06-02T21:21:34.000Z,,False
34bc7fd3-7c00-4520-b4ed-9f336991e869,ADM Productions,session_photography,"['dj_service', 'photo_booth_rental', 'videographer', 'wedding_planning', 'bridal_shop', 'retail']",dbd6cbe7-d262-4222-a383-1aac668572a3,,residential,house,salt-lake-city,UT,Salt Lake City,84111,773 S 400 E,40.75234,-111.87933,Microsoft,2019-04-12T19:58:49.043Z,0.77,OpenStreetMap,2018-06-02T21:21:18.000Z,,False
6a8e1d65-639b-4469-a480-3a3bbc10da2b,ADM Productions,session_photography,"['dj_service', 'photo_booth_rental', 'videographer', 'wedding_planning', 'bridal_shop', 'retail']",1c79d379-f441-4f95-b2ad-682324a2876a,,residential,house,salt-lake-city,UT,Salt Lake City,84111,773 S 400 E,40.752349,-111.879188,Microsoft,2021-10-04T15:39:30.213Z,0.77,OpenStreetMap,2018-06-02T21:21:34.000Z,,False
6a8e1d65-639b-4469-a480-3a3bbc10da2b,ADM Productions,session_photography,"['dj_service', 'photo_booth_rental', 'videographer', 'wedding_planning', 'bridal_shop', 'retail']",dbd6cbe7-d262-4222-a383-1aac668572a3,,residential,house,salt-lake-city,UT,Salt Lake City,84111,773 S 400 E,40.752349,-111.879188,Microsoft,2021-10-04T15:39:30.213Z,0.77,OpenStreetMap,2018-06-02T21:21:18.000Z,,False
60012c7a-59a8-4e9b-bb73-ff9dd647936b,Veterans Benefits ADM,public_and_government_association,"['health_and_medical', 'public_service_and_government']",0cd4f87b-1c1c-481f-ba1f-f7f9df5d4eab,VBA,,,salt-lake-city,UT,Salt Lake City,84113,550 Foothill Blvd,40.756015,-111.835999,meta,2025-06-02T07:00:00.000Z,0.5662921348314607,OpenStreetMap,2023-09-21T02:46:19.000Z,,False
ad8e6571-e43f-4ee7-ab35-8fc3ea1baa57,ADM Photo & Video,professional_services,"['event_photography', 'event_planning']",1ff20abf-8b09-4b6f-bdea-df81973b0bcb,,,,cape-coral,FL,Fort Myers,33907,1400 Colonial Blvd,26.595469,-81.886486,meta,2025-06-02T07:00:00.000Z,0.5662921348314607,OpenStreetMap,2013-02-11T09:11:52.000Z,,False
88b1a7f2-0c19-4e59-813e-091eca272ef6,Adm Trucking,freight_and_cargo_service,['professional_services'],,,,,des-moines,IA,Des Moines,50313,1948 Hull Ave,41.6234436,-93.5862215,meta,2025-06-02T07:00:00.000Z,0.9459263554653524,,,,False
af84f7ff-f20e-4c0d-9659-f8d55fa0474b,ADM Windsor,commercial_industrial,"['agricultural_service', 'chemical_plant']",,,,,detroit,ON,Windsor,N9C 0B9,5550 Maplewood Dr,42.2643062,-83.0992393,meta,2025-06-02T07:00:00.000Z,0.9459263554653524,,,,False
dc6bf1f4-3bbd-470a-8bca-150c2bf559c6,ADM Financial Group,financial_service,"['mortgage_broker', 'real_estate']",14f0bc6a-a030-416a-b015-9628fed70f3e,,,,detroit,MI,Southfield,48076,19785 W 12 Mile Rd,42.5006276,-83.239844,meta,2025-06-02T07:00:00.000Z,0.9300613496932516,OpenStreetMap,2016-06-04T17:20:21.000Z,,False
95168a31-544a-4893-9460-00282a12c5c2,City of Warren Fire Adm,fire_department,"['fire_protection_service', 'public_service_and_government']",50d5fcbd-470b-4a81-90ff-81e830b12626,,,,detroit,MI,Warren,48089,23295 Schoenherr Rd,42.4665097,-82.986885,meta,2025-06-02T07:00:00.000Z,0.9459263554653524,Esri Community Maps,2024-10-15T00:00:00.000Z,,False
ea434fbc-3b97-41b2-85e7-d2aaf7bfe23f,Lakeview Public Schools Adm,school,"['public_and_government_association', 'middle_school']",3d38bcf3-382a-485e-bd75-5ea94939451d,,,,detroit,MI,St Clair Shores,48081,27900 Joan St,42.498101,-82.9118622,meta,2025-06-02T07:00:00.000Z,0.3961437335670464,Esri Community Maps,2024-10-15T00:00:00.000Z,,False
67fa8125-1a35-4863-92ed-903245ccb476,ADM Parham Pediatrics,pediatrician,"['doctor', 'health_and_medical']",b0488f5e-d04d-427a-a064-bda5b4ac714e,,,,richmond,VA,Henrico,23229,1770 N Parham Rd,37.6088649,-77.5650799,meta,2025-06-02T07:00:00.000Z,0.9784508333782836,OpenStreetMap,2019-07-28T15:31:29.000Z,,False
7ecf0cb4-d3c2-4bd1-82ea-129206abaebb,"Catherine V. Davis, MD, BC-ADM",internal_medicine,"['doctor', 'health_and_medical']",,,,,santa-rosa,CA,Santa Rosa,95405,1162 Montgomery Dr Ste 3,38.4430314,-122.7007707,Microsoft,2024-12-14T01:26:57.970Z,0.77,,,,False
97fefb24-de7a-4b7c-b586-7318d0a80fbe,ADM Corporation,professional_services,"['computer_store', 'industrial_equipment']",00a3fcf4-f6c4-4d55-ab30-c12fc8ebade9,ADM Corporation,industrial,industrial,new-york,NJ,Middlesex,8846,100 Lincoln Blvd,40.5622055,-74.5212123,meta,2025-06-02T07:00:00.000Z,0.9459263554653524,OpenStreetMap,2023-09-08T21:35:35.000Z,,True
b91731e9-e1d8-40c1-b79c-5cce92dc1e8c,ADM Wedaman Plumbing Heating & Cooling,hvac_services,,,,,,new-york,NJ,Maplewood,7040,87 Hudson Ave,40.7330134,-74.2539047,Microsoft,2015-10-31T11:11:09.257Z,0.77,,,,False
11aad0b2-54bc-4e56-a4cf-2c59d5210a28,ADM LIMOS,transportation,['travel'],40ff929b-969c-46cc-a76e-d6a1be44cd9e,,,,new-york,NY,Brooklyn,11234,2069 E 56th St,40.61259,-73.91923,meta,2025-06-02T07:00:00.000Z,0.242152466367713,OpenStreetMap,2013-12-04T21:45:47.000Z,,False
11aad0b2-54bc-4e56-a4cf-2c59d5210a28,ADM LIMOS,transportation,['travel'],bde1e0ff-a69f-4d84-b3be-8978d774792f,,,,new-york,NY,Brooklyn,11234,2069 E 56th St,40.61259,-73.91923,meta,2025-06-02T07:00:00.000Z,0.242152466367713,OpenStreetMap,2013-12-04T21:45:45.000Z,,False
11aad0b2-54bc-4e56-a4cf-2c59d5210a28,ADM LIMOS,transportation,['travel'],f402625c-1cec-4b68-8d1c-2dc09f4fea09,,,,new-york,NY,Brooklyn,11234,2069 E 56th St,40.61259,-73.91923,meta,2025-06-02T07:00:00.000Z,0.242152466367713,OpenStreetMap,2013-12-04T21:45:43.000Z,,False
7926c674-6e10-415d-a785-66d7dbafbd05,Child Welfare Adm,social_service_organizations,"['day_care_preschool', 'public_and_government_association']",b06fbed9-2d1b-4795-aa07-2b5bd515ebfa,,,,new-york,NY,Brooklyn,11208,2554 Linden Blvd,40.6675425,-73.8692489,meta,2025-06-02T07:00:00.000Z,0.9300613496932516,OpenStreetMap,2013-11-21T16:22:34.000Z,,False
1d9d1f17-e9b5-4b7c-bb62-36c064f26999,Adm Elshaddai,church_cathedral,"['religious_organization', 'evangelical_church']",f8544e20-11b8-4128-b757-bea5405d18e1,,,,new-york,NY,Astoria,11106,31-21 31st St,40.7636726,-73.9238516,meta,2025-06-02T07:00:00.000Z,0.5662921348314607,OpenStreetMap,2014-05-09T20:13:04.000Z,,False
1d9d1f17-e9b5-4b7c-bb62-36c064f26999,Adm Elshaddai,church_cathedral,"['religious_organization', 'evangelical_church']",50788e5e-333e-403f-9356-61d9a5005ad9,,,,new-york,NY,Astoria,11106,31-21 31st St,40.7636726,-73.9238516,meta,2025-06-02T07:00:00.000Z,0.5662921348314607,OpenStreetMap,2014-05-09T20:13:26.000Z,,False
1ee4bc3f-3f81-4466-87c9-87eef412ed05,ADM Talent,arts_and_entertainment,"['music_production', 'event_photography']",3302ab77-4817-431b-9f63-47605e4cecf7,,,,new-york,NY,Hempstead,11598,70 Brower Ave,40.6295456,-73.7039661,meta,2025-06-02T07:00:00.000Z,0.909823677581864,OpenStreetMap,2021-05-30T19:36:50.000Z,,False
cbe05644-9ee6-48a8-a7fb-0a1bf90eb721,ADM Landscape Corporation,landscaping,"['gardener', 'active_life']",b78948e2-8216-4f4a-a492-b0993a82df90,,,,new-york,NY,New York,11415,125-08 84th Rd,40.7080017,-73.8269656,meta,2025-06-02T07:00:00.000Z,0.9204819277108434,OpenStreetMap,2014-05-20T17:56:08.000Z,,False
eee2cbe7-9b97-4ced-b246-0f822f84e4a4,ADM Mechanical Service & Maintenance,contractor,"['hvac_services', 'water_heater_installation_repair']",2512a6aa-e10d-40d9-8c04-83ec43d13d41,,,,new-york,NY,Farmingdale,11735,640 Fulton St,40.7275553,-73.4463786,meta,2025-06-02T07:00:00.000Z,0.909823677581864,OpenStreetMap,2018-07-11T19:10:33.000Z,,False
4cbc8783-a37b-4231-a4bd-6374061cb750,ADM Tronics,chemical_plant,"['engineering_services', 'surgical_appliances_and_supplies']",e6fc1647-8687-49ac-a783-09c73ca89398,,,,new-york,NJ,Northvale,7647,224 Pegasus Ave,41.0133237,-73.9433892,meta,2025-06-02T07:00:00.000Z,0.5662921348314607,OpenStreetMap,2012-01-18T05:43:23.000Z,,False
bee62da6-62ff-403b-b5e3-efe7f8f697c3,ADM Productions Inc,broadcasting_media_production,['professional_services'],c5ba01d4-3ab8-4876-bbad-240868b1b606,,commercial,commercial,new-york,NY,Port Washington,11050,40 Seaview Blvd,40.8142913,-73.6606926,meta,2025-06-02T07:00:00.000Z,0.9459263554653524,OpenStreetMap,2021-05-30T19:33:46.000Z,,False
62684d84-354c-460d-9c58-4b4ed5e549d4,Asha By Adm,restaurant,"['fashion_accessories_store', 'jewelry_and_watches_manufacturer']",b33ed74f-6b9c-4673-9b36-c6df09f1139c,,,,new-york,CT,Greenwich,6830,409 Greenwich Ave,41.0220985,-73.6244119,meta,2025-06-02T07:00:00.000Z,0.9204819277108434,OpenStreetMap,2020-10-03T13:26:36.000Z,,False
a29cc8e3-290c-4366-bfc8-befd44ddcbdc,"Kristi R. Brown, ANP-C, BC-ADM",doctor,"['nurse_practitioner', 'health_and_medical']",7d6b59b5-460e-4662-bbb6-24a6e493655c,,commercial,office,indianapolis,IN,Indianapolis,46260,8424 Naab Rd 1B,39.9100845,-86.1995682,Microsoft,2025-05-05T02:05:21.310Z,0.77,OpenStreetMap,2022-12-14T07:04:49.000Z,,False
ebcce51d-27c2-49e0-b70b-0e6e5122f0b0,Adm Milling Co,agriculture,"['professional_services', 'agricultural_service']",,,,,indianapolis,IN,Beech Grove,46107,854 Bethel Ave,39.7325816,-86.0919342,meta,2025-06-02T07:00:00.000Z,0.9784508333782836,,,,False
b5d308e9-0965-47e3-bc2b-fb728a7e9548,ADM Investigations,private_investigation,,59b7b80c-fa0b-430f-9cea-15e5385fa0c2,,,,indianapolis,IN,Indianapolis,46219,338 S Arlington Ave Ste 150,39.7649536132813,-86.0646667480469,Microsoft,2012-07-07T00:38:58.250Z,0.77,OpenStreetMap,2022-12-20T00:07:32.000Z,,False
9a0d3edd-4c05-4332-9d31-cd7e4f43e416,Fort Wayne South Side Area Adm,education,"['community_services_non_profits', 'park']",c3cf75a5-7694-4df3-9820-6e28b8e0dd80,,,,fort-wayne,IN,Fort Wayne,46807,3601 S Calhoun St,41.0527258,-85.1358373,meta,2025-06-02T07:00:00.000Z,0.5662921348314607,OpenStreetMap,2023-09-30T01:48:08.000Z,,False
bd3f9827-dce6-4280-8ba1-4bc80a227a7a,ADM Endeavors,clothing_store,"['fashion', 'business_manufacturing_and_supply']",,,,,fort-worth,TX,Haltom City,76117,5941 Posey Ln,32.7908721,-97.2560645,meta,2025-06-02T07:00:00.000Z,0.8860580325548478,,,,False
c5fead57-bd0c-41ee-829f-029dddc6d14f,ADM Gun & Rifle Makers,gun_and_ammo,"['gunsmith', 'retail']",,,,,fort-worth,TX,Southlake,76092,500 N Kimball Ave 10,32.946854,-97.116714,Microsoft,2013-01-28T01:21:06.453Z,0.77,,,,False
b107e6bf-15e5-4ba9-802e-2f1dda864549,ADM Consulting,business_advertising,"['automotive_consultant', 'professional_services']",139e9a5a-eb75-4250-95fe-1840e70665c6,,,,las-vegas,NV,Las Vegas,89128,1901 Rio Canyon Ct,36.1959532,-115.2645482,meta,2025-06-02T07:00:00.000Z,0.3376623376623376,OpenStreetMap,2020-04-14T09:44:14.000Z,,False
aef72532-e579-4804-a3be-684454ab1517,City of Central Falls School ADM,school,"['public_and_government_association', 'community_services_non_profits']",,,,,providence,RI,Central Falls,2863,21 Hedley Ave,41.890138,-71.3934226,meta,2025-06-02T07:00:00.000Z,0.296943231441048,,,,False
af92cb68-c7e3-445a-99d0-3b07365d5972,ADM,accountant,"['professional_services', 'financial_service']",59785b79-b852-465d-a510-7c437d34aeef,,,,houston,TX,Houston,77074,8303 Southwest Fwy,29.68844,-95.52898,meta,2025-06-02T07:00:00.000Z,0.4929396662387676,OpenStreetMap,2017-09-05T01:00:16.000Z,,False
ed6c6ea8-73b8-404b-9829-807ea9567dbf,Adm Beauty Supply & Salon,beauty_product_supplier,"['business_equipment_and_supply', 'business_to_business', 'retail']",93419a25-490e-4ac7-8e0c-467a4de6bcb9,,,,houston,TX,Houston,77091,5405 T C Jester Blvd Ste k,29.8446019,-95.4590998,Microsoft,2025-05-24T09:21:24.127Z,0.77,OpenStreetMap,2017-03-06T06:51:42.000Z,,False
85ccfb6b-35ce-4a31-b4e1-8129f6d0c7a2,ADM Security Solutions,professional_services,,40ddf334-968c-4f8d-92cb-9e6603a2e1c5,,commercial,commercial,houston,TX,Houston,77098,3120 Southwest Fwy,29.7307608,-95.4260216,meta,2025-06-02T07:00:00.000Z,0.8860580325548478,OpenStreetMap,2018-12-02T08:24:03.000Z,,False
3f423c49-fa19-4538-afbd-5d86698ecdfa,ADM Chiropractic,chiropractor,"['medical_service_organizations', 'health_and_medical']",0d0dfb00-6b26-432f-b4e6-1f296104306a,,,,houston,TX,Houston,77029,11821 East Fwy,29.7743662,-95.2301251,meta,2025-06-02T07:00:00.000Z,0.5662921348314607,OpenStreetMap,2020-09-19T19:07:48.000Z,,False
83aca9ab-9b21-41b5-93ee-4e97de0a5af7,Acadian Humble Adm,ambulance_and_ems_services,"['transportation', 'public_service_and_government']",7ef2efb0-66f6-4891-a833-1ade21ee8aee,,,,houston,TX,Humble,77338,2022 Humble Place Dr,29.9976991,-95.2458132,meta,2025-06-02T07:00:00.000Z,0.9459263554653524,OpenStreetMap,2019-09-15T02:57:11.000Z,,False
c5fead57-bd0c-41ee-829f-029dddc6d14f,ADM Gun & Rifle Makers,gun_and_ammo,"['gunsmith', 'retail']",,,,,denton-lewisville,TX,Southlake,76092,500 N Kimball Ave 10,32.946854,-97.116714,Microsoft,2013-01-28T01:21:06.453Z,0.77,,,,False
fb4b7b63-bbcf-4977-b0f1-253ec3712ed3,ADM Basketball Academy,basketball_court,"['life_coach', 'physical_therapy']",,,,,denton-lewisville,TX,Lewisville,75057,416 McKenzie St,33.0394012,-96.990794,meta,2025-06-02T07:00:00.000Z,0.9415384615384615,,,,False
b2014d67-5888-48c4-99fd-d7280def5818,ADM Performance,automotive_repair,"['automotive_dealer', 'automotive']",c1e407eb-547c-4ee4-bf46-4d94d1e95b18,,,,denton-lewisville,TX,Lewisville,75057,1491 N Kealy Ave,33.0605625,-96.9940409,meta,2025-06-02T07:00:00.000Z,0.9415384615384615,OpenStreetMap,2019-07-26T21:54:05.000Z,,False
96ec9fe5-81a3-449d-a569-8bad319ad2d7,"Shana Cunningham, MLDE, MSN, RN, BC-ADM, CDE",endocrinologist,"['doctor', 'health_and_medical']",0c8e143a-d5d9-41e4-9585-802bc7e3e500,UKHealthCare,medical,,lexington-fayette,KY,Lexington,40504,2195 Harrodsburg Rd Ste 125,38.025677,-84.540648,Microsoft,2022-04-18T16:05:18.657Z,0.77,OpenStreetMap,2025-01-01T19:04:12.000Z,,False
dd4a1d4a-039d-4730-9529-107956b14c51,"Kathryn R. Martin, AGNP-C, BC-ADM",pediatric_endocrinology,"['endocrinologist', 'pediatrician', 'doctor', 'nurse_practitioner', 'health_and_medical']",41ff6574-fc1a-4063-84d8-855c006a7bcf,Pineville Medical Plaza I,medical,,charlotte,NC,Charlotte,28210,10650 Park Rd Ste 330,35.0906343,-80.8712297,Microsoft,2025-05-03T08:34:20.400Z,0.77,OpenStreetMap,2024-07-28T01:55:53.000Z,,False
157411f1-c562-4721-8723-3c193e37694d,Dr. ADM Properties,real_estate,['real_estate_agent'],bac24a45-b3bb-4f22-90c4-77096b5dfa1c,,commercial,commercial,charlotte,NC,Charlotte,28277,3430 Toringdon Way,35.06788,-80.84207,meta,2025-06-02T07:00:00.000Z,0.242152466367713,OpenStreetMap,2023-08-02T16:35:16.000Z,,False
dfc5386d-1549-44e2-95b9-028904675104,Adm Trucking,freight_and_cargo_service,"['transportation', 'auto_company']",,,,,charlotte,NC,Charlotte,28202,620 W 10th St,35.2366304,-80.8417658,meta,2025-06-02T07:00:00.000Z,0.9459263554653524,,,,False
be25ee3c-f465-4164-941a-fb14f9f32c58,ADM Milling Co,business_manufacturing_and_supply,['eat_and_drink'],3802efab-4660-4316-a175-62300617d87d,,industrial,industrial,charlotte,NC,Charlotte,28202,620 W 10th St,35.2369827,-80.8419441,meta,2025-06-02T07:00:00.000Z,0.9415384615384615,OpenStreetMap,2016-01-27T20:05:06.000Z,,False
7b4737ae-be6f-454c-b0df-5dbcd1c540a9,ADM Works,engineering_services,"['commercial_industrial', 'laboratory_testing']",a2ff9cab-d929-4e83-9509-54b3b8cd0e95,,commercial,commercial,los-angeles,CA,Santa Ana,92705,1343 E Wilshire Ave,33.7291781,-117.8528268,meta,2025-06-02T07:00:00.000Z,0.9459263554653524,OpenStreetMap,2024-05-30T20:56:48.000Z,,False
bdeced2b-233e-4c97-9e38-15de6458b192,ADM Bathroom,home_improvement_store,"['contractor', 'interior_design']",ced02e64-db8a-4887-972d-5b66403ebf90,,commercial,warehouse,los-angeles,CA,Vernon,90058,3340 Leonis Blvd,34.0001514,-118.2070161,meta,2025-06-02T07:00:00.000Z,0.909823677581864,OpenStreetMap,2016-06-23T14:52:25.000Z,,False
c8ed3127-dc7e-437f-aae1-3cd62f140ada,ADM Flooring,carpet_store,"['contractor', 'interior_design']",ced02e64-db8a-4887-972d-5b66403ebf90,,commercial,warehouse,los-angeles,CA,Vernon,90058,3340 Leonis Blvd,34.0001533,-118.2070103,meta,2025-06-02T07:00:00.000Z,0.9879256218304756,OpenStreetMap,2016-06-23T14:52:25.000Z,,False
198a9259-19c9-4872-a6d7-1ea9961f02ca,ADM Distribution,food_beverage_service_distribution,"['real_estate', 'eat_and_drink']",,,,,los-angeles,CA,Los Angeles,90023,3691 Noakes St,34.014512,-118.1968611,meta,2025-06-02T07:00:00.000Z,0.909823677581864,,,,False
93cc9908-5aca-420b-8b4d-8d92fd930d01,LAVC Bus Adm Dept,college_university,"['school', 'campus_building']",67a4b0ba-13f9-4f1e-9e6d-dc4d38132536,,education,school,los-angeles,CA,Van Nuys,91401,5800 Fulton Ave,34.175504,-118.420235,meta,2025-06-02T07:00:00.000Z,0.4929396662387676,OpenStreetMap,2021-02-23T07:14:55.000Z,,False
93cc9908-5aca-420b-8b4d-8d92fd930d01,LAVC Bus Adm Dept,college_university,"['school', 'campus_building']",41219c0c-578a-4fd3-8a47-2ee8d933c7b3,Campus Center,,,los-angeles,CA,Van Nuys,91401,5800 Fulton Ave,34.175504,-118.420235,meta,2025-06-02T07:00:00.000Z,0.4929396662387676,OpenStreetMap,2021-02-23T07:14:55.000Z,,False
08e0916b-7b74-4b2e-a599-d61236b19dfd,ADM Columbus,business,"['freight_and_cargo_service', 'commercial_industrial']",,,,,columbus-ohio,OH,Columbus,43232,4260 Groves Rd,39.933216,-82.8838554,meta,2025-06-02T07:00:00.000Z,0.9784508333782836,,,,False
92f765c8-a325-4a03-adcb-885b5b7a02f0,Archer Daniels Midland/Countrymark grain elevator,agricultural_service,"['farm', 'commercial_industrial']",ecc09365-ff3c-4717-ac7f-1421b6cea4dc,,industrial,industrial,columbus-ohio,OH,Columbus,43205,1855 E Main St,39.956698,-82.949084,meta,2025-06-02T07:00:00.000Z,0.242152466367713,OpenStreetMap,2021-05-06T10:04:06.000Z,,False
e8b6c52e-79eb-47a2-b9dc-f246d4815f97,ADM,agriculture,"['agricultural_service', 'professional_services']",170b1427-8b29-4671-b264-9ee64ce7b2b6,,,,corpus-christi,TX,Corpus Christi,78402,2122 E Navigation Blvd,27.819335,-97.4222174,meta,2025-06-02T07:00:00.000Z,0.9297091412742382,OpenStreetMap,2011-02-02T14:38:55.000Z,,False
e0c6b4a9-adcb-46f7-9f45-91da8afe3938,ADM Grain Elevator,freight_and_cargo_service,['transportation'],,,,,corpus-christi,TX,Corpus Christi,78402,2455 Vassar Rd,27.8184205,-97.420954,meta,2025-06-02T07:00:00.000Z,0.4929396662387676,,,,False
651dc1bb-a370-498b-ac4c-a91bb0729a1c,Maryland State Hwy Adm,public_and_government_association,"['central_government_office', 'contractor']",f76025fa-0d43-4443-8a50-7c7981989d84,Office of Maintenance,commercial,commercial,baltimore,MD,Hanover,21076,7450 Traffic Dr,39.1601269,-76.6799097,meta,2025-06-02T07:00:00.000Z,0.5662921348314607,OpenStreetMap,2023-05-02T18:57:01.000Z,,False
fb7173cb-d7bb-4ada-964d-da44fdc5b032,ADM Corn Sweeteners,grocery_store,"['home_improvement_store', 'construction_services']",,,,,denver,CO,Denver,80223,111 S Navajo St,39.7143829,-105.0040872,meta,2025-06-02T07:00:00.000Z,0.9415384615384615,,,,False
b982868c-ea96-4aa5-a2f7-92eec5049f9e,Archer Daniels Midland Office,professional_services,"['financial_service', 'pub']",de0ed264-21e3-4a11-9d12-bdcd2b74bd2d,,commercial,office,kansas-city,KS,Overland Park,66210,8000 W 110th St,38.929888,-94.67783,meta,2025-06-02T07:00:00.000Z,0.4929396662387676,OpenStreetMap,2024-10-08T00:32:51.000Z,,True
5f4a3f4b-5d81-43a1-95dc-870854b1496e,US Federal Aviation Adm,public_and_government_association,"['community_services_non_profits', 'banks']",,,,,kansas-city,MO,Kansas City,64106,601 E 12th St,39.0994257,-94.5757273,meta,2025-06-02T07:00:00.000Z,0.9415384615384615,,,,False
4044eb6d-3bed-40e5-92d5-a21b6557babc,ADM Grain,agriculture,"['logging_services', 'agricultural_service']",,,,,cincinnati,KY,Silver Grove,41059,5321 Mary Ingles Hwy,39.0382639,-84.3788182,meta,2025-06-02T07:00:00.000Z,0.7548172757475083,,,,False
6c11630a-bd5a-4c49-b26b-b8c051ebdc35,Archer Daniels Midland Co,contractor,['eat_and_drink'],c96f93be-0b66-4509-a01d-4765fdfdc224,,,,birmingham,AL,Birmingham,35222,3701 1st Ave N,33.5248453,-86.7814573,meta,2025-06-02T07:00:00.000Z,0.909823677581864,Microsoft ML Buildings,2021-03-08T00:00:00.000Z,,False
f66bad24-6870-4f32-bb8c-c54ff0941c00,Mayport Ns (Adm David L. Mcdonald Field) Airport,airport,"['fast_food_restaurant', 'travel']",,,,,jacksonville-florida,FL,Jacksonville,,,30.3910999,-81.4246979,meta,2025-06-02T07:00:00.000Z,0.3376623376623376,,,,False
fe8cd906-faa5-4d00-b71e-2d81c3e9d82e,ADM Associates,professional_services,"['hospital', 'employment_agencies']",dd5828de-0614-4e32-addc-d6406a1765a0,,residential,house,atlanta,GA,Atlanta,30309,960 Piedmont Ave NE,33.7809146,-84.3809403,meta,2025-06-02T07:00:00.000Z,0.9300613496932516,OpenStreetMap,2014-03-28T13:43:39.000Z,,False
2c4f26f4-c673-4b2c-92e2-c5209d364ec7,ADM Church,church_cathedral,['religious_organization'],67970b9a-3bef-4cbd-89be-e336461dc096,,,,atlanta,GA,Marietta,30008,35 Leader Rd SE,33.926165,-84.553761,meta,2025-06-02T07:00:00.000Z,0.5662921348314607,OpenStreetMap,2025-04-01T21:48:34.000Z,,False
e7ab5083-a9f7-4f7a-b879-166075ee0477,ADM Deerland Probiotics and Enzymes,biotechnology_company,"['vitamins_and_supplements', 'naturopathic_holistic']",f3fc1700-6a48-49b1-9590-5b461ced33f6,,commercial,warehouse,atlanta,GA,Kennesaw,30152,3800 Cobb International Blvd NW,33.999304,-84.6115721,meta,2025-06-02T07:00:00.000Z,0.9297091412742382,OpenStreetMap,2024-07-31T19:06:45.000Z,,False
5002987d-5dd8-4d90-8f8d-55849b153ffc,"ADM Rolloff, LLC",dumpster_rentals,"['garbage_collection_service', 'utility_service', 'junk_removal_and_hauling']",ef109535-381f-4a93-9a78-e351f63dda3b,,,,atlanta,GA,Atlanta,30307,122 Mayson Ave NE,33.7569088,-84.33877819,Microsoft,2022-12-09T00:01:15.063Z,0.77,OpenStreetMap,2014-04-01T13:26:23.000Z,,False
362c7ef4-bfee-4ea2-ad1b-d069d174e057,ADM Waste,dumpster_rentals,"['garbage_collection_service', 'utility_service', 'junk_removal_and_hauling']",ef109535-381f-4a93-9a78-e351f63dda3b,,,,atlanta,GA,Atlanta,30307,122 Mayson Ave NE,33.7569088,-84.33877819,Microsoft,2025-04-25T12:55:32.957Z,0.77,OpenStreetMap,2014-04-01T13:26:23.000Z,,False
d250e46e-4d7e-4a4e-89d3-102ca79a4941,Oklahoma St Board-Exam Ltc Adm,public_and_government_association,"['community_services_non_profits', 'public_service_and_government']",,,,,oklahoma-city,OK,Oklahoma City,73107,2401 NW 23rd St,35.4936652,-97.5545378,meta,2025-06-02T07:00:00.000Z,0.3961437335670464,,,,False
d262f2da-04bb-4f35-a306-bedf6e1e6f2e,ADM Milling,business_manufacturing_and_supply,"['freight_and_cargo_service', 'industrial_company']",e540fba7-bc4d-4eef-92a5-754760a449af,,industrial,industrial,buffalo,NY,Buffalo,14203,250 Ganson St,42.8658675,-78.8723781,meta,2025-06-02T07:00:00.000Z,0.9784508333782836,OpenStreetMap,2024-08-13T02:59:54.000Z,,False
e9ece8e6-4057-407b-a69f-7151388f7fa1,Elementary School District Adm,elementary_school,"['public_school', 'day_care_preschool']",,,,,chicago,IL,Burr Ridge,60527,6010 S Elm St,41.780479,-87.921683,meta,2025-06-02T07:00:00.000Z,0.5662921348314607,,,,False
6e8638a0-f9be-4ad0-a975-19d4d35f7994,ADM Global,freight_and_cargo_service,"['transportation', 'professional_services']",c32b5125-212e-438b-b2dd-f96b9fc139d4,,industrial,industrial,chicago,IL,Wood Dale,60191,1365 N Wood Dale Rd,41.9891424,-87.9782472,meta,2025-06-02T07:00:00.000Z,0.9459263554653524,OpenStreetMap,2015-12-10T06:52:25.000Z,,False
2b136728-89b8-413d-b114-96586fcaca0e,ADM Investor Services,financial_service,"['financial_advising', 'agricultural_service']",a03aab39-b4fd-4ae3-b298-a3bdebb14708,Chicago Board of Trade Building,commercial,office,chicago,IL,Chicago,60604,141 W Jackson Blvd,41.8779366,-87.6322449,meta,2025-06-02T07:00:00.000Z,0.9459263554653524,OpenStreetMap,2025-01-13T20:34:33.000Z,,False
20ac4d1c-1a1b-4528-a976-82800472f42c,Adm Milling Co,commercial_industrial,"['industrial_company', 'professional_services']",,,,,chicago,IL,Chicago,60607,1300 W Carroll Ave,41.88795,-87.659752,meta,2025-06-02T07:00:00.000Z,0.5662921348314607,,,,False
7508f132-6753-4a60-bd05-8b5817318cec,ADM Diagnostics,medical_research_and_development,['doctor'],,,,,chicago,IL,Northbrook,60062,555 Skokie Blvd,42.1422495,-87.7940503,meta,2025-06-02T07:00:00.000Z,0.909823677581864,,,,False
3fa134b2-7d51-4b43-8e72-e97d44acfbe4,ADM Garage Doors,garage_door_service,"['contractor', 'construction_services']",dc84ee1d-d511-44ab-8a53-89a3f3a933e3,,residential,residential,sacramento,CA,Folsom,95630,138 McFarland Dr,38.680108,-121.1432742,meta,2025-06-02T07:00:00.000Z,0.9297091412742382,OpenStreetMap,2016-04-21T14:30:28.000Z,,False
a1923ce3-36a5-4a67-9ac6-e66bd35b83ca,ADM Calvário Church,religious_organization,,dfd4ba12-c004-4eba-84d3-45aaad8859a7,,,,miami,FL,Deerfield Beach,,,26.31983,-80.09647,meta,2025-06-02T07:00:00.000Z,0.3961437335670464,OpenStreetMap,2022-05-31T01:32:17.000Z,,False
ced747ed-eeba-4651-ab1b-e3e769b842aa,Delaware Turnpike Adm,professional_services,"['business', 'shopping']",698675f9-b9b3-47d2-b83f-370bf4750c5f,,,,philadelphia,DE,Newark,19702,1200 Whittaker Rd,39.644572,-75.764033,meta,2025-06-02T07:00:00.000Z,0.4929396662387676,OpenStreetMap,2010-11-25T16:29:31.000Z,,False
7bf87f87-cb85-41dd-9ba5-0d1fd34da7d8,ADM Gallery and Studio,art_gallery,"['art_school', 'arts_and_entertainment']",9868bc30-d192-40c7-9a5a-db6c36b6bb39,,commercial,retail,philadelphia,PA,Newtown Square,19073,3719 W Chester Pike,39.9869143,-75.4018755,meta,2025-06-02T07:00:00.000Z,0.9784508333782836,OpenStreetMap,2023-07-05T21:32:06.000Z,,False
7bf87f87-cb85-41dd-9ba5-0d1fd34da7d8,ADM Gallery and Studio,art_gallery,"['art_school', 'arts_and_entertainment']",0cc6002b-f6d3-4205-8ca8-a286be0287a0,,commercial,retail,philadelphia,PA,Newtown Square,19073,3719 W Chester Pike,39.9869143,-75.4018755,meta,2025-06-02T07:00:00.000Z,0.9784508333782836,OpenStreetMap,2023-07-05T21:32:06.000Z,,False
6b5cec82-c87b-4ce1-8711-8c0bcccfac69,Us Economic Development Adm,public_and_government_association,"['community_services_non_profits', 'public_service_and_government']",c1962f04-e696-471f-880f-92f76c0c7a19,The Curtis Center,commercial,commercial,philadelphia,PA,Philadelphia,19106,601 Walnut St,39.948214,-75.151952,meta,2025-06-02T07:00:00.000Z,0.242152466367713,OpenStreetMap,2021-07-24T23:02:57.000Z,,False
bd42f83d-decd-4cac-af73-294cb29f4b15,Mount Laurel Public Schools Board of Education ADM,public_and_government_association,"['school', 'social_service_organizations']",6cfac122-3ed9-481a-b540-dc51c73f5a14,Parkway Elementary School,education,school,philadelphia,NJ,Mt Laurel,8054,142 Ramblewood Pkwy,39.929635,-74.944669,meta,2025-06-02T07:00:00.000Z,0.5662921348314607,OpenStreetMap,2013-03-26T20:10:53.000Z,,False
1e88b09e-1e26-4c46-aefb-0acd87b0153b,County of Summit ADM Board,counseling_and_mental_health,"['abuse_and_addiction_treatment', 'public_and_government_association']",7fbce56d-b924-4cc1-b013-1b5dcc6738ac,,,,akron,OH,Akron,44313,1867 W Market St,41.1142015,-81.5739361,meta,2025-06-02T07:00:00.000Z,0.9879256218304756,OpenStreetMap,2018-10-10T14:42:02.000Z,,False
bd070e81-c76c-499c-bad1-4f349d4d7f3a,ADM Crisis Center,social_service_organizations,"['alcohol_and_drug_treatment_centers', 'public_service_and_government']",5718f40d-8e81-49d3-b757-f82bc2110009,,,,akron,OH,Akron,44310,15 Frederick Ave,41.0981361,-81.5159262,meta,2025-06-02T07:00:00.000Z,0.9415384615384615,Microsoft ML Buildings,2020-09-21T00:00:00.000Z,,False
1ba4d112-3ecf-4ce4-bcc4-ab8a9027e195,ADM Milling Company,agricultural_service,"['professional_services', 'real_estate']",,,,,harrisburg,PA,Camp Hill,17011,817 Spangler Rd,40.2323024,-76.9259486,meta,2025-06-02T07:00:00.000Z,0.5662921348314607,,,,True
f618791a-0689-4b4a-a7bc-426a06c8c70d,ADM Elshaddai Albany,transportation,"['evangelical_church', 'church_cathedral']",494168d2-5af3-433b-9225-8b4a8479acb0,,,,albany,NY,Albany,12205,1520 Central Ave,42.71278,-73.82833,meta,2025-06-02T07:00:00.000Z,0.5662921348314607,OpenStreetMap,2024-12-31T05:11:41.000Z,,False
73304146-7d05-471d-a089-eca3db67df69,Adm Milling Co Mix Div,bakery,['restaurant'],389de27d-1a31-4711-b711-a04502c296b0,ADM Mix Plant,industrial,industrial,spokane,WA,Spokane,99202,1131 E Sprague Ave,47.657755,-117.393087,meta,2025-06-02T07:00:00.000Z,0.4929396662387676,OpenStreetMap,2024-06-14T19:58:23.000Z,,False
20f40f04-f10c-48e1-9b85-48b6e8e0d4b8,ADM Ottawa Lake,agriculture,"['professional_services', 'transportation']",91fb5fca-f7af-4b8d-aaf7-148c6072afaf,,,,toledo,MI,Whiteford Twp,49267,6801 Memorial Hwy,41.7357484,-83.7217535,meta,2025-06-02T07:00:00.000Z,0.9415384615384615,Esri Community Maps,2024-10-15T00:00:00.000Z,,False
be8b6408-8ec9-416e-a7eb-5dc24dd6db66,ADM Toledo,agriculture,['agricultural_service'],42d02751-de0f-4bc4-9562-e00a42e77ed0,,,,toledo,OH,Toledo,43605,1229 Yondota St,41.6271801,-83.5284657,meta,2025-06-02T07:00:00.000Z,0.4929396662387676,OpenStreetMap,2025-03-13T23:13:03.000Z,,False
be8b6408-8ec9-416e-a7eb-5dc24dd6db66,ADM Toledo,agriculture,['agricultural_service'],7de6d7c4-57e4-410b-8f8b-eb9ed4029dd8,,,,toledo,OH,Toledo,43605,1229 Yondota St,41.6271801,-83.5284657,meta,2025-06-02T07:00:00.000Z,0.4929396662387676,OpenStreetMap,2025-03-13T23:13:03.000Z,,False
55aa9850-13a7-408a-aaa9-cad0d2cb3dbc,"Valley Diabetes & Obesity: Gopika Gangupantula, MD, DABOM, FAAFP, BC-ADM, CDCES",doctor,['health_and_medical'],3e551e32-c34e-4326-a773-e2d306ec64a3,,,,modesto,CA,Modesto,95355,1213 Coffee Rd Ste D,37.66061,-120.97705,Microsoft,2025-05-24T07:28:18.753Z,0.77,Microsoft ML Buildings,2022-05-30T00:00:00.000Z,,False
1021b6ec-7243-4a8d-a072-918ac96c43d4,Coronado Happenings Adm,flowers_and_gifts_shop,"['shopping', 'souvenir_shop']",bff94afa-e2f4-4ed8-8648-32a94414876a,,,,san-diego,CA,Coronado,92118,1007 Orange Ave,32.68543,-117.17957,meta,2025-06-02T07:00:00.000Z,0.3961437335670464,OpenStreetMap,2024-08-16T23:35:02.000Z,,False
a7576d4c-7532-47ca-865c-945298c69495,Issste Sub Delegacion Adm,hospital,"['health_and_medical', 'public_and_government_association']",4753b126-3ff0-4ed5-96cf-ea223f807eae,,residential,residential,san-diego,,Tijuana,22435,Calle Ricardo Castro 3,32.5468566,-116.9352354,meta,2025-06-02T07:00:00.000Z,0.9300613496932516,OpenStreetMap,2022-03-28T20:32:44.000Z,,False
cefbaa65-f77a-41d7-a948-058a3d632763,ADM Contractors,contractor,"['construction_services', 'roofing']",887dc08f-3a09-45d6-a6f6-96c86ac5356c,AccuTrans Group,,,milwaukee,WI,Milwaukee,53207,6134 S Howell Ave,42.9330413,-87.909488,meta,2025-06-02T07:00:00.000Z,0.672566371681416,OpenStreetMap,2017-12-12T19:07:02.000Z,,False
e60d7880-8781-4255-bdaf-8dbd7ee74058,Adm Cocoa,candy_store,"['chocolatier', 'desserts']",9c6e1950-7dde-494a-9269-182b03282629,,,,milwaukee,WI,Milwaukee,53225,12500 W Carmen Ave,43.123665,-88.067303,meta,2025-06-02T07:00:00.000Z,0.3961437335670464,OpenStreetMap,2022-01-03T20:20:49.000Z,,False
84c402c9-2980-4f99-9622-9f9d463a2278,ADM Title Services LLC,lawyer,"['real_estate', 'real_estate_agent']",a02ed0aa-ada7-413c-8da9-c1c7b7c360bf,,,,huntsville,AL,Huntsville,35801,3330 L and N Dr SW,34.6995825,-86.5833949,meta,2025-06-02T07:00:00.000Z,0.9784508333782836,OpenStreetMap,2016-03-23T18:19:50.000Z,,False
9e74b43c-4916-4ac4-bb5d-7f4f3dee22fe,ADM Sneezeguards,industrial_equipment,"['restaurant_equipment_and_supply', 'professional_services']",,,,,antioch,CA,Antioch,94509,2300 Wilbur Ave,38.01219,-121.7752447,meta,2025-06-02T07:00:00.000Z,0.8860580325548478,,,,False
342d8f23-ca3c-4dfe-a00c-237aaf8112d4,ADM Architecture,architectural_designer,,6904fad8-9a90-4f43-a892-8a9391da08fb,,,,seattle,WA,Poulsbo,98370,5819 NE Minder Rd,47.8034526,-122.5693763,meta,2025-06-02T07:00:00.000Z,0.9297091412742382,Microsoft ML Buildings,2021-11-29T00:00:00.000Z,,False
1037b133-2e04-4f61-a1c3-68e498284e9c,Adm Auto Sales,used_car_dealer,['car_dealer'],,,,,seattle,WA,Seattle,98115,9406 Lake City Way NE,47.6969501,-122.3055593,meta,2025-06-02T07:00:00.000Z,0.909823677581864,,,,False
79509be2-338b-40c1-a970-e5aea2925f67,Adm Milling Company,industrial_equipment,"['grocery_store', 'hardware_store']",f7e572e6-117e-45f1-86b9-34a890e2b8f0,,,,minneapolis,MN,Minneapolis,55406,3745 Hiawatha Ave,44.934975,-93.228463,meta,2025-06-02T07:00:00.000Z,0.296943231441048,OpenStreetMap,2019-12-08T02:22:37.000Z,,False
1754eb00-397b-447e-93b7-c0b7f93ce488,ADM Signs,sign_making,"['printing_services', 'business_advertising']",e4dc6672-8f33-4c6c-94c0-8ae616dc26ba,,,,pittsburgh,PA,Pittsburgh,15201,3414 Charlotte St,40.4633744,-79.9677098,meta,2025-06-02T07:00:00.000Z,0.9784508333782836,OpenStreetMap,2024-06-04T18:55:29.000Z,,False
9ba50644-24da-42a3-b11e-24a9ed6aad8b,Adm Trucking,freight_and_cargo_service,"['professional_services', 'grocery_store']",288abad7-febe-40f9-9e40-baeffe5129ad,Chattanooga Times Free Press,,,chattanooga,TN,Chattanooga,37403,1120 King St,35.0417188,-85.3062864,meta,2025-06-02T07:00:00.000Z,0.9459263554653524,OpenStreetMap,2024-03-04T04:28:35.000Z,,False
9e1a61e5-b367-45b5-bbc9-8f5f8671b2ed,Adm Trucking,freight_and_cargo_service,"['professional_services', 'travel']",77285c49-986a-4188-9898-838243c59257,,,,chattanooga,TN,Chattanooga,37406,1121 Judd Rd,35.0852266,-85.2651665,meta,2025-06-02T07:00:00.000Z,0.9459263554653524,OpenStreetMap,2017-07-16T00:19:21.000Z,,False
ec3fdd1f-c748-411a-b200-c721bc932dfe,Adm,professional_services,"['eat_and_drink', 'bar']",2cb6c177-ad0a-4a23-a887-97e3e7cea405,,service,storage_tank,chattanooga,TN,Chattanooga,37416,4320 Jersey Pike,35.070571,-85.19153,meta,2025-06-02T07:00:00.000Z,0.296943231441048,OpenStreetMap,2022-03-29T17:01:21.000Z,,False
40c7fd34-eb41-4bf8-8612-e23578980e72,Adm Deli,delicatessen,"['restaurant', 'convenience_store']",,,,,cleveland,OH,Cleveland,44120,3868 E 131st St,41.4533199,-81.5915444,meta,2025-06-02T07:00:00.000Z,0.9784508333782836,,,,False
fd2aaba3-d974-4ca4-8f8a-20faf9cb0e0b,Adm Grain,agriculture,"['storage_facility', 'agricultural_service']",,,,,st-louis,IL,East St Louis,62201,10 Pitzman Ave,38.60199,-90.17998,meta,2025-06-02T07:00:00.000Z,0.5662921348314607,,,,False
f402ec87-bd93-4bdf-bda2-f2d3a12defd7,Adm Milling Co,shopping,"['eat_and_drink', 'grocery_store']",060379d5-30df-470d-b84e-98c24a57a389,,,,st-louis,MO,St Louis,63115,5020 Shreve Ave,38.6836082,-90.2380829,meta,2025-06-02T07:00:00.000Z,0.9784508333782836,Microsoft ML Buildings,2022-08-25T00:00:00.000Z,,False
8bb9b95a-f603-42ef-a004-bcab4aaa6eb0,Palm Island Resort Adm,attractions_and_activities,"['park', 'hotel']",,,,,sarasota-bradenton,FL,Englewood,34224,7075 Placida Rd,26.8710154,-82.3089713,meta,2025-06-02T07:00:00.000Z,0.9784508333782836,,,,False
fbb2b254-efe7-4a11-9a73-a745827bddb6,ADM Tree Services & Landscaping,tree_services,"['landscaping', 'gardener']",,,,,washington-dc,VA,Sterling,20166,43743 Beaver Meadow Rd,38.966518,-77.488752,meta,2025-06-02T07:00:00.000Z,0.3376623376623376,,,,False
8da3e94c-2b3d-4f64-9cf6-e9b35245f0b5,Osceola City Court Adm,central_government_office,"['professional_services', 'public_service_and_government']",9b78e216-808a-4238-9a20-a15af13e7ea0,,,,kissimmee,FL,Kissimmee,34744,717 Barn St,28.335069,-81.397493,meta,2025-06-02T07:00:00.000Z,0.296943231441048,OpenStreetMap,2021-04-17T15:55:25.000Z,,False
5f98aeeb-b20f-4166-8025-79dc21192173,ADM Two,sign_making,"['advertising_agency', 'printing_services']",,,,,tampa,FL,Tampa,33634,5690 W Crenshaw St,28.0148921,-82.5403681,meta,2025-06-02T07:00:00.000Z,0.9784508333782836,,,,False
df967433-e17d-4d35-9cbf-ad3885e19e9b,Adm 2 Exhibits & Displays Inc,advertising_agency,['sign_making'],,,,,tampa,FL,Tampa,33634,5690 W Crenshaw St,28.0150976,-82.5404019,Microsoft,2025-04-20T07:51:36.183Z,0.77,,,,False
e7cd9c4b-2874-4e0a-b265-58716077d489,Laveen Elementary School Dist No 59 District ADM Office,elementary_school,"['public_school', 'school']",4515020e-164a-49a3-a071-73b2d9bc3bf6,,,,phoenix,AZ,Laveen,85339,9401 S 51st Ave,33.3623058,-112.1672604,meta,2025-06-02T07:00:00.000Z,0.5662921348314607,OpenStreetMap,2024-04-02T22:07:55.000Z,,True
c048f9f9-d715-4f3c-a961-0a3a18f07f8d,"Marilyn Koller APRN, BC-ADM, CDE: Diabetes, Banner Health",hospital,"['medical_center', 'health_and_medical']",a660fcd2-de2b-445d-8b62-8bcfba975b36,Banner Health Center - C,commercial,commercial,phoenix,AZ,Sun City West,85375,14416 W Meeker Blvd Ste 201,33.6601943,-112.3693691,Microsoft,2015-11-16T21:40:26.543Z,0.77,OpenStreetMap,2024-05-30T22:46:15.000Z,,False
10b0bff3-8f55-4d15-8644-499e4f640034,"ADM Group, Inc.",architectural_designer,"['interior_design', 'professional_services']",15a45759-ea9b-4757-b375-87c98af305d9,"ADM Group, Inc.",,,phoenix,AZ,Tempe,85281,2100 W 15th St,33.4124387,-111.9723395,meta,2025-06-02T07:00:00.000Z,0.9784508333782836,OpenStreetMap,2024-05-28T02:39:44.000Z,,False
