id_left,primary_name_left,primary_category,alternate_category,id_right,primary_name_right,subtype,class,source_city,region,locality,zipcode,address,latitude,longitude,plc_source_dataset,plc_source_update_time,plc_source_confidence,bldg_dataset,bldg_update_time,bldg_confidence,is_office_by_pipeline
7041c3ab-bb1a-451b-a781-1315b374cad1,"Caterpillar, Aurora",industrial_equipment,"['commercial_industrial', 'freight_and_cargo_service']",,,,,chicago,IL,Montgomery,60538.0,325 S Route 31,41.7168727,-88.3620836,meta,2025-06-02T07:00:00.000Z,0.9459263554653524,,,,False
1de26765-5a19-4ec5-9b75-565304d2171a,Caterpillar,industrial_equipment,"['professional_services', 'engineering_services']",4abf07d4-19b1-47a6-9e82-38e2ca513586,,commercial,warehouse,chicago,IL,Joliet,60436.0,2200 Channahon Rd,41.489225,-88.134282,meta,2025-06-02T07:00:00.000Z,0.3961437335670464,OpenStreetMap,2018-11-19T21:52:12.000Z,,False
897565e8-12ef-489a-841c-04f7f0beb6fe,Caterpillar Cove Inc,day_care_preschool,"['home_service', 'education']",2fe2c964-38a6-4f93-aa4d-8ba2d37bb6bc,,,,chicago,IL,Chicago,60639.0,2220 N Kostner Ave,41.9214067,-87.7366364,meta,2025-06-02T07:00:00.000Z,0.9784508333782836,OpenStreetMap,2012-05-06T14:17:18.000Z,,False
897565e8-12ef-489a-841c-04f7f0beb6fe,Caterpillar Cove Inc,day_care_preschool,"['home_service', 'education']",e38f374a-22cf-444b-a46d-5123704cd046,,,,chicago,IL,Chicago,60639.0,2220 N Kostner Ave,41.9214067,-87.7366364,meta,2025-06-02T07:00:00.000Z,0.9784508333782836,OpenStreetMap,2012-05-06T14:17:37.000Z,,False
d8f94af1-e389-4801-8b56-666766f7dfdf,Caterpillar Care,day_care_preschool,"['home_service', 'preschool']",589a6943-d0bb-4e06-b3b0-cdbfa6cec565,,,,chicago,IL,Chicago,60622.0,1701 W Chicago Ave,41.8959399,-87.6699239,meta,2025-06-02T07:00:00.000Z,0.9879256218304756,OpenStreetMap,2025-04-30T12:43:02.000Z,,False
d8f94af1-e389-4801-8b56-666766f7dfdf,Caterpillar Care,day_care_preschool,"['home_service', 'preschool']",53e073cd-3652-4418-ac49-91ad5c7de01d,,residential,apartments,chicago,IL,Chicago,60622.0,1701 W Chicago Ave,41.8959399,-87.6699239,meta,2025-06-02T07:00:00.000Z,0.9879256218304756,OpenStreetMap,2024-10-22T13:20:28.000Z,,False
426b0713-8646-4c96-8dcb-067a9625703c,Caterpillar Care,day_care_preschool,"['home_service', 'optometrist']",,,,,chicago,IL,Chicago,60642.0,1001 N Milwaukee Ave,41.9001466,-87.6612976,meta,2025-06-02T07:00:00.000Z,0.9784508333782836,,,,False
2d414f10-3723-4a22-8240-702e01452366,Caterpillar,industrial_equipment,"['commercial_industrial', 'bar']",66059e14-4554-4b40-ac66-3f72dc31b16b,Madison Plaza,commercial,commercial,chicago,IL,Chicago,60606.0,200 W Madison St,41.882193,-87.634194,meta,2025-06-02T07:00:00.000Z,0.296943231441048,OpenStreetMap,2024-08-23T11:09:09.000Z,,False
67657739-ea65-4b8b-a48d-7fcde025ed72,Caterpillar Care,day_care_preschool,['social_service_organizations'],117f77ef-ae4c-4b67-8bca-f7508f5d11aa,Optima Center Chicago,commercial,commercial,chicago,IL,Chicago,60611.0,505 N Saint Clair St,41.8910878,-87.6223978,meta,2025-06-02T07:00:00.000Z,0.9784508333782836,OpenStreetMap,2024-04-05T15:41:21.000Z,,False
8581fcea-96f2-4c94-ad2d-5e993758c196,Caterpillar Inc.,event_planning,"['industrial_equipment', 'commercial_industrial']",fbe0cc43-c48c-4bc5-953d-2dd744295785,,commercial,office,chicago,IL,Deerfield,60015.0,510 Lake Cook Rd,42.155669,-87.8409071,meta,2025-06-02T07:00:00.000Z,0.9459263554653524,OpenStreetMap,2020-08-24T07:05:11.000Z,,True
88f10f29-80b4-4e8b-b805-ad267496864b,Fuzzy Caterpillar Preschool,day_care_preschool,"['home_service', 'school']",,,,,oakland,CA,Alameda,94501.0,1510 Encinal Ave,37.7698452,-122.261211,meta,2025-06-02T07:00:00.000Z,0.9784508333782836,,,,False
6d35f7f7-7382-47e0-b7b5-d57d057c4651,Caterpillar Bilingual Preschool,professional_services,,c9dc2f76-d1d0-4df0-a6b9-351fda178469,,residential,house,phoenix,AZ,Phoenix,85024.0,18835 N 16th Pl,33.6576741,-112.0475972,meta,2025-06-02T07:00:00.000Z,0.3376623376623376,OpenStreetMap,2022-03-06T23:20:12.000Z,,False
6d35f7f7-7382-47e0-b7b5-d57d057c4651,Caterpillar Bilingual Preschool,professional_services,,31735572-503d-40f9-8fc3-6801bab731dc,,residential,house,phoenix,AZ,Phoenix,85024.0,18835 N 16th Pl,33.6576741,-112.0475972,meta,2025-06-02T07:00:00.000Z,0.3376623376623376,OpenStreetMap,2022-03-06T23:20:12.000Z,,False
0f5a543e-aa0a-48db-b47a-2094f53b8bdb,Caterpillar Corner Preschool,school,"['preschool', 'day_care_preschool']",8b8b78d3-9d1e-478d-a8a7-bb88b3942938,,,,phoenix,,,0.0,,33.21893,-111.52919,meta,2025-06-02T07:00:00.000Z,0.4929396662387676,Microsoft ML Buildings,2020-05-17T00:00:00.000Z,,False
85c1e03f-cb39-429e-8955-431ae0f94aa1,Caterpillar,professional_services,['shopping'],59619a28-b2c9-40d2-9ed0-42be3408108e,Quinn Company,,,oxnard,CA,Oxnard,93030.0,801 N Del Norte Blvd,34.209585,-119.128338,meta,2025-06-02T07:00:00.000Z,0.5662921348314607,OpenStreetMap,2022-01-13T23:02:39.000Z,,False
4b584394-cca5-49a1-96b6-6fd7bfc5bd7d,Caterpillar,industrial_equipment,"['professional_services', 'bar']",4e24bc5e-f5f7-4286-97b6-63a7f504d402,,,,columbia-south-carolina,SC,Columbia,29203.0,851 Buckner Rd,34.064986,-81.031567,meta,2025-06-02T07:00:00.000Z,0.3961437335670464,Microsoft ML Buildings,2022-05-10T00:00:00.000Z,,False
474207ac-3634-4f65-bb4e-0aaa30dac7e4,Caterpillar Crossing Early Learning Center,home_service,"['day_care_preschool', 'education']",6f67a372-6be7-47a6-afcd-93759c4f8563,George's Cleaners,,,harrisburg,PA,Mechanicsburg,17055.0,39 Gettysburg Pike,40.187124,-76.98274,meta,2025-06-02T07:00:00.000Z,0.242152466367713,OpenStreetMap,2023-11-07T14:52:50.000Z,,False
4173f352-b42c-4b7d-8b8b-718d45b28ebe,Caterpillar Connections,day_care_preschool,"['home_service', 'school']",,,,,harrisburg,PA,Harrisburg,17109.0,Locust Lane,40.286981,-76.860644,meta,2025-06-02T07:00:00.000Z,0.3376623376623376,,,,False
85a54c33-70b8-49af-88b5-1df0f81b4da3,Caterpillar,industrial_equipment,"['professional_services', 'bar']",7afb960c-b4b7-4821-a646-d017c30a9ebd,,,,harrisburg,PA,Harrisburg,17111.0,5210 Paxton St,40.255812,-76.798256,meta,2025-06-02T07:00:00.000Z,0.4929396662387676,OpenStreetMap,2016-12-06T17:26:45.000Z,,False
43b6353a-102d-4788-9162-834019f375be,Caterpillar,professional_services,"['shopping', 'bar']",7a730227-df4d-487b-8b44-ca10f8b22756,,,,harrisburg,PA,Harrisburg,17112.0,336 N Fairville Ave,40.351053,-76.732569,meta,2025-06-02T07:00:00.000Z,0.4929396662387676,OpenStreetMap,2021-01-09T17:05:53.000Z,,False
f282dcc4-8371-4a19-9487-fb5799d499ea,Caterpillar Clubhouse Preschool,day_care_preschool,"['preschool', 'school']",dabeb74f-6011-42e6-ba1f-0c9711986b80,,,,boston,MA,Beverly,1915.0,35 Brimbal Ave,42.5662827,-70.8698259,meta,2025-06-02T07:00:00.000Z,0.9784508333782836,OpenStreetMap,2019-05-22T20:38:35.000Z,,False
191f9f0a-57b2-4184-b5b0-acb8e56839b8,LiL Caterpillar Clubhouse Family Learning Center,school,"['day_care_preschool', 'professional_services']",48861f8f-cf56-4ffc-a873-9fe3ff144cbc,,,,philadelphia,DE,New Castle,19720.0,13 Commonwealth Blvd,39.6785,-75.57106,meta,2025-06-02T07:00:00.000Z,0.3961437335670464,Microsoft ML Buildings,2020-09-20T00:00:00.000Z,,False
83e3fd79-5f54-4d06-a0f0-f50150cf1b9d,Caterpillar,shopping,"['bar', 'professional_services']",178d216d-a62f-4b09-ab0d-62ba1790de1c,,,,philadelphia,PA,Bensalem,19020.0,2975  Galloway Rd,40.1273572,-74.93745,meta,2025-06-02T07:00:00.000Z,0.3376623376623376,Esri Community Maps,2024-10-15T00:00:00.000Z,,False
8dbcde0f-2a7c-4916-b4c1-1f45e5cf6e20,Caterpillar,industrial_equipment,"['car_dealer', 'construction_services']",,,,,hartford,CT,Newington,6111.0,225 Richard St,41.6608522,-72.7292979,meta,2025-06-02T07:00:00.000Z,0.7548172757475083,,,,False
5c4a21e1-52f5-43c8-9382-c40baea6704f,Caterpillar Children's Boutique,childrens_clothing_store,['clothing_store'],a784aa00-02b6-429b-b84a-dc6665a3fa80,,,,stockton,CA,Stockton,95203.0,938 N Yosemite St,37.961339,-121.3068954,meta,2025-06-02T07:00:00.000Z,0.9415384615384615,OpenStreetMap,2014-06-11T21:11:40.000Z,,False
f70f0de8-9254-4321-a155-bde3e70e697b,Caterpillar,professional_services,"['bar', 'shopping']",edb7b26a-bd79-4ce6-b3f6-f19df42d43c8,,industrial,industrial,virginia-beach,VA,Chesapeake,23323.0,3404 Business Center Dr,36.7875944,-76.3575778,meta,2025-06-02T07:00:00.000Z,0.3376623376623376,OpenStreetMap,2023-04-18T09:29:37.000Z,,False
20f81391-64d3-406f-ba9c-bfc8dcc7d894,Caffeinated Caterpillar Tattoo Spa,tattoo_and_piercing,['professional_services'],d5df9146-2c14-4266-af32-edb26a26feda,,commercial,retail,omaha,NE,Omaha,68116.0,15505 Ruggles St,41.2957457,-96.1574109,meta,2025-06-02T07:00:00.000Z,0.9784508333782836,OpenStreetMap,2016-03-16T03:46:56.000Z,,False
ca4ac247-7b05-4377-9ec0-1855ef1cace7,Caterpillar Vapes,e_cigarette_store,"['retail', 'shopping']",1d59d60f-a970-4d94-8cae-110480e4c161,,,,omaha,NE,Omaha,68137.0,10910 Q St,41.2057371,-96.0833514,meta,2025-06-02T07:00:00.000Z,0.9784508333782836,OpenStreetMap,2024-12-17T19:34:05.000Z,,False
3f9c2e50-ab64-48c1-9383-de43c8cc8f3b,Caterpillar Vapes,tobacco_shop,"['e_cigarette_store', 'retail']",a1396425-35bb-4307-ac1b-a6c6de2fce73,,,,omaha,NE,Omaha,68116.0,14803 W Maple Rd,41.29137726,-96.14533443,Microsoft,2024-06-25T03:20:09.940Z,0.77,OpenStreetMap,2016-03-17T10:14:17.000Z,,False
982700ab-003e-4042-9224-d513788959a0,Caterpillar Vapes,tobacco_shop,"['e_cigarette_store', 'retail']",0d0651f1-efd1-4515-8b45-9b77e75c1e7a,,commercial,retail,omaha,NE,Omaha,68106.0,1110 S 71st St Ste C,41.2482619,-96.02285899,Microsoft,2024-06-15T14:20:19.503Z,0.77,OpenStreetMap,2016-03-29T05:04:34.000Z,,False
55b57608-766d-4002-9470-ee0aecce4767,Caterpillar Vapes,e_cigarette_store,"['tobacco_shop', 'shopping']",e90ab306-e767-435b-ac89-77b329b8fb04,,commercial,commercial,omaha,NE,Omaha,68132.0,4967 Dodge St,41.2595544,-95.9898906,meta,2025-06-02T07:00:00.000Z,0.9784508333782836,OpenStreetMap,2024-06-21T00:06:51.000Z,,False
786b6cc2-f510-44b4-9919-c945c5ee75e5,Caterpillar Vapes,tobacco_shop,"['e_cigarette_store', 'retail']",50ea9376-1793-4e58-8a00-74e832eac122,,,,omaha,NE,Bellevue,68005.0,1412 Harlan Dr,41.1417347,-95.9119764,Microsoft,2024-05-29T22:28:47.260Z,0.77,OpenStreetMap,2016-03-05T07:50:00.000Z,,False
46d9693f-b80e-4e0e-b7aa-26ad4231cfeb,Caterpillar,industrial_equipment,"['construction_services', 'lawyer']",3fd43888-afd8-4231-922c-b7b32fecc8d2,,,,montgomery,AL,Montgomery,36117.0,10120 Highway 80 E,32.366837,-86.131031,meta,2025-06-02T07:00:00.000Z,0.5662921348314607,Microsoft ML Buildings,2021-12-22T00:00:00.000Z,,False
5044e6b7-bbfe-4e0c-aa7c-02ece56ba3c1,Caterpillar Logistics Services,freight_and_cargo_service,"['industrial_equipment', 'real_estate']",ac9cb1a7-7972-43af-9141-a85cca272df2,,,,atlanta,GA,Atlanta,30349.0,5350 Hunter Rd,33.6087054,-84.5381748,meta,2025-06-02T07:00:00.000Z,0.9784508333782836,OpenStreetMap,2014-05-09T20:29:34.000Z,,False
e710fdcd-56c4-4835-b1df-a4c829298822,Caterpillar Clubhouse Academy and Daycare,day_care_preschool,"['home_service', 'school']",,,,,atlanta,GA,Powder Springs,30127.0,3840 New Macland Rd,33.8601405,-84.6758508,meta,2025-06-02T07:00:00.000Z,0.9784508333782836,,,,False
c3e9efbc-c0fa-4521-90b0-5711eeca406e,Caterpillar,industrial_equipment,"['professional_services', 'shopping']",77a0c994-61f2-4a40-aff4-89fb1363b723,,,,atlanta,GA,Austell,30168.0,330 Lee Industrial Blvd,33.7733425,-84.5484697,meta,2025-06-02T07:00:00.000Z,0.5662921348314607,OpenStreetMap,2021-12-09T14:07:31.000Z,,False
d2c3b362-656e-4362-b89b-fa0d05ad5b15,"Caterpillar Properties, LLC  Sandra Butler",real_estate_agent,['real_estate'],a0d2cb5f-ed77-4f70-bd92-3c85fd3b9a85,,commercial,retail,atlanta,GA,Atlanta,30305.0,3017 Bolling Way NE,33.8374773,-84.38015,meta,2025-06-02T07:00:00.000Z,0.8831168831168831,OpenStreetMap,2024-09-10T20:58:11.000Z,,False
e1d38335-f540-4a4c-be51-32934e32fa58,Caterpillar International Academy,day_care_preschool,"['preschool', 'education']",,,,,atlanta,GA,Sandy Springs,30328.0,270 Hilderbrand Dr,33.9230659,-84.3784807,meta,2025-06-02T07:00:00.000Z,0.9879256218304756,,,,False
b1154b8a-2c48-4bb1-9095-0e308d22e185,Caterpillar,real_estate,['real_estate_agent'],f43a8c30-3dde-4086-bd37-e071e90d723f,,,,atlanta,GA,Alpharetta,0.0,,34.0834399,-84.2497068,meta,2025-06-02T07:00:00.000Z,0.3376623376623376,OpenStreetMap,2025-02-02T02:50:28.000Z,,False
5cc7e165-5574-4322-8400-bb35194670cf,The Caterpillar Home Daycare,day_care_preschool,"['home_service', 'school']",,,,,washington-dc,VA,Centreville,20120.0,14905 Greymont Dr,38.8568476,-77.4604846,meta,2025-06-02T07:00:00.000Z,0.9784508333782836,,,,False
8784ad2c-222d-4b1a-b846-29880963c146,The Cosmic Caterpillar LLC - Central Office & Showroom,shopping,['furniture_store'],802ecf9b-c693-49bd-b45a-c487ef88940f,,commercial,commercial,washington-dc,MD,Gaithersburg,20877.0,101 Chestnut St,39.1411613,-77.2037299,meta,2025-06-02T07:00:00.000Z,0.909823677581864,OpenStreetMap,2015-08-17T00:14:00.000Z,,True
3f12c723-979a-44fd-b5f4-ae5c1eae2699,Caterpillar Corner Childcare Center,day_care_preschool,"['preschool', 'home_service']",,,,,detroit,MI,Pontiac,48340.0,770 E Walton Blvd,42.6774946,-83.2725976,meta,2025-06-02T07:00:00.000Z,0.9459263554653524,,,,False
ffc08242-cb75-49b7-9fee-8374d8f01949,Wagner Caterpillar,shopping,"['tire_dealer_and_repair', 'car_rental_agency']",,,,,albuquerque,NM,Albuquerque,87109.0,4000 Osuna Rd NE,35.1539477,-106.597599,meta,2025-06-02T07:00:00.000Z,0.5662921348314607,,,,False
f4148b03-97e6-48b3-8792-1d679d9b8684,Caterpillar Paving Products,industrial_equipment,"['paving_contractor', 'professional_services']",5cf2c6e1-d81b-420d-9ed2-94bd31437f81,,,,minneapolis,MN,Brooklyn Park,55445.0,9401 85th Ave N,45.1079656,-93.3988656,meta,2025-06-02T07:00:00.000Z,0.9784508333782836,OpenStreetMap,2013-02-28T05:26:56.000Z,,False
111e6d2a-2e3a-4304-b635-936ae9d43ae1,Caterpillar Training Center,industrial_equipment,['professional_services'],c3ea6e64-c3dc-4b3f-9159-2c87882d462a,,,,minneapolis,MN,Champlin,55316.0,8700 109th Ave N,45.1548607,-93.3898724,meta,2025-06-02T07:00:00.000Z,0.9415384615384615,OpenStreetMap,2024-01-27T20:04:16.000Z,,False
e049c2c7-698f-4df0-be7d-8c9a192ff2fa,Caterpillar Manufacturing & Distribution,contractor,"['agricultural_service', 'shopping']",88d41946-37eb-4256-988e-b32aa54c81d6,Caterpillar,,,minneapolis,MN,St Paul,55113.0,1901 County Road B2 W,45.015106,-93.179726,meta,2025-06-02T07:00:00.000Z,0.4929396662387676,OpenStreetMap,2016-04-23T16:49:21.000Z,,False
0ca9e229-c15b-4ecb-a16b-9735619cb84f,Caterpillar Learning Center,day_care_preschool,"['school', 'home_service']",81fb93b4-bb2e-4129-a4ab-4cc3cce32a23,,,,tulsa,OK,Tulsa,0.0,,36.15984,-95.790619,meta,2025-06-02T07:00:00.000Z,0.5662921348314607,Microsoft ML Buildings,2019-04-08T00:00:00.000Z,,False
052ccdfc-a743-49bb-9aa5-b0d94b0e51d3,Caterpillar,industrial_equipment,"['professional_services', 'bar']",cd15d040-7ef4-4e6b-b38d-f95ebe9eaef7,,industrial,industrial,sacramento,CA,West Sacramento,95691.0,3850 Channel Dr,38.562209,-121.571904,meta,2025-06-02T07:00:00.000Z,0.3961437335670464,OpenStreetMap,2019-06-06T15:10:20.000Z,,False
cb5f1208-866b-4c08-95ef-38a8c3bb213f,Caterpillar,professional_services,"['shopping', 'bar']",6d7a6952-b285-4498-862a-dd94d242b8c4,,,,sacramento,CA,Sacramento,95826.0,8900 Fruitridge Rd,38.525008,-121.36872,meta,2025-06-02T07:00:00.000Z,0.3376623376623376,Microsoft ML Buildings,2022-04-24T00:00:00.000Z,,False
db01db5d-b8a5-4cc4-b556-223da119a367,Caterpillar,business_manufacturing_and_supply,['business'],ee387930-c18d-4027-9bb0-15eebfd50df6,Caterpillar Inc.,commercial,warehouse,san-antonio,TX,Schertz,78154.0,6800 Doerr Ln,29.6068377,-98.2891487,meta,2025-06-02T07:00:00.000Z,0.9459263554653524,OpenStreetMap,2019-10-08T21:13:04.000Z,,False
235661ee-45cb-4dbe-a1b0-4200f30d88cc,Caterpillar Corner Child Care,home_service,['professional_services'],92d0896a-d46d-4386-b646-3f5db259675b,,residential,detached,boise-city,ID,Meridian,83642.0,4342 S Overhill Way,43.56552,-116.37062,meta,2025-06-02T07:00:00.000Z,0.909823677581864,OpenStreetMap,2022-08-28T20:49:12.000Z,,False
a6421a33-d182-4635-8c66-07f0679fe163,Caterpillar Club at Memphis Botanic Garden,preschool,"['botanical_garden', 'education']",7be8c938-6a2c-45f0-8a43-17e615a6a14c,Goldsmith Civic Garden Center,,,memphis,TN,Memphis,38117.0,750 Cherry Rd,35.110843,-89.917489,meta,2025-06-02T07:00:00.000Z,0.5662921348314607,OpenStreetMap,2024-10-29T18:36:58.000Z,,False
902bba3f-1e31-426c-af01-d0565479b431,Caterpillar,professional_services,"['shopping', 'bar']",f0ea2a46-fdf1-4236-84d1-89b97bfa6e7d,,,,birmingham,AL,Birmingham,35222.0,3317 Messer Airport Hwy,33.526693,-86.788358,meta,2025-06-02T07:00:00.000Z,0.4929396662387676,OpenStreetMap,2022-10-05T20:38:46.000Z,,False
4bb4ca8a-dba3-4981-902c-2fd997773d04,Caterpillar Corner Learning Center,day_care_preschool,"['preschool', 'school']",,,,,shreveport,LA,Bossier City,71112.0,1445 Airline Dr,32.513224,-93.6939983,meta,2025-06-02T07:00:00.000Z,0.9784508333782836,,,,False
59db2f8d-7e0f-47d5-ae35-f198d0d12df6,Caterpillar,industrial_equipment,"['agricultural_service', 'agriculture']",bd856261-df60-4a8e-ac8c-c4c23e536a75,,commercial,commercial,columbus-ohio,OH,Columbus,43228.0,5252 Walcutt Ct,39.978885,-83.143058,meta,2025-06-02T07:00:00.000Z,0.5662921348314607,OpenStreetMap,2016-04-03T16:16:30.000Z,,False
6ab27d87-d25f-4adc-9ed9-ba31c51e8e30,Caterpillar,professional_services,['event_planning'],8de358ba-850b-4607-b110-84baafb0392b,,,,salt-lake-city,UT,West Valley City,84120.0,4901 W 2100 S,40.724001,-112.009394,meta,2025-06-02T07:00:00.000Z,0.5662921348314607,OpenStreetMap,2015-10-15T14:03:17.000Z,,True
9ef88db8-6405-4c65-b501-2bb11b6c440a,Caterpillar Financial Services Corporation,financial_service,"['insurance_agency', 'installment_loans']",ffec948b-e85f-481c-9600-f28cdcbcfd80,Caterpillar Financial Center,,,nashville-davidson,TN,Nashville,37203.0,2120 West End Ave,36.149744,-86.8030598,meta,2025-06-02T07:00:00.000Z,0.9784508333782836,OpenStreetMap,2020-02-08T07:07:02.000Z,,True
a3e308e7-4b51-4304-89bf-bd002a2dc67d,Caterpillar Corner Learning Center,day_care_preschool,"['home_service', 'preschool']",,,,,lansing,MI,Holt,48842.0,2168 Cedar St,42.6453979,-84.5207443,meta,2025-06-02T07:00:00.000Z,0.9784508333782836,,,,False
f129efbc-1a4f-4a97-a138-5977f19730f6,Lipstick on Caterpillar Tracks,fountain,['topic_concert_venue'],d7c72463-a2b1-4003-9627-f23fdd08dfb6,Morse College,education,university,new-haven,,,6511.0,Tower Pkwy,41.3130467,-72.929739,meta,2025-06-02T07:00:00.000Z,0.909823677581864,OpenStreetMap,2024-06-02T05:25:47.000Z,,False
88f10f29-80b4-4e8b-b805-ad267496864b,Fuzzy Caterpillar Preschool,day_care_preschool,"['home_service', 'school']",,,,,san-francisco,CA,Alameda,94501.0,1510 Encinal Ave,37.7698452,-122.261211,meta,2025-06-02T07:00:00.000Z,0.9784508333782836,,,,False
3487fc71-5977-4459-807f-81910d5ae271,Caterpillar Logistics,business_manufacturing_and_supply,,ebf497fc-bbf5-4573-89e0-97001b6b4d45,,,,laredo,,,88275.0,Priv. Transformaci贸n 5,27.4437955,-99.5071652,meta,2025-06-02T07:00:00.000Z,0.9300613496932516,Microsoft ML Buildings,2022-01-14T00:00:00.000Z,,False
3487fc71-5977-4459-807f-81910d5ae271,Caterpillar Logistics,business_manufacturing_and_supply,,811df7e8-239d-47fe-ba94-85adef41094d,,,,laredo,,,88275.0,Priv. Transformaci贸n 5,27.4437955,-99.5071652,meta,2025-06-02T07:00:00.000Z,0.9300613496932516,Microsoft ML Buildings,2022-01-14T00:00:00.000Z,,False
afaaadd8-863d-44a9-a581-c80b4009fc2d,Caterpillar Reman Finsa 1,commercial_industrial,"['industrial_company', 'industrial_equipment']",,,,,laredo,,Nuevo Laredo,88275.0,Avenida Transformaci贸n 545,27.4431929,-99.5047434,meta,2025-06-02T07:00:00.000Z,0.9784508333782836,,,,False
51a26909-cd39-4fd5-8a2e-372913165c31,Caterpillar Finsa 3,event_planning,,,,,,laredo,,Nuevo Laredo,88275.0,Avenida Transformaci贸n 546,27.4441192,-99.504229,meta,2025-06-02T07:00:00.000Z,0.4929396662387676,,,,True
891cc15b-f12c-44cf-bbd9-65e91ed9143a,Caterpillar Logistics,freight_and_cargo_service,"['travel', 'transportation']",925a7bc1-4e21-4a4a-99fe-957eb21693d4,,,,laredo,TX,Laredo,78045.0,11302 Eastpoint Dr,27.6150834,-99.4734654,meta,2025-06-02T07:00:00.000Z,0.5662921348314607,OpenStreetMap,2024-10-26T07:33:38.000Z,,False
689771bf-c555-4f1b-84e2-b86364310a2e,Caterpillar Clubhouse Childcare ,day_care_preschool,,45dc0498-6f94-4618-aa9c-912ac3f322d5,,,,dayton,OH,Moraine,45439.0,2908 Hoylake Ct,39.69005,-84.22693,meta,2025-06-02T07:00:00.000Z,0.3376623376623376,Microsoft ML Buildings,2020-10-17T00:00:00.000Z,0.968999981880188,False
954eb908-1734-451f-9d71-f901cedae8bd,Caterpillar,industrial_equipment,"['bar', 'business']",f07c0e7b-4456-4ef2-91df-54ad09f24459,,commercial,commercial,pittsburgh,PA,Pittsburgh,15222.0,800 Waterfront Dr,40.4644228,-79.97698,meta,2025-06-02T07:00:00.000Z,0.3376623376623376,OpenStreetMap,2019-11-13T04:07:56.000Z,,False
2bad901a-707b-4425-9ca2-04ed412bef32,Ron Caterpillar Doctor,automotive,"['auto_company', 'automotive_dealer']",a6d90246-c1d0-4c68-a928-b0c9889f7a93,,,,riverside-san-bernardino,CA,Fontana,92335.0,10180 Beech Ave,34.0688186,-117.4716796,meta,2025-06-02T07:00:00.000Z,0.8860580325548478,Esri Community Maps,2024-10-15T00:00:00.000Z,,False
eb7c48b9-0e99-43d9-acb2-072b84b48c0a,Caterpillar,automotive,"['industrial_equipment', 'paving_contractor']",2519d4b1-0019-4f03-8e29-90bed07c30ad,,industrial,industrial,dallas,TX,Irving,75062.0,2300 Carl Rd,32.838847,-96.929389,meta,2025-06-02T07:00:00.000Z,0.296943231441048,OpenStreetMap,2018-11-11T01:33:15.000Z,,False
d3acda28-5679-4332-91d2-cda272c014f5,Caterpillar Events,event_planning,"['marketing_agency', 'business_advertising']",3b474e9e-19f0-47d2-9b5f-9f133c2824ee,Santander Tower,,,dallas,TX,Dallas,75201.0,1601 Elm St,32.7818088,-96.7981342,meta,2025-06-02T07:00:00.000Z,0.8860580325548478,OpenStreetMap,2024-03-28T01:06:50.000Z,,True
807a7757-1870-4de8-9863-b310d6bb505b,Caterpillar Brow Bar,beauty_salon,"['beauty_and_spa', 'tattoo_and_piercing']",113262de-1569-4770-a9f0-f41b03aa24b7,,residential,apartments,dallas,TX,Dallas,75215.0,2220 S Harwood St,32.7693358,-96.7807516,meta,2025-06-02T07:00:00.000Z,0.9459263554653524,OpenStreetMap,2025-04-21T04:39:21.000Z,,False
99b90eb0-ab6d-48fd-a254-10f96fff1294,Caterpillar,professional_services,"['shopping', 'bar']",d76c7ed1-9f72-40c0-9762-ae461d2492e8,,,,baltimore,MD,Annapolis Junction,20701.0,11030 Guilford Rd,39.1275925,-76.791272,meta,2025-06-02T07:00:00.000Z,0.3376623376623376,OpenStreetMap,2023-11-10T03:08:43.000Z,,False
1fbba96a-14a7-4937-a45f-b4e3d51e1b6d,Caterpillar Tucson Mining Center,business,"['event_planning', 'b2b_science_and_technology']",dc74d555-c117-4fc8-b5e9-2bba852685ff,Caterpillar Tucson Mining Center,,,tucson,AZ,Tucson,85745.0,875 W Cushing St,32.2173483,-110.9841877,meta,2025-06-02T07:00:00.000Z,0.9784508333782836,OpenStreetMap,2024-03-26T19:14:17.000Z,,True
425e171d-bac1-4839-ac1d-e44ae4519436,Caterpillar,industrial_equipment,"['professional_services', 'bar']",8225f683-7171-4378-9e55-c87394e0cc47,,,,tucson,AZ,Tucson,85705.0,3830 N Highway Dr,32.278021,-111.012638,meta,2025-06-02T07:00:00.000Z,0.3961437335670464,OpenStreetMap,2023-06-29T18:25:27.000Z,,False
7aa64894-04e3-4dd7-8a15-732e396a59bd,Caterpillar,industrial_equipment,,2fa9be9c-3b91-4eab-96be-7a4ad4be0119,,,,houston,TX,Pearland,77581.0,4300 Rice Drier Rd,29.574075,-95.289388,meta,2025-06-02T07:00:00.000Z,0.5662921348314607,Microsoft ML Buildings,2022-03-25T00:00:00.000Z,,False
ef0010e9-6eb8-4487-957f-d16e52fc234a,Caterpillar,professional_services,"['travel', 'shopping']",ff936b78-0561-442a-b40b-45428e7376c8,,,,houston,TX,Houston,77040.0,13105 Northwest Fwy,29.84471,-95.501843,meta,2025-06-02T07:00:00.000Z,0.242152466367713,OpenStreetMap,2019-05-15T18:10:23.000Z,,False
f7837e31-69c0-4c6a-a495-94b95955c342,Caterpillar Corner,day_care_preschool,"['school', 'education']",b7ac09f4-57a5-43b6-a37b-386334a443fa,,,,houston,TX,Highlands,77562.0,1015 Highland Woods Dr,29.818808,-95.071068,meta,2025-06-02T07:00:00.000Z,0.3376623376623376,OpenStreetMap,2021-05-14T10:25:21.000Z,,False
f5d0488c-556a-49e9-a040-519f7e265568,Caterpillar Inc,gas_station,"['professional_services', 'commercial_industrial']",d1946f3a-d4b7-4958-9474-9b16f1da509c,,,,houston,TX,Houston,77064.0,10203 Sam Houston Park Dr,29.915241,-95.5529287,meta,2025-06-02T07:00:00.000Z,0.9300613496932516,Microsoft ML Buildings,2000-01-01T00:00:00.000Z,,False
fc8a4d13-7539-48ca-ba32-77ecf0464236,Caterpillar Chow,nursery_and_gardening,"['shopping', 'gardener']",ae52187c-5d8c-4c19-ad3e-c11a0806179a,,,,san-diego,CA,Lakeside,92040.0,11470 Post Hill Pl,32.8855201,-116.9337133,meta,2025-06-02T07:00:00.000Z,0.9459263554653524,Microsoft ML Buildings,2022-04-29T00:00:00.000Z,,False
188032c2-d521-4b8a-843d-31cb3dbe489e,Little Caterpillar Child Care Center,day_care_preschool,"['preschool', 'home_service']",fe78f85a-ee50-4f3e-9421-0d2f698d57aa,,commercial,commercial,new-york,NJ,Westfield,7090.0,757 Central Ave,40.645644,-74.336032,meta,2025-06-02T07:00:00.000Z,0.3376623376623376,OpenStreetMap,2023-05-19T14:47:22.000Z,,False
bcfd90a2-e93b-423f-ba5e-47df95b759a5,Happy Caterpillar Clubhouse,day_care_preschool,"['home_service', 'preschool']",049c3455-6ef7-4a9d-8441-7e24b0535fb1,,,,new-york,NY,New York,11379.0,67-52 79th St,40.7117688,-73.8737396,meta,2025-06-02T07:00:00.000Z,0.9459263554653524,OpenStreetMap,2014-05-08T02:05:21.000Z,,False
5e9fea10-5127-4373-8446-c5da1b23cfa5,Little Caterpillar Daycare,day_care_preschool,"['school', 'preschool']",58a08faa-62db-4512-8c8a-70e777b75620,,residential,house,new-york,NY,Brentwood,11717.0,139 Preston St,40.7669942,-73.2236601,meta,2025-06-02T07:00:00.000Z,0.9784508333782836,OpenStreetMap,2021-06-02T13:32:29.000Z,,False
acdd70d1-7086-4931-849c-bc156e603282,Caterpillar Art Store,shopping_center,['grocery_store'],,,,,new-york,NJ,Rochelle Park,7662.0,79 Central Ave,40.90126,-74.07559,meta,2025-06-02T07:00:00.000Z,0.3376623376623376,,,,False
3020bdd3-c831-4874-8122-5fafddc66d9b,Caterpillar To Butterflies Learning Center,day_care_preschool,"['home_service', 'school']",a634421e-1057-4355-8a53-2351e17ca689,,,,new-york,NY,New York,10034.0,1795 Riverside Dr,40.8662612,-73.9296294,meta,2025-06-02T07:00:00.000Z,0.9459263554653524,OpenStreetMap,2014-04-17T21:43:04.000Z,,False
079cfee8-8083-4bf0-9a7b-d865fdb0b8f3,Caterpillar Group Family Day Care LLC,child_care_and_day_care,,ab00cedc-8318-48ba-bd37-80d25aa46d63,,,,new-york,NY,Bronx,10459.0,1010 Hoe Ave #1C,40.82365,-73.890167,Microsoft,2021-04-28T13:15:59.617Z,0.77,OpenStreetMap,2014-04-21T15:17:03.000Z,,False
079cfee8-8083-4bf0-9a7b-d865fdb0b8f3,Caterpillar Group Family Day Care LLC,child_care_and_day_care,,7302f209-c3c9-4ec3-a5dd-5f239603faa6,,,,new-york,NY,Bronx,10459.0,1010 Hoe Ave #1C,40.82365,-73.890167,Microsoft,2021-04-28T13:15:59.617Z,0.77,OpenStreetMap,2014-04-21T15:17:03.000Z,,False
0ca3953d-c9a9-439e-92b0-d47c0002cc5f,Caterpillar Early Learning,day_care_preschool,"['home_service', 'professional_services']",0fd035d7-fb8c-4d8a-a01a-a9cabe70a7f2,,,,new-york,NY,New York,10463.0,99 Marble Hill Ave,40.8772046,-73.9092019,meta,2025-06-02T07:00:00.000Z,0.9415384615384615,OpenStreetMap,2014-04-17T22:23:25.000Z,,False
6af91cd3-e514-4778-a0de-a383fa01de3d,Caterpillar Lift Trucks,automotive,"['automotive_repair', 'used_car_dealer']",f39914ed-2aa1-4b8d-83ab-37d36a91f53c,,commercial,commercial,new-york,NY,Holtsville,11742.0,660 Union Ave,40.813843,-73.054843,meta,2025-06-02T07:00:00.000Z,0.242152466367713,OpenStreetMap,2017-01-25T05:37:21.000Z,,False
5cbc17e6-8ad1-4c8e-ac0f-963c698ad0ab,Caterpillar,industrial_equipment,"['professional_services', 'construction_services']",c71267e4-a3e7-4aee-b2bf-8299b4a66cf5,,commercial,commercial,springfield-missouri,MO,Springfield,65803.0,2222 E Kearney St,37.238629,-93.251103,meta,2025-06-02T07:00:00.000Z,0.4929396662387676,OpenStreetMap,2017-07-20T16:15:26.000Z,,False
d91cd8b4-d86d-43f5-9484-26a4701cc0f8,Caterpillar,industrial_equipment,"['professional_services', 'shopping']",,,,,el-paso,TX,El Paso,79915.0,6960 Commerce Ave,31.77157,-106.38232,meta,2025-06-02T07:00:00.000Z,0.4929396662387676,,,,False
c07e44d8-9f5e-4141-aa2d-a1674ff69f17,Baby Caterpillar Childcare Center,day_care_preschool,['home_service'],,,,,el-paso,TX,Socorro,79927.0,649 Horizon Blvd,31.6521714,-106.265738,meta,2025-06-02T07:00:00.000Z,0.909823677581864,,,,False
137a7a37-7058-4159-9044-dce5d5e83c13,Daycare The Caterpillar Garden,day_care_preschool,"['home_service', 'professional_services']",f5b6c169-4460-421d-a39b-d1e09c91bbab,,,,los-angeles,CA,Huntington Beach,92648.0,21252 Beach Blvd,33.654448,-117.9871661,meta,2025-06-02T07:00:00.000Z,0.9784508333782836,OpenStreetMap,2021-06-02T16:50:01.000Z,,False
d96d62d3-0c70-4243-8909-5ece30fa8efb,Caterpillar Eyebrows,beauty_and_spa,"['cosmetic_and_beauty_supplies', 'hair_removal']",f4299c55-e574-4ef4-b183-68dac2810af5,The Ascot,residential,apartments,los-angeles,CA,West Hollywood,24325.0,911 Bushybrows Ave,34.0879,-118.372,meta,2025-06-02T07:00:00.000Z,0.3376623376623376,OpenStreetMap,2024-10-09T18:04:02.000Z,,False
8b679652-af43-448f-b3c3-be8c669482bd,Caterpillar Cottage Preschool,day_care_preschool,"['preschool', 'education']",04a18bba-d216-494d-a664-9eddd03d3a6c,,residential,house,los-angeles,CA,Van Nuys,91406.0,17214 Cantlay St,34.201926,-118.508249,meta,2025-06-02T07:00:00.000Z,0.5662921348314607,OpenStreetMap,2016-07-13T05:48:32.000Z,,False
ef17437d-d819-4bdb-8401-bcd3bf3096b2,Wooden Caterpillar,toy_store,,ee365bfa-543b-4e18-8b49-8de8a451a506,,,,los-angeles,CA,Anaheim,92801.0,1950 W Corporate Way,33.8368342,-117.951666,meta,2025-06-02T07:00:00.000Z,0.909823677581864,OpenStreetMap,2022-08-01T03:18:20.000Z,,False
974b4cae-4ec9-4a91-ada7-7ecb96f54b22,The Learning Caterpillar,home_service,"['school', 'language_school']",,,,,los-angeles,CA,El Monte,91732.0,11665 Emery St,34.0859537,-118.0143402,meta,2025-06-02T07:00:00.000Z,0.9784508333782836,,,,False
329cdd37-4ce3-4c53-bf01-2e5db6bd8083,Jerry Clark Heavy Equipment and Caterpillar Repair,industrial_equipment,"['professional_services', 'agricultural_service']",d122547c-af72-4b53-8d75-2e3454ba7fbb,,,,st-louis,IL,Granite City,62040.0,2081 Edwardsville Rd,38.6933799,-90.1356636,meta,2025-06-02T07:00:00.000Z,0.909823677581864,OpenStreetMap,2024-08-06T00:47:11.000Z,,False
11a4e0a6-c695-4f6f-b4c9-1d32c9eb9731,Caterpillar,industrial_equipment,"['professional_services', 'shopping']",,,,,orlando,FL,Orlando,32824.0,9901 Ringhaver Dr,28.41962,-81.35416,meta,2025-06-02T07:00:00.000Z,0.3961437335670464,,,,False
f23177c4-c125-4b8e-a054-a74d342d74bc,Smoking Caterpillar Hookah Lounge,hookah_bar,"['bar', 'restaurant']",bebb6802-d957-4c13-b57a-ae55ccf40839,,,,denver,CO,Littleton,80121.0,5501 S Broadway Ste 105,39.617069567869606,-104.98947143554688,Microsoft,2010-09-01T02:16:47.290Z,0.77,OpenStreetMap,2024-03-11T07:27:37.000Z,,False
51fbff6b-716c-44ec-ab00-a90b4d3138aa,My Little Hungry Caterpillar,counseling_and_mental_health,['hospital'],c8e4b70b-5968-4b05-b617-9a7642a82a11,,,,miami,FL,Homestead,33032.0,27132 S Dixie Hwy,25.5151311,-80.4315997,meta,2025-06-02T07:00:00.000Z,0.8860580325548478,OpenStreetMap,2016-06-27T16:22:33.000Z,,False
31055825-03f6-472e-a5a1-faec04a95b3e,Caterpillar Lift Trucks,freight_and_cargo_service,"['car_dealer', 'automotive']",07c9a789-5906-4d87-8c04-50ce53c6aff7,,,,miami,FL,Miami,33166.0,8255 NW 58th St,25.8271597,-80.3313181,meta,2025-06-02T07:00:00.000Z,0.9297091412742382,OpenStreetMap,2016-08-04T03:07:27.000Z,,False
47f4381c-50d8-443e-b2e6-0b61fc71bf4d,Caterpillar Academy Daycare Preschool,day_care_preschool,"['preschool', 'school']",8849ce7d-a68b-4feb-a9fe-22ee648add52,,,,miami,FL,Hialeah,33012.0,5480 Palm Ave,25.8723849,-80.2839097,meta,2025-06-02T07:00:00.000Z,0.9784508333782836,OpenStreetMap,2017-03-09T00:43:33.000Z,,False
8914cc42-6a7c-4ec8-8b1d-9ae43cdc5d7e,Caterpillar,commercial_industrial,"['industrial_equipment', 'logging_services']",fa3d1ac8-8497-443f-86f8-42c8da655da9,,,,miami,FL,Miami Lakes,33014.0,15550 NW 59th Ave,25.91474,-80.298746,meta,2025-06-02T07:00:00.000Z,0.4929396662387676,OpenStreetMap,2020-07-31T15:18:47.000Z,,False
660c5a53-1b6a-46dd-84b7-2943ab3a9257,Mining&Oil USA - Caterpillar Components,automotive_parts_and_accessories,"['mining', 'granite_supplier']",,,,,miami,FL,Tamarac,33319.0,6075 W Commercial Blvd,26.1940349,-80.2301951,meta,2025-06-02T07:00:00.000Z,0.3961437335670464,,,,False
11f1f384-b952-42c8-ab10-4ea68f9153ec,The Hungry Caterpillar,vegetarian_restaurant,"['diner', 'restaurant']",ac4fc727-34c9-49fe-ab52-5ebc04198f5a,,commercial,office,jacksonville-florida,FL,Jacksonville,32207.0,2624 Atlantic Blvd,30.3052311,-81.6365643,meta,2025-06-02T07:00:00.000Z,0.9784508333782836,OpenStreetMap,2021-08-27T23:41:59.000Z,,False
112610e3-a969-4f69-a9d7-11e7e05d9571,Caterpillar Global Mining,industrial_equipment,"['professional_services', 'commercial_industrial']",11b48f2a-7f5e-450f-a5f6-4edef17f04b2,,industrial,industrial,milwaukee,WI,South Milwaukee,53172.0,1118 Rawson Ave,42.9165715,-87.8628993,meta,2025-06-02T07:00:00.000Z,0.9784508333782836,OpenStreetMap,2019-01-17T22:05:20.000Z,,False
cffa5ae1-be0c-4b5e-a6af-83fe1a78988a,The Smoking Caterpillar,tobacco_shop,"['shopping', 'tennis_stadium']",,,,,austin,TX,Austin,78701.0,512 Neches St,30.2666219,-97.7383962,meta,2025-06-02T07:00:00.000Z,0.9784508333782836,,,,False
