id_left,primary_name_left,primary_category,alternate_category,id_right,primary_name_right,subtype,class,source_city,region,locality,zipcode,address,latitude,longitude,plc_source_dataset,plc_source_update_time,plc_source_confidence,bldg_dataset,bldg_update_time,bldg_confidence,is_office_by_pipeline
59a5b008-4968-49c4-b426-f0e409cb6d2b,Eaton Real Estate,real_estate_agent,['real_estate'],,,,,provo,UT,Lehi,84043.0,308 W Main St,40.3878512,-111.8540817,meta,2025-06-02T07:00:00.000Z,0.9415384615384615,,,,False
f37cbca1-38dc-42a7-a8d1-f77104987dc5,Eaton Sales & Services LLC,oil_and_gas,"['b2b_energy_and_mining', 'business_to_business']",b2510cec-b6a8-47b6-9018-d3654f8fd738,,,,colorado-springs,CO,Colorado Springs,80905.0,610 E Brookside St,38.8129979,-104.8159368,Microsoft,2023-08-22T16:15:27.693Z,0.77,OpenStreetMap,2013-08-17T06:39:19.000Z,,False
a7a2d1f1-7b99-4f0a-ada7-c8531a6b3571,Kathy Eaton,real_estate_agent,"['real_estate_service', 'real_estate']",b42496f5-6158-4ad5-8c9a-1d78b6daaa88,,,,colorado-springs,CO,Colorado Springs,80918.0,6189 Lehman Dr,38.9199939,-104.7889107,meta,2025-06-02T07:00:00.000Z,0.8860580325548478,OpenStreetMap,2012-11-25T07:44:50.000Z,,False
c1247767-5db4-4379-b68b-43e8e9fc01ba,Van Eaton Galleries,art_gallery,"['shopping', 'arts_and_entertainment']",afc3ed8e-a53f-4738-bc99-9c72556d80b0,,commercial,retail,los-angeles,CA,Studio City,91604.0,12160 Ventura Blvd,34.143257,-118.3969397,meta,2025-06-02T07:00:00.000Z,0.9784508333782836,OpenStreetMap,2016-07-26T18:09:50.000Z,,False
9dc92b60-cf01-4ef0-ad13-51793c35a556,Eaton Aerospace,engineering_services,"['business_to_business_services', 'real_estate']",3e87bb8f-1a3a-4b7e-940e-9d5e1aee8755,,industrial,industrial,los-angeles,CA,Los Angeles,90039.0,4690 Colorado Blvd,34.1400698,-118.2747372,meta,2025-06-02T07:00:00.000Z,0.9784508333782836,OpenStreetMap,2016-07-01T05:33:05.000Z,,True
da2b5ac7-0382-4f00-bb30-5a0b17f47a46,Camp Eaton,rv_park,"['accommodation', 'shopping']",c18319e9-661e-4f0b-8686-b90ede7b157b,,,,los-angeles,,,91101.0,3450 Pasadena,34.146547,-118.139338,meta,2025-06-02T07:00:00.000Z,0.4929396662387676,OpenStreetMap,2024-11-30T14:35:39.000Z,,False
da2b5ac7-0382-4f00-bb30-5a0b17f47a46,Camp Eaton,rv_park,"['accommodation', 'shopping']",8dc60c3a-f0bb-4157-b310-f65c7ea3dd3c,,,,los-angeles,,,91101.0,3450 Pasadena,34.146547,-118.139338,meta,2025-06-02T07:00:00.000Z,0.4929396662387676,OpenStreetMap,2014-11-11T08:16:09.000Z,,False
104c228b-3253-4bea-b98b-ec8dbac8bb39,Altadena Eaton Fire Page,landmark_and_historical_building,"['arts_and_entertainment', 'professional_services']",2d71b81f-72e8-45a6-bd4e-fae29c1c8410,,residential,house,los-angeles,CA,Altadena,91001.0,2606 Madison Ave,34.1891344,-118.1333226,meta,2025-06-02T07:00:00.000Z,0.4929396662387676,OpenStreetMap,2023-03-02T11:40:00.000Z,,False
1f39ce25-d433-411c-82c3-324ed31b201e,Eaton's Golf Shop,sporting_goods,"['active_life', 'sports_club_and_league']",e4d93197-617f-4817-9046-3e1950f37b1b,Golf Shop,,,los-angeles,CA,Long Beach,90808.0,3036 Woodruff Ave,33.8120791,-118.1144616,meta,2025-06-02T07:00:00.000Z,0.9784508333782836,OpenStreetMap,2019-06-07T16:13:39.000Z,,False
8cf2b726-fcf3-4904-96d3-a24bb597016b,The Foothills at Eaton Canyon,landmark_and_historical_building,"['accommodation', 'real_estate']",66d922f7-2caf-48ad-9e3b-672353370fdd,,residential,apartments,los-angeles,CA,Pasadena,91104.0,2211 E Washington Blvd,34.1694349,-118.1049427,meta,2025-06-02T07:00:00.000Z,0.9784508333782836,OpenStreetMap,2017-02-03T16:11:10.000Z,,False
f9e2717b-8d7c-4325-96a7-7faab5dd7e36,Foothills at Eaton Canyon Apartments,apartments,['condominium'],df79bda6-0bad-4fde-ac7b-43218c252694,,residential,apartments,los-angeles,CA,Pasadena,91104.0,2211 E Washington Blvd,34.1697387695313,-118.104934692383,Microsoft,2015-07-24T18:49:46.543Z,0.77,OpenStreetMap,2017-02-03T16:09:15.000Z,,False
f9e2717b-8d7c-4325-96a7-7faab5dd7e36,Foothills at Eaton Canyon Apartments,apartments,['condominium'],e49ee704-5383-4066-9947-263cc07158ae,,residential,apartments,los-angeles,CA,Pasadena,91104.0,2211 E Washington Blvd,34.1697387695313,-118.104934692383,Microsoft,2015-07-24T18:49:46.543Z,0.77,OpenStreetMap,2017-02-03T16:09:39.000Z,,False
b5509bde-32f9-45f0-a0ba-c8fb58723472,DaVita Eaton Canyon Dialysis,dialysis_clinic,['health_and_medical'],,,,,los-angeles,CA,Pasadena,91107.0,2551 E Washington Blvd,34.1691325,-118.0976531,Microsoft,2020-12-26T05:27:06.797Z,0.77,,,,False
1dbf48fb-37ae-4581-bbca-f66d1a555645,DaVita Eaton Canyon Dialysis,dialysis_clinic,['health_and_medical'],8784d8e6-7004-4ce3-93ce-2b109839dd1a,,commercial,commercial,los-angeles,CA,Pasadena,91107.0,2551 E Washington Blvd,34.1695319,-118.097472,Microsoft,2024-01-17T22:17:40.637Z,0.77,OpenStreetMap,2017-02-03T15:48:49.000Z,,False
2ff5e2dc-57cb-4eee-86af-283970cfd255,Eaton Canyon Medical Building,doctor,"['hospital', 'family_practice']",77c1f144-f131-405c-b56b-6844b2101fc8,,commercial,commercial,los-angeles,CA,Pasadena,91107.0,2750 E Washington Blvd,34.1678099,-118.0945663,meta,2025-06-02T07:00:00.000Z,0.9297091412742382,OpenStreetMap,2019-09-13T11:33:27.000Z,,False
4d86d137-78c8-42f4-a94e-c4da64ac4c53,Eaton Dam Stables,horse_boarding,"['active_life', 'pet_services']",,,,,los-angeles,CA,Pasadena,91107.0,2800 New York Dr,34.1722513,-118.0924789,meta,2025-06-02T07:00:00.000Z,0.9784508333782836,,,,False
8753ca76-f40f-4e25-8821-4bc087d3bdd2,Eaton Canyon hiking,hiking_trail,"['active_life', 'park']",,,,,los-angeles,CA,Altadena,91001.0,1819 Coolidge Ave,34.1771272,-118.1002815,meta,2025-06-02T07:00:00.000Z,0.3376623376623376,,,,False
80e65502-4826-4563-b770-1b42b6ec52a5,Eaton Canyon,active_life,"['hiking_trail', 'park']",,,,,los-angeles,CA,Pasadena,91001.0,1750 N Altadena Dr,34.176107,-118.0983957,meta,2025-06-02T07:00:00.000Z,0.9297091412742382,,,,False
e0dadf05-0790-402c-b21e-41585c8797c0,Eaton Canyon Nature Center,national_park,"['park', 'nature_reserve']",3913c31b-aea6-46e5-80b0-0be2e9a97cf8,Eaton Canyon Nature Center,entertainment,,los-angeles,CA,Pasadena,91107.0,1750 N Altadena Dr,34.1770423,-118.0970383,meta,2025-06-02T07:00:00.000Z,0.9784508333782836,OpenStreetMap,2017-08-06T04:33:33.000Z,,False
8f87b00c-b5d6-4c1b-a503-512b2417693c,Eaton Canyon Reservoir,lake,['structure_and_geography'],,,,,los-angeles,,,91107.0,,34.1691725,-118.0906225,meta,2025-06-02T07:00:00.000Z,0.9300613496932516,,,,False
bd7b8c0d-b7a3-4988-aa08-8f2159cf6477,"Eaton Canyon Pasadena, Ca",active_life,,,,,,los-angeles,,,0.0,,34.1788091,-118.0965693,meta,2025-06-02T07:00:00.000Z,0.4929396662387676,,,,False
88b2a158-cc3e-44a5-8130-992b8969da2d,Eaton Canyon Golf Course,golf_course,['active_life'],faeeba6c-2063-46a0-a967-024f710e6480,,,,los-angeles,CA,Pasadena,91107.0,1150 Sierra Madre Villa Ave,34.16833,-118.0792925,meta,2025-06-02T07:00:00.000Z,0.9784508333782836,OpenStreetMap,2025-04-28T21:40:31.000Z,,False
2b140a61-c11b-4f79-a72d-bf670da391e7,Eurofins Eaton Analytical,environmental_conservation_and_ecological_organizations,['bottled_water_company'],c4053465-4934-4efc-a0fc-37e07e991a32,,commercial,commercial,los-angeles,CA,Monrovia,91016.0,750 Royal Oaks Dr,34.1424435,-117.9889687,meta,2025-06-02T07:00:00.000Z,0.4929396662387676,OpenStreetMap,2017-02-02T08:55:36.000Z,,False
6140efa4-9477-47f9-b95b-a77ebca5899e,Inspiration Point via Eaton Canyon,hiking_trail,['active_life'],,,,,los-angeles,,,91001.0,Pinecrest Dr,34.1905107,-118.1068134,meta,2025-06-02T07:00:00.000Z,0.3376623376623376,,,,False
b57bc578-c41c-4570-9569-3db7627d96d9,Eaton canyon,active_life,"['bridge', 'travel']",,,,,los-angeles,,,91001.0,Eaton Canyon Falls Trail,34.1946003,-118.1025081,meta,2025-06-02T07:00:00.000Z,0.9415384615384615,,,,False
89ad347e-2562-4443-8b3b-bd23f024d3f8,Eaton Canyon Falls,park,"['waterfall', 'mountain']",,,,,los-angeles,,,91001.0,1750 N Altadena Dr,34.1965327,-118.1023994,meta,2025-06-02T07:00:00.000Z,0.9784508333782836,,,,False
09fa3332-8853-431f-84f6-f652325473a7,The Waterfall At Eaton Canyon,mountain,"['waterfall', 'park']",,,,,los-angeles,,,91101.0,The Waterfall At Eaton Canyon,34.1965669,-118.1023997,meta,2025-06-02T07:00:00.000Z,0.7548172757475083,,,,False
72cc829a-373c-4419-8e22-16c770f9689d,Eaton Saddle Trailhead,hiking_trail,"['mountain', 'pub']",,,,,los-angeles,,,91001.0,"Parking lot, Mount Wilson Red Box Road, Mt Lowe Rd",34.2393719,-118.093353,meta,2025-06-02T07:00:00.000Z,0.9415384615384615,,,,False
ace82ebb-0fae-45a2-824f-110881b047e7,Van Eaton Mortgage,mortgage_broker,"['professional_services', 'installment_loans']",ad02b619-928d-402f-ad36-b5a7f1dbfc95,,residential,house,phoenix,AZ,Chandler,85248.0,1560 W Azalea Dr,33.2553312,-111.8700663,meta,2025-06-02T07:00:00.000Z,0.9297091412742382,OpenStreetMap,2023-06-25T22:04:13.000Z,,False
bdbc660a-210e-4fb2-996c-f1fcd658f022,Eaton Corporation,business_manufacturing_and_supply,"['commercial_industrial', 'professional_services']",9c77cbd5-9d00-4f12-a239-e75d20905760,,,,phoenix,AZ,Chandler,85226.0,560 N 54th St,33.3115742,-111.9712202,meta,2025-06-02T07:00:00.000Z,0.9459263554653524,OpenStreetMap,2013-05-14T12:56:23.000Z,,True
a729905a-4661-4fa9-b23c-8ffd1262fbf0,Eaton Automotive LLC.,automotive_repair,['professional_services'],9f77b614-66bc-4aca-8070-8431722349c8,,commercial,commercial,phoenix,AZ,Cottonwood,86326.0,1151 E State Route 89A,33.5664701,-112.1189079,meta,2025-06-02T07:00:00.000Z,0.9879256218304756,OpenStreetMap,2022-03-17T05:25:26.000Z,,False
d6bc69f9-5bbc-48c5-b0b8-ac3e26fa36d2,Eaton Chiropractic Center,chiropractor,"['medical_service_organizations', 'hospital']",da14532e-42d8-4a97-b904-5060b9a2065c,,,,rochester,NY,Gates,14606.0,2211 Lyell Ave,43.1640905,-77.6847268,meta,2025-06-02T07:00:00.000Z,0.9300613496932516,OpenStreetMap,2021-05-31T14:05:55.000Z,,False
f9b37c84-e681-4d88-b64b-e03d06d12a84,Eaton Driving School,driving_school,"['education', 'traffic_school']",7a762e92-782f-4422-9e1b-7588283169f6,,,,rochester,NY,Greece,14615.0,1577 W Ridge Rd,43.2052399,-77.6694596,meta,2025-06-02T07:00:00.000Z,0.9784508333782836,OpenStreetMap,2025-03-18T02:22:51.000Z,,False
9700f68a-1ea6-44c0-a7d8-639caa014680,Eaton Manufacturer Plant,jewelry_and_watches_manufacturer,"['jewelry_store', 'business_manufacturing_and_supply']",7ea651c7-3489-42c3-ad0e-578970669d86,,commercial,retail,minneapolis,MN,Eden Prairie,55344.0,14900 Technology Dr,44.8598787,-93.467256,meta,2025-06-02T07:00:00.000Z,0.5662921348314607,OpenStreetMap,2025-01-04T20:03:03.000Z,,False
e0bbc8cf-ef78-4faf-81ae-6b8e7735e41b,Eaton Corporation Hydraulics Operations,engineering_services,"['industrial_equipment', 'machine_shop']",f16e4eaf-6a25-4a85-8e05-e35960dac4e8,,,,minneapolis,MN,Eden Prairie,55344.0,14615 Lone Oak Rd,44.85864,-93.46338,meta,2025-06-02T07:00:00.000Z,0.3961437335670464,OpenStreetMap,2010-05-13T03:04:32.000Z,,True
4493f8e7-2e63-4e9a-be3d-71e4473b0fce,Eaton Fluid Power,commercial_industrial,"['industrial_equipment', 'professional_services']",f16e4eaf-6a25-4a85-8e05-e35960dac4e8,,,,minneapolis,MN,Eden Prairie,55344.0,14615 Lone Oak Rd,44.858713,-93.463361,meta,2025-06-02T07:00:00.000Z,0.296943231441048,OpenStreetMap,2010-05-13T03:04:32.000Z,,False
b206eee4-c1f7-4ec7-a778-7d6dbde04d83,Eaton Corporation Cutler Hammer,engineering_services,"['professional_services', 'fast_food_restaurant']",31d064fd-1042-4272-ad06-034fc630826c,,industrial,industrial,riverside-san-bernardino,CA,Fontana,92337.0,13201 Dahlia St,34.051258,-117.517195,meta,2025-06-02T07:00:00.000Z,0.5662921348314607,OpenStreetMap,2015-05-01T08:03:58.000Z,,True
904b8d70-aedd-4af4-8be9-5de9b7d9ebe4,Eaton's Tire Service,tire_dealer_and_repair,"['automotive_repair', 'automotive']",,,,,riverside-san-bernardino,CA,Fontana,92335.0,15319 Valley Blvd,34.0700692,-117.4708294,meta,2025-06-02T07:00:00.000Z,0.9784508333782836,,,,False
435d4c85-3f36-4f57-9d76-cc992dd065a6,Frank Eaton Memorial Park,park,"['playground', 'topic_concert_venue']",0c0abce2-ec20-4d8c-a09e-9be444ce0be7,,,,riverside-san-bernardino,CA,Perris,92571.0,3600 Bradley Rd,33.838465,-117.19052,meta,2025-06-02T07:00:00.000Z,0.7548172757475083,Microsoft ML Buildings,2022-03-17T00:00:00.000Z,,False
7f922b51-38a0-43a9-88b6-44318e3ead76,Eaton Corporation,professional_services,"['laboratory_testing', 'industrial_equipment']",,,,,orlando,,,32819.0,100 Southpark Center,28.4282028,-81.4178125,meta,2025-06-02T07:00:00.000Z,0.242152466367713,,,,True
32db878f-8823-42e5-abdc-017256b8279f,Eaton Realty Services,property_management,"['real_estate_agent', 'real_estate']",5d53e435-901a-4d5a-9bf8-6695fc1f8c41,,commercial,commercial,orlando,FL,Orlando,32826.0,1858 N Alafaya Trl,28.57056,-81.20881,meta,2025-06-02T07:00:00.000Z,0.5662921348314607,OpenStreetMap,2018-03-27T12:45:13.000Z,,False
a5e7013f-fb33-4382-acab-89eb5b61df9f,Eaton Industries,commercial_industrial,"['chemical_plant', 'industrial_equipment']",,,,,el-paso,,Juárez,32647.0,Calle Oliver Cromwell 2650,31.6897235,-106.4697182,meta,2025-06-02T07:00:00.000Z,0.9297091412742382,,,,False
e16d2736-3df4-4769-91f1-b263c1287332,Van Eaton Ready Mix,construction_services,"['contractor', 'home_improvement_store']",,,,,oklahoma-city,OK,Oklahoma City,73127.0,401 N Council Rd,35.469741,-97.6554661,meta,2025-06-02T07:00:00.000Z,0.9459263554653524,,,,False
b4a3429f-cc23-4d5c-a008-d4b304d6b7f1,Eaton Business Solutions,professional_services,"['financial_service', 'trusts']",bbddb04a-eb94-498f-a7ea-ab24eb1cf769,,,,oklahoma-city,OK,Moore,73160.0,121 W Main St,35.3383845,-97.487786,meta,2025-06-02T07:00:00.000Z,0.9297091412742382,OpenStreetMap,2022-05-08T21:24:27.000Z,,False
07338ec0-0ee9-4fe7-b0c0-dccc60618c88,Eaton Quade Plastics and Sign,plastic_manufacturer,"['plastic_fabrication_company', 'screen_printing_t_shirt_printing']",c9771cda-4efe-49f4-8673-c11a96ab93f0,Eaton Quade Plastics,,,oklahoma-city,OK,Oklahoma City,73106.0,1116 W Main St,35.4676125,-97.5312037,meta,2025-06-02T07:00:00.000Z,0.9784508333782836,OpenStreetMap,2020-01-31T15:11:35.000Z,,False
c3be2010-fa6c-48a0-abab-d1516911d610,Eaton,industrial_equipment,"['construction_services', 'fast_food_restaurant']",0377a63f-4ce3-4ed8-9db0-1b911516efb2,,,,cincinnati,OH,West Chester,45069.0,9902 Windisch Rd,39.3063321,-84.4322877,meta,2025-06-02T07:00:00.000Z,0.9300613496932516,OpenStreetMap,2011-02-18T10:13:01.000Z,,False
893aee57-f93f-4e30-a12d-b4867cecc85f,Ron's Eaton Avenue Barber Shop,barber,"['beauty_salon', 'beauty_and_spa']",ada80180-fc24-4a44-9e6f-32b99e5868f5,,,,cincinnati,OH,Hamilton,45013.0,512 Eaton Ave,39.41404,-84.5733898,meta,2025-06-02T07:00:00.000Z,0.9784508333782836,Esri Community Maps,2024-10-15T00:00:00.000Z,,False
7178add3-615f-4ed5-b3c9-90184270e84f,Eaton market,convenience_store,"['gas_station', 'supermarket']",,,,,cincinnati,OH,Hamilton,45013.0,1009 Eaton Ave,39.4216935,-84.5763163,meta,2025-06-02T07:00:00.000Z,0.9784508333782836,,,,False
d6671b7b-cb97-4bd1-a0fb-c3e0202b307f,Eaton Realty,real_estate,"['real_estate_agent', 'property_management']",d31f85db-db7f-4672-a7ab-bf64502b2207,,,,tampa,FL,Lithia,33547.0,14012 Spector Rd,27.8528095,-82.2549551,meta,2025-06-02T07:00:00.000Z,0.9879256218304756,OpenStreetMap,2024-10-12T22:57:29.000Z,,False
c9554ad6-1e8a-4d0b-b5a4-561f83735472,Eaton & Associates,it_service_and_computer_repair,"['information_technology_company', 'professional_services']",0e6d97df-ccfd-4fc1-bd65-482ace0fde08,Airport Service Center,,,san-francisco,CA,Burlingame,94010.0,890 Cowan Rd,37.6009711,-122.3764656,meta,2025-06-02T07:00:00.000Z,0.9459263554653524,OpenStreetMap,2021-05-26T03:19:37.000Z,,False
4a7eb325-bd66-46f3-9f24-f49ed714d035,The Eaton Park Labyrinth,active_life,"['park', 'nature_reserve']",1d480dee-bf01-425e-8ffc-c9dc904472d1,,,,san-francisco,CA,San Carlos,94070.0,2999 Eaton Ave,37.4842672,-122.2699604,meta,2025-06-02T07:00:00.000Z,0.7548172757475083,OpenStreetMap,2015-12-28T17:16:51.000Z,,False
fcea4418-0382-4f1b-b68c-83a3e9c68078,Supreme Lending - Scott Eaton,mortgage_broker,"['installment_loans', 'real_estate']",17b1c181-227b-4ae9-9d72-04461a274919,,commercial,office,san-francisco,CA,San Mateo,94404.0,1810 Gateway Dr,37.5567461,-122.2816038,meta,2025-06-02T07:00:00.000Z,0.9784508333782836,OpenStreetMap,2013-05-28T02:24:13.000Z,,False
3a4c5175-8e12-472c-8738-a016961e1b15,Eaton Escrow,escrow_services,"['real_estate_agent', 'home_improvement_store']",9adaaee9-094b-4b34-86bd-71afc58633e6,,,,san-diego,CA,San Diego,92108.0,2727 Camino del Rio S,32.769748,-117.1346185,meta,2025-06-02T07:00:00.000Z,0.9415384615384615,OpenStreetMap,2009-03-05T23:59:19.000Z,,False
f6280b43-9b11-412a-b565-292635e57331,Eaton,professional_services,['fast_food_restaurant'],86964caf-779f-4b12-8f65-a0c7035f6592,,industrial,industrial,san-diego,CA,San Diego,92123.0,4619 Viewridge Ave,32.823296,-117.122,meta,2025-06-02T07:00:00.000Z,0.242152466367713,OpenStreetMap,2020-09-21T11:47:56.000Z,,False
98b3a139-1d4a-4bcf-b3f4-90b2f4118919,Eaton Escrow,escrow_services,"['home_improvement_store', 'real_estate_agent']",83e724e5-2798-452c-b5a5-f16c719f6be7,,commercial,retail,san-diego,CA,El Cajon,92019.0,2471 Jamacha Rd,32.744886,-116.928073,meta,2025-06-02T07:00:00.000Z,0.9415384615384615,OpenStreetMap,2022-02-11T21:47:08.000Z,,False
5ed56d0d-94b5-45d9-aa69-695539ab435e,Eaton Alliance,charity_organization,['cafe'],4211ca63-7a67-43cd-b3b5-001f906ddc65,,,,salt-lake-city,UT,West Jordan,84088.0,1327 W Little Creek Dr,40.5843201,-111.9297485,meta,2025-06-02T07:00:00.000Z,0.242152466367713,Microsoft ML Buildings,2023-09-25T00:00:00.000Z,0.9868999719619752,False
5ed56d0d-94b5-45d9-aa69-695539ab435e,Eaton Alliance,charity_organization,['cafe'],e7ad5586-f86b-400f-8ea1-8e041739b213,,,,salt-lake-city,UT,West Jordan,84088.0,1327 W Little Creek Dr,40.5843201,-111.9297485,meta,2025-06-02T07:00:00.000Z,0.242152466367713,Microsoft ML Buildings,2023-09-25T00:00:00.000Z,0.9693999886512756,False
54b047c0-d5dd-44b1-97fc-c8401b3ec5ca,Eaton's Intermountain RC Raceway,race_track,"['active_life', 'sports_and_recreation_venue']",,,,,salt-lake-city,UT,South Salt Lake,84119.0,1000 W Beardsley Pl,40.7174697,-111.9199996,meta,2025-06-02T07:00:00.000Z,0.9784508333782836,,,,False
47c4cdc3-46ad-4ba5-b7a2-d1f137417879,Eaton Metal Products,commercial_industrial,['professional_services'],49beada3-03ec-4638-86fe-500b0669d59b,Eaton Metals,,,salt-lake-city,UT,Salt Lake City,84104.0,844 S Chestnut St,40.750941,-111.9555667,meta,2025-06-02T07:00:00.000Z,0.9459263554653524,OpenStreetMap,2025-03-17T01:24:59.000Z,,False
2487acbd-0a92-4b3a-93fc-09ae5c61f5f2,Eaton Corporation,industrial_equipment,"['professional_services', 'it_service_and_computer_repair']",c1691e57-6dd8-448f-ba63-6f0c95f2194b,Eaton Aerospace Group,commercial,commercial,new-haven,CT,Bethel,6801.0,15 Durant Ave,41.3735543,-73.4142324,meta,2025-06-02T07:00:00.000Z,0.9784508333782836,OpenStreetMap,2020-09-23T02:08:22.000Z,,True
05e65c8b-22d5-4403-b4c4-473dd3d96d90,Eaton Township,public_and_government_association,"['public_service_and_government', 'commercial_industrial']",5c07bdd7-af9d-464b-b6dc-14f5014c2ba9,,,,cleveland,OH,Grafton,0.0,,41.293214,-81.9808645,meta,2025-06-02T07:00:00.000Z,0.4929396662387676,Microsoft ML Buildings,2020-10-14T00:00:00.000Z,0.9940999746322632,False
453b4298-7b34-4015-903f-88352331e547,Eaton Township Hall,public_service_and_government,"['central_government_office', 'fire_department']",54cbf70a-8387-4538-a0f6-60a2a5867ed3,,,,cleveland,OH,Grafton,44044.0,12043 Avon Belden Rd,41.3134911,-82.0205893,meta,2025-06-02T07:00:00.000Z,0.9784508333782836,Microsoft ML Buildings,2020-10-14T00:00:00.000Z,0.9882000088691713,False
0d2a287a-5308-4dae-9759-69ad70dbce6b,Residents for a Safer Eaton Township,fire_department,['fire_protection_service'],b71be7ff-6ce0-4538-b85a-41a6f24548f6,,,,cleveland,OH,Grafton,44044.0,35955 Royalton Rd,41.313517,-82.019212,meta,2025-06-02T07:00:00.000Z,0.2456896551724137,Microsoft ML Buildings,2020-10-14T00:00:00.000Z,1.0,False
075f0ebc-fe15-4889-8f42-306d805f4b59,Eaton Township Fire Department,fire_department,"['public_and_government_association', 'fire_protection_service']",b71be7ff-6ce0-4538-b85a-41a6f24548f6,,,,cleveland,OH,Grafton,44044.0,35955 Royalton Rd,41.3135901,-82.0192126,meta,2025-06-02T07:00:00.000Z,0.9784508333782836,Microsoft ML Buildings,2020-10-14T00:00:00.000Z,1.0,False
fd690a23-fe72-4abe-a077-721df3c6ed00,North Eaton Christian Church,church_cathedral,['religious_organization'],dad3032d-7877-49c7-9ed8-1732c07f212a,,,,cleveland,OH,Grafton,44044.0,35895 Royalton Rd,41.313881,-82.0185224,meta,2025-06-02T07:00:00.000Z,0.9784508333782836,Microsoft ML Buildings,2020-10-14T00:00:00.000Z,0.9275000095367432,False
10ac46b7-3c35-45d3-b40d-716f7326bf51,North Eaton Church of God,church_cathedral,['religious_organization'],30fd507c-af99-4480-8c1b-5356d74040c6,,,,cleveland,OH,Grafton,44044.0,12096 Island Rd,41.3122192,-82.0018994,meta,2025-06-02T07:00:00.000Z,0.9784508333782836,Microsoft ML Buildings,2020-10-14T00:00:00.000Z,0.9997000098228456,False
c5c7bd14-b4a5-4888-84bd-7fd619c47e94,Eaton Auto Parts,tire_dealer_and_repair,"['automotive_repair', 'automotive_parts_and_accessories']",,,,,cleveland,OH,Grafton,44044.0,12044 Island Rd,41.3131745,-82.0015587,meta,2025-06-02T07:00:00.000Z,0.9204819277108434,,,,False
be8ac8fb-0503-479c-ab07-fa0298388f7b,Eaton,commercial_industrial,"['shopping', 'religious_organization']",9a422a6b-7064-4c3b-bcb8-5ec8384f1e2c,Eaton,industrial,industrial,cleveland,OH,Berea,44017.0,1000 W Bagley Rd,41.373577,-81.8821346,meta,2025-06-02T07:00:00.000Z,0.9459263554653524,OpenStreetMap,2019-09-17T19:34:15.000Z,,False
9a00f0a3-1a86-4175-8f92-9f822d42d98e,Eaton Corp Airflex Div,event_planning,"['real_estate', 'professional_services']",440f3ad0-06e6-469b-ba42-88e7d9a1f0e1,,,,cleveland,OH,Cleveland,44144.0,9919 Clinton Rd,41.450097,-81.755287,meta,2025-06-02T07:00:00.000Z,0.5662921348314607,Microsoft ML Buildings,2020-09-25T00:00:00.000Z,,True
13334bd5-f8ab-4f3f-96a2-a44fc1779b76,Eaton Center,event_planning,"['landmark_and_historical_building', 'topic_concert_venue']",34f35001-e590-4510-822c-b3ad3399d915,Eaton Center,commercial,commercial,cleveland,OH,Cleveland,44114.0,1111 Superior Ave E,41.5035422,-81.6869605,meta,2025-06-02T07:00:00.000Z,0.5662921348314607,OpenStreetMap,2024-08-11T18:23:24.000Z,,False
f69524cb-7269-4a39-98dd-47fb64055ace,Dix & Eaton,marketing_agency,"['advertising_agency', 'public_relations']",3a8acd56-1b6e-4f73-a3ba-505aa5585b4a,Bulkley Building,commercial,commercial,cleveland,OH,Cleveland,44115.0,1501 Euclid Ave,41.50169,-81.68156,meta,2025-06-02T07:00:00.000Z,0.3376623376623376,OpenStreetMap,2022-11-06T18:48:12.000Z,,False
c06a0797-17b0-418f-b0c7-6009a24034cf,J.T. Eaton and Co.,pest_control_service,"['industrial_company', 'home_improvement_store']",3b09b9df-46f4-41dc-a41b-8214ae446457,,,,cleveland,OH,Twinsburg,44087.0,1393 Highland Rd,41.2981765,-81.4752483,meta,2025-06-02T07:00:00.000Z,0.9459263554653524,OpenStreetMap,2024-08-25T23:06:24.000Z,,False
3793ba11-44cf-4864-ac55-051a3a8859c6,Eaton Estate Residents,accommodation,,d11c61c7-ac16-4eee-8844-09cfbaea16ea,,residential,house,cleveland,OH,Sagamore Hills,44067.0,Eaton Drive,41.3368866,-81.5518001,meta,2025-06-02T07:00:00.000Z,0.242152466367713,OpenStreetMap,2020-07-30T05:59:41.000Z,,False
e1643d17-2fe5-4a70-a775-f8ad24fda0cd,Eaton Estates Pool,active_life,"['community_center', 'accommodation']",840ed36f-d741-4da6-80af-aed421917b31,,,,cleveland,,,44067.0,Eaton Dr,41.331796,-81.546795,meta,2025-06-02T07:00:00.000Z,0.4929396662387676,OpenStreetMap,2018-07-09T20:45:31.000Z,,False
defcb5f8-279d-4b68-ae55-38ce932e36a4,Club House in Eaton Estate,event_planning,,840ed36f-d741-4da6-80af-aed421917b31,,,,cleveland,OH,Northfield,44067.0,8413 Eaton Dr,41.3317842,-81.5467562,meta,2025-06-02T07:00:00.000Z,0.4929396662387676,OpenStreetMap,2018-07-09T20:45:31.000Z,,True
9e4b177e-a61c-40d5-ade8-87f8d6132cfd,Eaton Ridge,accommodation,"['landmark_and_historical_building', 'real_estate']",b91ae875-4cda-446d-b5cc-a9231499b35a,,,,cleveland,OH,Northfield,44067.0,201 Eaton Ridge Dr,41.3373898,-81.5343361,meta,2025-06-02T07:00:00.000Z,0.9784508333782836,Microsoft ML Buildings,2020-09-21T00:00:00.000Z,,False
d1412265-d207-4116-9b90-b4144ffc3c26,Lee Eaton Intermediate School,elementary_school,"['education', 'public_school']",16bc51a9-a94b-44b7-82fb-51618f6d17b3,,,,cleveland,OH,Northfield,44067.0,115 Ledge Rd,41.3364403,-81.5270076,meta,2025-06-02T07:00:00.000Z,0.9784508333782836,Microsoft ML Buildings,2020-09-21T00:00:00.000Z,,False
911b2d29-4864-4779-ba71-8ec65d2b1dd3,Eaton Center,event_planning,"['professional_services', 'shopping_center']",,,,,cleveland,OH,Beachwood,44122.0,1000 Eaton Blvd,41.455343,-81.5035118,meta,2025-06-02T07:00:00.000Z,0.9784508333782836,,,,True
0b077904-ac96-4253-a54a-33b73908e25c,Eaton,lighting_fixtures_and_equipment,['commercial_real_estate'],cc9d1317-814e-44f7-bf6f-ae6b95d2273b,,outbuilding,roof,cleveland,OH,Cleveland,44122.0,1000 Eaton Blvd,41.4554093,-81.5037488,Microsoft,2020-01-29T17:02:34.387Z,0.77,OpenStreetMap,2015-10-23T22:27:11.000Z,,False
6eea5f1c-d91b-4a56-b672-e3033504b05d,Eaton Corp,laboratory_testing,"['commercial_industrial', 'industrial_equipment']",51bb0804-35f2-4e45-8c1e-a03d92edab03,,industrial,industrial,cleveland,OH,Euclid,44117.0,23555 Euclid Ave,41.5787058,-81.5243176,meta,2025-06-02T07:00:00.000Z,0.7548172757475083,OpenStreetMap,2020-11-11T03:25:49.000Z,,False
7ff3b4fd-b61d-454f-b1ce-b8575de74ea4,Eaton Family Credit Union,credit_union,"['atms', 'bank_credit_union']",f0fea39c-173d-4629-8a1a-4b2584705706,,,,cleveland,OH,Euclid,44123.0,333 Babbitt Rd,41.6068475,-81.5241761,meta,2025-06-02T07:00:00.000Z,0.9879256218304756,OpenStreetMap,2017-01-02T12:02:05.000Z,,False
99a8654c-7ac9-4c07-8964-d021a72b61fa,Eaton Family Credit Union,credit_union,['bank_credit_union'],8e93c0f5-c0b5-40e4-a515-bd7ec0a76916,Burger King,commercial,,cleveland,OH,Cleveland,44123.0,333 Babbitt Rd Ste 100,41.6084315171594,-81.525764465332,Microsoft,2013-01-27T21:00:12.577Z,0.77,OpenStreetMap,2024-05-14T13:04:01.000Z,,False
f8e7922a-0863-4f98-a7fa-262a7be7b798,Eaton Family Credit Union,credit_union,['bank_credit_union'],,,,,cleveland,OH,Willoughby Hills,44092.0,28954 Chardon Rd,41.5839920156383,-81.4699530601501,Microsoft,2013-01-27T21:00:12.890Z,0.77,,,,False
0edea053-8d86-49db-879c-bb98b3e25541,Eaton Family Credit Union,credit_union,['bank_credit_union'],,,,,cleveland,OH,Wickliffe,44092.0,1460 Rockefeller Rd,41.608297,-81.472506,Microsoft,2013-01-27T21:00:12.233Z,0.77,,,,False
b3fdba20-085b-4889-8550-ca6a39e7a3b7,Eaton Hall Brownsburg,arts_and_entertainment,"['accommodation', 'religious_organization']",,,,,indianapolis,IN,Brownsburg,46112.0,61 N Green St,39.8445994,-86.3963116,meta,2025-06-02T07:00:00.000Z,0.5662921348314607,,,,False
7ad27c05-1e2d-4dd5-93c6-43b2af0e69eb,John Eaton Homes,contractor,"['construction_services', 'home_improvement_store']",3d5b4a86-4685-48ee-96ea-7ab4d239081b,,,,indianapolis,IN,Indianapolis,46202.0,1101 Central Ave,39.78205,-86.14907,meta,2025-06-02T07:00:00.000Z,0.5662921348314607,OpenStreetMap,2022-02-21T08:48:17.000Z,,False
d655b03d-4529-4a83-a587-7259b7e6a425,Eaton Chiropractic & Rehab Center,chiropractor,"['naturopathic_holistic', 'hospital']",23ddfd95-073a-4536-81af-42ba9ed92b6a,,commercial,commercial,indianapolis,IN,Carmel,46032.0,12337 Hancock St,39.9677279,-86.1484956,meta,2025-06-02T07:00:00.000Z,0.9784508333782836,OpenStreetMap,2014-05-31T01:44:10.000Z,,False
71f74b90-68bc-4dc9-a87f-7baf5368c9c0,Envy by Alan Eaton,wig_store,"['beauty_salon', 'hair_replacement']",42706f72-d7df-44ce-9623-be87df4ee9ff,,,,indianapolis,IN,Indianapolis,46220.0,5292 E 65th St,39.8762413,-86.0796811,meta,2025-06-02T07:00:00.000Z,0.9415384615384615,OpenStreetMap,2025-01-20T19:39:58.000Z,,False
d671d1a5-eb16-4c18-801f-46a0c48210bf,Chase Eaton,financial_advising,"['investing', 'professional_services']",1430c272-492e-477f-a9ae-9074cd88afc5,,,,indianapolis,IN,Indianapolis,46250.0,8275 Allison Pointe Trl,39.9063165,-86.0798979,meta,2025-06-02T07:00:00.000Z,0.8860580325548478,OpenStreetMap,2022-12-14T00:31:46.000Z,,False
7b8df435-86f1-4850-8567-b1b9875ede33,Eaton Custom Homes,builders,,,,,,indianapolis,IN,Indianapolis,46256.0,8677 Bash St,39.9141656,-86.0428726,Microsoft,2025-05-16T15:17:02.697Z,0.77,,,,False
2def6ca6-218e-4a6b-bdb1-8ae6fc9486da,Tracy Eaton,divorce_and_family_law,"['legal_services', 'professional_services']",f4ae42d5-a26f-49a7-a508-db7fc659380c,,residential,apartments,des-moines,IA,Des Moines,50309.0,535 SW 11th St,41.5770199,-93.628157,meta,2025-06-02T07:00:00.000Z,0.9415384615384615,OpenStreetMap,2025-02-27T08:11:53.000Z,,False
fdd55795-e4bf-4620-a4d5-b2504a9cff55,Monica Lyon with Van Eaton & Romero,real_estate_agent,"['real_estate', 'legal_services']",871cd9e0-87e3-4507-be10-539c6109a45a,,,,lafayette,LA,Lafayette,70508.0,6 Degaulle Sq,30.17342,-92.042828,meta,2025-06-02T07:00:00.000Z,0.296943231441048,Microsoft ML Buildings,2022-11-23T00:00:00.000Z,,False
5a7259cb-c9ba-48af-acd8-df37c449ec4d,Carole Horn -Van Eaton & Romero Real Estate,real_estate_agent,"['real_estate_service', 'real_estate']",871cd9e0-87e3-4507-be10-539c6109a45a,,,,lafayette,LA,Lafayette,70508.0,6 Degaulle Sq,30.1735001,-92.0426865,meta,2025-06-02T07:00:00.000Z,0.3376623376623376,Microsoft ML Buildings,2022-11-23T00:00:00.000Z,,False
7cd27bbc-66e1-4524-b47f-7d02dd30531c,Van Eaton and Romero,home_improvement_store,"['lawyer', 'real_estate']",c5b8f394-2d27-4444-9cf1-8330df79452a,,,,lafayette,LA,New Orleans,70130.0,430 Notre Dame St,30.20126,-92.03059,meta,2025-06-02T07:00:00.000Z,0.3376623376623376,OpenStreetMap,2023-11-13T21:56:49.000Z,,False
587f82e5-8c4f-4b28-b282-5db502bb3211,Van Eaton Partners,real_estate_agent,"['real_estate_service', 'real_estate']",c1e755a7-65d5-4048-829f-bb542853d2e5,,,,lafayette,LA,Lafayette,70508.0,300 Rue Beauregard,30.18905,-92.00856,meta,2025-06-02T07:00:00.000Z,0.5662921348314607,Microsoft ML Buildings,2023-03-15T00:00:00.000Z,,False
695d6d42-a073-4ef8-9b3f-07246bc40408,Eaton Plumbing,plumbing,"['contractor', 'home_improvement_store']",,,,,columbus-ohio,OH,Westerville,43081.0,5600 E Walnut St,40.1143166,-82.8382795,meta,2025-06-02T07:00:00.000Z,0.9688311688311688,,,,False
523787ca-e056-4ffe-8f13-7a419ffc2678,Beth Eaton Pottery,art_gallery,"['arts_and_entertainment', 'shopping']",c6d0276e-ff3c-4772-b800-9001836ce53a,,,,milwaukee,WI,Milwaukee,53207.0,815 E Potter Ave,42.99691,-87.8989234,meta,2025-06-02T07:00:00.000Z,0.9784508333782836,OpenStreetMap,2021-01-25T17:24:32.000Z,,False
a88c6b1f-7b89-4c54-9e70-429e35802acb,Eaton's Cooper Power System,business_manufacturing_and_supply,"['commercial_industrial', 'industrial_equipment']",,,,,milwaukee,WI,South Milwaukee,53172.0,2800 9th Ave,42.9030844,-87.8596927,meta,2025-06-02T07:00:00.000Z,0.9459263554653524,,,,False
cff76cba-f4ae-4335-a002-e111b338865f,"Kelly Eaton Boussert, MD",pain_management,"['doctor', 'health_and_medical']",5d760944-7de7-41ed-81b3-104767c18e07,,medical,hospital,baton-rouge,LA,Baton Rouge,70809.0,"8585 Picardy Ave., Medical Tower 2, Suite 518",30.393546,-91.094926,Microsoft,2025-01-06T15:08:34.147Z,0.77,OpenStreetMap,2021-09-04T00:31:54.000Z,,False
0ea613d8-8491-4d01-8ce6-ba4a525befde,Barbara Anne Eaton - Baton Rouge Real Estate,real_estate_agent,"['real_estate', 'real_estate_service']",3778378d-2f75-40ca-af52-53b89bad6f12,,,,baton-rouge,LA,Baton Rouge,70809.0,5025 Bluebonnet Blvd,30.402299,-91.082377,meta,2025-06-02T07:00:00.000Z,0.296943231441048,Esri Community Maps,2024-10-15T00:00:00.000Z,,False
1fee5294-2941-48e3-b4b1-7ccb81a8d8a3,"Teresa Eaton, Realtor - Herron Real Estate",real_estate_agent,['real_estate'],,,,,jacksonville-florida,FL,Jacksonville,32257.0,10210 San Jose Blvd Suite 6,30.19248,-81.62582,meta,2025-06-02T07:00:00.000Z,0.3376623376623376,,,,False
affea1aa-e307-4547-b789-08d75ddcf49e,OraSure Technologies Eaton Avenue Facility,industrial_company,"['commercial_industrial', 'business_manufacturing_and_supply']",,,,,allentown-bethlehem,PA,Bethlehem,18018.0,1745 Eaton Ave,40.6314943,-75.4071591,meta,2025-06-02T07:00:00.000Z,0.9415384615384615,,,,False
200b86ca-9130-43ce-a568-b893b1a28fc2,Suzanne Eaton Christmas Trees/Brambleton,shopping,['agricultural_service'],12273e3e-0da2-4996-8d17-d4ff4f0d0cb9,,commercial,retail,washington-dc,VA,Brambleton,20148.0,18000 Olympia Drive,38.985594,-77.536461,meta,2025-06-02T07:00:00.000Z,0.4929396662387676,OpenStreetMap,2023-05-12T01:34:05.000Z,,False
8218dc7b-5add-497d-90f4-382e047441a7,Suzanne Eaton Christmas TREES,shopping,"['nursery_and_gardening', 'landscaping']",,,,,washington-dc,VA,Herndon,20170.0,782 Elden St,38.969929,-77.387566,meta,2025-06-02T07:00:00.000Z,0.3376623376623376,,,,False
854793fd-00bd-446b-848e-84d2b6d6bbde,Eaton Square at Arlington Ridge,landmark_and_historical_building,"['accommodation', 'professional_services']",88be31a3-f959-454b-abe2-4e90acf5cede,,,,washington-dc,VA,Alexandria,22305.0,801 Four Mile Rd,38.8432244,-77.0692749,meta,2025-06-02T07:00:00.000Z,0.9459263554653524,OpenStreetMap,2017-11-27T21:27:15.000Z,,False
f91e2d8b-28e9-4b6d-a9d8-24f70e939acd,Eaton Elementary School,elementary_school,"['school', 'public_school']",e7ae6de9-abaf-49f8-bbf9-86819d902c8c,,,,washington-dc,DC,Washington,20008.0,3301 Lowell St NW,38.9326677,-77.06593,meta,2025-06-02T07:00:00.000Z,0.9784508333782836,OpenStreetMap,2024-10-25T19:19:45.000Z,,False
7403912f-43ec-49db-8aa6-6df022b4517a,Eaton DC,hotel,"['music_venue', 'professional_services']",7d99f86f-bea1-44a0-895b-80f6b06f72db,,,,washington-dc,DC,Washington,20005.0,1201 K St NW,38.9028966,-77.0282968,meta,2025-06-02T07:00:00.000Z,0.9879256218304756,OpenStreetMap,2010-08-07T16:27:01.000Z,,False
45adb39a-b3d8-4241-be42-6eecfb4201b2,Eaton Square,landmark_and_historical_building,"['real_estate', 'professional_services']",,,,,washington-dc,MD,Hyattsville,20785.0,7874 Sheriff Rd,38.9131335,-76.8706911,meta,2025-06-02T07:00:00.000Z,0.9204819277108434,,,,False
a2c11480-b382-4316-bac2-ba230955ddd7,"Joanna Eaton Registered Dietitian, Nutritionist. Digestive Care Specialists",gastroenterologist,"['doctor', 'nutritionist', 'health_and_medical']",,,,,washington-dc,MD,Germantown,20876.0,19851 Observation Dr Ste 245,39.18259157644761,-77.24320047849372,Microsoft,2018-08-19T15:00:33.313Z,0.77,,,,False
b83afc7b-87c8-440c-8d5c-05db89004faf,Eaton Services Inc,hvac_services,"['contractor', 'professional_services']",dfbbac13-48d6-4989-bcb9-10b180d57011,,,,washington-dc,MD,Beltsville,20705.0,6757 Mid Cities Ave,39.0534221,-76.8892044,meta,2025-06-02T07:00:00.000Z,0.909823677581864,OpenStreetMap,2013-08-31T17:02:28.000Z,,False
3adb39f0-95be-4194-bd3e-f14436e2981e,Eaton Square,shopping_center,"['landmark_and_historical_building', 'real_estate']",10bcae1c-aafd-4296-ac92-8f6160a21532,Eaton Square Shopping Center,commercial,commercial,honolulu,HI,Honolulu,96815.0,438 Hobron Ln,21.287094,-157.8361326,meta,2025-06-02T07:00:00.000Z,0.9784508333782836,OpenStreetMap,2022-11-22T21:46:59.000Z,,False
5018190a-b6ac-46c4-93f1-cb03d0f4b2d0,Shanon Chang Eaton MD,doctor,"['family_practice', 'hospital']",18beb8ed-eb53-4cba-8878-2a2acc421109,,,,honolulu,HI,Honolulu,96814.0,1401 S Beretania St,21.299733,-157.839295,meta,2025-06-02T07:00:00.000Z,0.3376623376623376,OpenStreetMap,2025-05-01T21:09:22.000Z,,False
35f21371-2b72-4d20-a6a2-eb8b0cf2c89e,Fred Eaton Services Station,gas_station,"['automotive_repair', 'automotive']",e358573f-e4fa-45cd-8aac-36b4124e89a6,,,,mobile,AL,Prichard,36610.0,1616 St Stephens Rd,30.7345221,-88.1020432,meta,2025-06-02T07:00:00.000Z,0.9784508333782836,Esri Community Maps,2024-10-15T00:00:00.000Z,,False
08fd2688-76bb-4784-89f8-3bd06ce2dfdc,Eaton High School,school,,,,,,new-orleans,CO,Eaton,80615.0,1661 Collins Street,29.9375,-90.01471,meta,2025-06-02T07:00:00.000Z,0.5662921348314607,,,,False
8c465841-9819-460e-8b00-1f2583cf1020,"Matt Eaton, CCIM",commercial_real_estate,,4b2a550c-23a3-4378-a2b0-14e93a4795df,,,,new-orleans,LA,Metairie,70002.0,3331 Severn Ave,30.00999,-90.15896,meta,2025-06-02T07:00:00.000Z,0.242152466367713,OpenStreetMap,2020-02-18T01:15:08.000Z,,False
f3c3b347-f718-48eb-bd96-fa9e495388e3,Eaton Corporation,business_manufacturing_and_supply,"['industrial_equipment', 'commercial_industrial']",,,,,richmond,VA,Sandston,23150.0,530 Eastpark Ct,37.5316914,-77.3319641,meta,2025-06-02T07:00:00.000Z,0.9300613496932516,,,,True
a60eb907-8fa9-4d1d-95ba-df76c021f88d,Eaton Roofing & Exteriors,roofing,"['contractor', 'painting']",,,,,wichita,KS,Wichita,67213.0,3821 W Bounous St,37.6639186,-97.3874068,meta,2025-06-02T07:00:00.000Z,0.9459263554653524,,,,False
409b42db-88a0-4c97-8a9b-77e524340989,Eaton Place,landmark_and_historical_building,['accommodation'],c7f59a35-7546-44b8-bbad-6a5b459c237a,,,,wichita,KS,Wichita,67202.0,517 E Douglas Ave,37.6858887,-97.3325048,meta,2025-06-02T07:00:00.000Z,0.9784508333782836,OpenStreetMap,2019-02-07T13:43:44.000Z,,False
28846d18-201d-437c-a87b-78b6074b4760,Schwab Eaton,civil_engineers,['engineering_services'],5624a5af-b95b-4a3c-a905-23dba0cc1eeb,Old Town Center,,,wichita,KS,Wichita,67202.0,800 E 1st St N Ste 240,37.6881776,-97.328528,Microsoft,2025-05-22T11:12:36.507Z,0.77,OpenStreetMap,2016-02-21T23:38:04.000Z,,False
713bed00-d988-47f8-8651-16beaadbcb4d,Suzanne Eaton,real_estate_agent,['professional_services'],2a8d178c-19ac-4966-8766-f0b7824467ce,,commercial,retail,knoxville,TN,Knoxville,37934.0,11347 Parkside Dr,35.9014644,-84.1600261,meta,2025-06-02T07:00:00.000Z,0.909823677581864,OpenStreetMap,2019-02-26T00:41:25.000Z,,False
3c10c341-85a8-454f-8cbc-6b6e84239089,Eaton Baltimore Satellite,engineering_services,"['professional_services', 'commercial_industrial']",28a4c1df-9844-42db-9519-680972902699,Eaton,commercial,commercial,baltimore,MD,Hanover,21076.0,7451 Coca Cola Dr,39.19027,-76.7293892,meta,2025-06-02T07:00:00.000Z,0.9415384615384615,OpenStreetMap,2023-11-26T02:51:04.000Z,,False
fd12b4d7-78de-4d93-8953-4db39f07498d,Eaton Liquors,liquor_store,['grocery_store'],83580305-ecbb-47c7-83cc-c70a7f0fa50a,,,,baltimore,MD,Baltimore,21224.0,101 S Eaton St,39.2914077,-76.5654895,meta,2025-06-02T07:00:00.000Z,0.9784508333782836,OpenStreetMap,2015-04-03T05:34:09.000Z,,False
fc61c2e0-71a7-4cb9-8bfd-e288494204b2,"Community Mental Health Authority of Clinton, Eaton, Ingham Counties",counseling_and_mental_health,"['health_and_medical', 'community_services_non_profits']",79521600-0b71-4459-970a-a56c49dd5213,,,,lansing,MI,Lansing,48910.0,812 E Jolly Rd,42.6825187,-84.5410665,meta,2025-06-02T07:00:00.000Z,0.9784508333782836,OpenStreetMap,2023-11-05T21:00:00.000Z,,False
01d7ae1d-e917-40f5-929a-fe1771717c43,Eaton County Barry Eaton District Health Department,public_and_government_association,"['public_service_and_government', 'public_school']",4f2ddd14-a5dc-4b2a-99ac-be72c519a5b6,,,,lansing,MI,Lansing,48910.0,1033 Health Care Dr,42.704655,-84.537383,meta,2025-06-02T07:00:00.000Z,0.4929396662387676,Microsoft ML Buildings,2022-10-28T00:00:00.000Z,,False
1623ca16-20c7-4278-9f1f-321c745b3d51,Eaton County Sheriff's Office,police_department,"['public_and_government_association', 'law_enforcement']",,,,,lansing,,,0.0,,42.7365063,-84.6510408,meta,2025-06-02T07:00:00.000Z,0.5662921348314607,,,,False
bb2b247c-c9fb-46d7-8110-657411500822,Eaton County Sheriff's Office Substation,police_department,"['law_enforcement', 'public_and_government_association']",,,,,lansing,MI,Delta Twp,48917.0,7736 Administration Dr,42.7420748,-84.663422,meta,2025-06-02T07:00:00.000Z,0.9784508333782836,,,,False
55fd5dcf-3e6b-4a58-8e9b-2c44df10fa63,Eaton County Prosecutor's Office,central_government_office,"['public_and_government_association', 'public_service_and_government']",9ee7695c-b49b-4235-b1dc-705c196d07b0,Lansing Mall,,,lansing,MI,Delta Twp,48917.0,5330 W Saginaw Hwy,42.7436053,-84.6291653,meta,2025-06-02T07:00:00.000Z,0.9415384615384615,OpenStreetMap,2023-11-11T02:13:46.000Z,,False
7ff37ddc-e874-4024-9d66-f1610acdd9db,Eaton Rapids Township Fire Department,public_and_government_association,"['fire_department', 'ambulance_and_ems_services']",,,,,lansing,MI,Lansing,48933.0,120 W Michigan Ave,42.7336726,-84.5530765,meta,2025-06-02T07:00:00.000Z,0.3376623376623376,,,,False
ec789fbb-bd2f-48dc-961a-e5e4b568fd6a,Adams & Eaton Concrete Pumping,contractor,['home_improvement_store'],,,,,kansas-city,KS,Olathe,66062.0,15645 S Keeler St,38.8448413,-94.8081854,meta,2025-06-02T07:00:00.000Z,0.9300613496932516,,,,False
c3e2661b-87d0-4012-91c5-732501dd6b33,Farmers Insurance-Jacob Eaton Agency,insurance_agency,,16bd8339-a2fa-4450-908e-20a025ab0b63,,commercial,office,kansas-city,KS,Lenexa,66220.0,10101 Woodland Rd,38.9446528,-94.8155807,meta,2025-06-02T07:00:00.000Z,0.9784508333782836,OpenStreetMap,2025-05-29T09:38:24.000Z,,False
7939f6f2-83b9-4b59-8619-2975f0140561,Farmers Insurance - Jacob Eaton,auto_insurance,,,,,,kansas-city,KS,Lenexa,66220.0,10101 Woodland Dr Ste 200,38.96203,-94.81518,Microsoft,2025-05-24T01:37:55.327Z,0.77,,,,False
00779f90-5416-4262-90d1-bd0adcbb76f0,Dr. Kelly Eaton,chiropractor,"['naturopathic_holistic', 'aromatherapy']",3dd087ad-f430-4678-af59-5ce7cba33ed5,,commercial,commercial,kansas-city,KS,Merriam,66203.0,5103 Merriam Dr,39.03631,-94.6884199,meta,2025-06-02T07:00:00.000Z,0.9204819277108434,OpenStreetMap,2018-08-02T17:12:51.000Z,,False
323402ca-8d1c-494b-8edd-84d7a1a9a827,Michael R Eaton,nurse_practitioner,['health_and_medical'],f9f580ac-20f0-41b6-8085-42cbe5452387,,medical,hospital,kansas-city,MO,Kansas City,64108.0,1000 E 24th St Ste 2E,39.085555,-94.573002,Microsoft,2024-02-14T20:08:53.640Z,0.77,OpenStreetMap,2018-04-25T19:43:23.000Z,,False
6b4126d9-81c0-4bbf-afdd-88218e8ed899,Eaton Chemical,chemical_plant,['professional_services'],8507aa1b-a574-439e-96dd-c190ab239c50,,,,kansas-city,MO,Riverside,64150.0,4124 NW Riverside St,39.1703777,-94.6149793,meta,2025-06-02T07:00:00.000Z,0.9415384615384615,OpenStreetMap,2020-07-10T19:47:39.000Z,,False
d919cf69-dc57-4c03-9d95-fea3b2cd7d48,Eaton Chemical,business_to_business,,,,,,kansas-city,MO,Riverside,64150.0,4124 NW Riverside St,39.170237,-94.614067,Microsoft,2013-03-26T09:53:09.407Z,0.77,,,,False
5c091b7c-3a38-4b53-b45a-c675990fd8ad,Eaton Corp,engineering_services,['fast_food_restaurant'],efa863df-365a-4bb6-9266-305f0d57fbf6,,,,raleigh,NC,Morrisville,27560.0,9400 Globe Center Dr,35.8933015,-78.8013067,meta,2025-06-02T07:00:00.000Z,0.5662921348314607,OpenStreetMap,2015-12-17T19:42:23.000Z,,False
4e61c262-5255-412c-9315-72d9aedba89e,Eaton,laboratory_testing,"['commercial_industrial', 'industrial_company']",f3463372-1c54-4527-853c-7a3f0f5cb602,,industrial,industrial,raleigh,NC,Raleigh,27616.0,8380 Capital Blvd,35.8909434,-78.5589173,meta,2025-06-02T07:00:00.000Z,0.7548172757475083,OpenStreetMap,2023-02-11T21:48:22.000Z,,False
1dbdd37c-db60-4071-b689-9ab1363a6d45,I-75 Exit 52 - US-35 OH-4S Xenia Eaton,travel,['transportation'],,,,,dayton,OH,Dayton,45417.0,Interstate 75 & US Route 35,39.7476406,-84.2055292,meta,2025-06-02T07:00:00.000Z,0.3376623376623376,,,,False
3881c039-ddb6-47e1-be4d-fc2760062a85,Eaton Family Funeral Cremation,funeral_services_and_cemeteries,"['public_service_and_government', 'hospital']",,,,,modesto,CA,Modesto,95354.0,513 12th St,37.6374779,-120.9932948,meta,2025-06-02T07:00:00.000Z,0.9784508333782836,,,,False
f7216857-829e-4694-8ce7-b9084540ca44,Eaton Corporation,business_to_business_services,"['automotive', 'commercial_industrial']",8a5d9cfe-6449-4581-8eff-3a8e14c25106,,,,grand-rapids,MI,Grand Rapids,49512.0,3675 Patterson Ave SE,42.8965988,-85.5493031,meta,2025-06-02T07:00:00.000Z,0.9784508333782836,OpenStreetMap,2022-11-21T22:22:08.000Z,,True
0651b9a4-0af6-41b9-ac2f-aa50e4ce17c6,Eaton Corporation DRS,fast_food_restaurant,"['contractor', 'business']",671a3b62-3e00-478f-9408-4751021c280c,,industrial,industrial,dallas,TX,Grapevine,76051.0,631 Westport Pkwy,32.9033769,-97.0890305,meta,2025-06-02T07:00:00.000Z,0.9459263554653524,OpenStreetMap,2019-01-02T21:06:20.000Z,,True
7641518c-5d84-4e19-b71c-91b9624a861a,Travis Eaton | Realtor Dallas TX,real_estate_agent,,,,,,dallas,TX,Dallas,75205.0,5015 Tracy St #102,32.8282554,-96.7853793,Microsoft,2023-09-01T22:31:41.610Z,0.77,,,,False
c3986e26-3293-4a85-8ef7-2be996257c1c,Eaton Hardwood Floors,contractor,"['carpet_store', 'professional_services']",e2b9e89b-70b4-49ef-becb-c259e9a00a66,,,,dallas,TX,Garland,75041.0,2415 Executive Dr,32.887333,-96.6819247,meta,2025-06-02T07:00:00.000Z,0.9300613496932516,OpenStreetMap,2018-11-07T05:05:02.000Z,,False
e3c26c03-bd89-4221-b301-7c797c67f3f0,"EATON, QUENZER and ASSOCIATE",accountant,"['financial_service', 'investing']",beaf08b9-8ce4-4393-b1c3-b1d718f4b602,,,,dallas,TX,Plano,75074.0,1000 18th St,33.0237325,-96.7005358,meta,2025-06-02T07:00:00.000Z,0.8831168831168831,OpenStreetMap,2018-12-08T19:25:28.000Z,,False
c993a203-50a3-4538-959c-92cb2f2e2cdd,Eaton Custom Jewelers,jewelry_store,"['fashion_accessories_store', 'jewelry_and_watches_manufacturer']",3653f550-bf24-4871-8add-61fd5aef81d2,,,,dallas,TX,Plano,75024.0,5200 McDermott Rd,33.0940114,-96.8046774,meta,2025-06-02T07:00:00.000Z,0.9784508333782836,OpenStreetMap,2019-02-06T22:09:14.000Z,,False
1e7e4aff-cefd-440a-baac-5e8fb67171cc,Salon & Spa at Eaton Court,day_spa,"['hair_salon', 'spas', 'beauty_and_spa', 'retail']",4ee9ec89-ba72-45ff-ab05-e250faba9711,,commercial,retail,dallas,TX,Allen,75013.0,202 S Austin Dr,33.101555,-96.670769,Microsoft,2010-09-22T17:49:20.297Z,0.77,OpenStreetMap,2018-05-15T18:11:50.000Z,,False
7db766cd-1eb7-438a-969e-a3e2676177b6,Eaton Corporation,professional_services,"['electrician', 'it_service_and_computer_repair']",3b3fffce-71bf-4e5b-b521-949735c82210,,commercial,commercial,denver,CO,Littleton,80120.0,8022 Southpark Cir,39.5707679,-105.0281066,meta,2025-06-02T07:00:00.000Z,0.9297091412742382,OpenStreetMap,2019-08-16T00:58:29.000Z,,True
ea7a7c76-155d-4a95-8987-04092e58c2c0,The Summit An Eaton Community,real_estate_agent,,9dba6706-594a-43d6-bb03-f17c1942e758,,,,denver,CO,Lakewood,80226.0,323 S Eaton St,39.7096678,-105.0597142,Microsoft,2023-12-15T20:57:49.817Z,0.77,OpenStreetMap,2024-03-11T06:49:09.000Z,,False
73b00b9a-81b5-493e-853a-43496dd34b6a,Eaton Senior Communities,community_services_non_profits,['retirement_home'],9dba6706-594a-43d6-bb03-f17c1942e758,,,,denver,CO,Lakewood,80226.0,333 S Eaton St,39.7096611,-105.0595514,meta,2025-06-02T07:00:00.000Z,0.9784508333782836,OpenStreetMap,2024-03-11T06:49:09.000Z,,False
e9378850-569c-4006-8eea-17a7fe184015,Eaton Heights Townhomes,business_advertising,['marketing_agency'],d3e3a8e4-b2e1-41cf-a7d6-a9ba29c2a265,,residential,terrace,denver,CO,Denver,80214.0,1905 Eaton St,39.746572,-105.0592149,meta,2025-06-02T07:00:00.000Z,0.3961437335670464,OpenStreetMap,2022-04-01T01:54:50.000Z,,False
fb8c5737-cc64-421a-8a80-e9d9d8a1660d,Eaton Apartments,apartments,,8dd80436-8a85-4f9f-b5ea-ac0e0a01307d,,residential,apartments,denver,CO,Denver,80218.0,1225-1235 E 9th Ave,39.73064,-104.97222,Microsoft,2023-05-31T15:10:34.410Z,0.77,OpenStreetMap,2019-07-18T23:14:53.000Z,,False
223d327f-e192-4f2c-b0ff-1b7de81d9ef0,Eaton Sales & Service,business_manufacturing_and_supply,"['industrial_equipment', 'shopping']",be4b665f-868e-4814-b009-cebc3c4468f2,,,,denver,CO,Denver,80216.0,4803 York St,39.7841356,-104.9595707,meta,2025-06-02T07:00:00.000Z,0.9784508333782836,OpenStreetMap,2013-02-15T20:05:14.000Z,,False
0490f1a4-d80b-416e-a77d-22f553bfd2a4,Eaton Street Apartments,landmark_and_historical_building,"['accommodation', 'professional_services']",cde5ee5e-4a59-4340-973e-0e95261e1553,Eaton Street Apartments,residential,apartments,denver,CO,Westminster,80031.0,8877 Eaton St,39.8579688,-105.0584065,meta,2025-06-02T07:00:00.000Z,0.9784508333782836,OpenStreetMap,2020-04-13T21:47:30.000Z,,False
aae99f13-a14f-4b41-8f17-2aa66ab9d8de,Eaton Corporation Satellite,shopping,"['commercial_industrial', 'engineering_services']",2b65f867-0ef7-4d51-9cd5-0d3084fea661,,industrial,industrial,denver,CO,Aurora,80011.0,2450 Airport Blvd,39.754057,-104.7906249,meta,2025-06-02T07:00:00.000Z,0.909823677581864,OpenStreetMap,2021-12-29T17:29:09.000Z,,True
b8033699-a94a-4e01-9f78-8ce6fa3f3790,Eaton Creek Post Acute,retirement_home,['hospital'],fc3bf44d-67e0-4698-8d0b-cfc40e8f0e8b,,,,nashville-davidson,TN,Nashville,37218.0,4343 Ashland City Hwy,36.2074256,-86.8597144,meta,2025-06-02T07:00:00.000Z,0.909823677581864,Esri Community Maps,2024-10-15T00:00:00.000Z,,False
9b380a08-1ff0-4ddd-8b12-5c4a84957369,The Eaton Family Law Firm,divorce_and_family_law,,407dbb20-d83d-4eed-ad3e-d97d80dfd2e8,,,,nashville-davidson,TN,Nashville,37215.0,4000 Hillsboro Pike Unit 715,36.103624,-86.814106,Microsoft,2022-08-24T19:35:35.410Z,0.77,OpenStreetMap,2021-08-23T10:51:06.000Z,,False
01219f25-4b25-4314-8255-9b5c8c47105f,Eaton Used Cars Inc,used_car_dealer,"['car_dealer', 'automotive_dealer']",,,,,nashville-davidson,TN,Nashville,37203.0,520 Lafayette St,36.1532333,-86.7748912,meta,2025-06-02T07:00:00.000Z,0.9297091412742382,,,,False
5b5e9301-4de6-46bc-8198-3970d285c8eb,Eaton Physical Therapy,physical_therapy,"['hospital', 'occupational_therapy']",48f39bd6-d26f-4e14-b796-4aa2d81acfe5,,,,sacramento,CA,Rocklin,95765.0,6835 Lonetree Blvd,38.7970813,-121.2897242,meta,2025-06-02T07:00:00.000Z,0.9784508333782836,OpenStreetMap,2010-02-01T02:14:13.000Z,,False
efd58649-142d-413b-8f52-57f82def3993,Eaton Interiors,interior_design,,551be021-7255-4e8c-a56c-fe845cd47699,,commercial,retail,sacramento,CA,Folsom,95630.0,801B Sutter St,38.6767296,-121.1777172,Microsoft,2020-02-21T15:36:00.903Z,0.77,OpenStreetMap,2018-10-28T19:03:19.000Z,,False
16dfbfd6-9302-47a7-bce9-27395474c2d9,Law Offices of Denise Eaton May,employment_law,"['lawyer', 'legal_services']",0ba87a78-0928-498f-9913-257e36c05f3e,,,,concord,CA,Hayward,94541.0,1290 B St,37.6763263,-122.078061,meta,2025-06-02T07:00:00.000Z,0.909823677581864,OpenStreetMap,2020-09-18T19:55:18.000Z,,False
09532b12-bf76-4c8e-9dea-9ffb2fe81365,The Dorris-Eaton School,home_service,"['preschool', 'school']",0ed934f0-fcfe-4003-96d9-f70b8ff2632a,,,,concord,CA,Alamo,94507.0,1286 Stone Valley Rd,37.8541982,-122.0276604,meta,2025-06-02T07:00:00.000Z,0.9784508333782836,OpenStreetMap,2024-05-26T10:32:42.000Z,,False
cd29c3c0-3b05-4501-b478-7268d5d183af,Dorris-Eaton School,school,"['private_school', 'education']",08ba0563-e7bd-4d76-8ac0-1754e57b7814,,,,concord,CA,Walnut Creek,94595.0,1847 Newell Ave,37.888973,-122.066599,meta,2025-06-02T07:00:00.000Z,0.3961437335670464,Microsoft ML Buildings,2019-04-29T00:00:00.000Z,,False
c729fa2c-328f-411c-983a-9d97309e3614,Eaton Electrical,professional_services,['laboratory_testing'],fb66c364-8a40-4c52-b769-eddf080de767,,,,concord,CA,Pleasanton,94588.0,5994 W Las Positas Blvd,37.681252,-121.902676,meta,2025-06-02T07:00:00.000Z,0.296943231441048,OpenStreetMap,2015-11-23T00:42:29.000Z,,False
73c86150-8aa4-423d-b142-14f040d2d003,Eaton,convenience_store,"['eat_and_drink', 'cafe']",,,,,concord,CA,Pleasanton,94588.0,5735 W Las Positas Blvd,37.6866665,-121.8911678,meta,2025-06-02T07:00:00.000Z,0.9415384615384615,,,,False
3854c597-8e2d-4ddb-b5ea-974b27963970,The Dorris-Eaton School,school,"['elementary_school', 'middle_school']",52f9ba16-45cd-4592-805a-008eb2818d88,,,,concord,CA,San Ramon,94583.0,1 Annabel Ln,37.7727561,-121.972044,meta,2025-06-02T07:00:00.000Z,0.9784508333782836,OpenStreetMap,2023-12-25T09:25:36.000Z,,False
6111f677-e524-483d-aa29-c5d7ee3d0af3,Eaton's Ephesus Lighting,lighting_store,"['b2b_science_and_technology', 'home_improvement_store']",989b96c7-bb75-4c6e-a415-2027c4b61276,,,,syracuse,NY,Syracuse,13202.0,125 E Jefferson St,43.0473898,-76.15104,meta,2025-06-02T07:00:00.000Z,0.9300613496932516,OpenStreetMap,2015-04-10T16:51:33.000Z,,False
40174c36-0cae-410a-a580-544d7f1fabd5,Eaton Corp,engineering_services,"['computer_store', 'fast_food_restaurant']",adfc3e2c-dc10-4437-a411-4b1b82efe93c,,,,syracuse,NY,Syracuse,13208.0,1201 Wolf St,43.0831705,-76.1569526,meta,2025-06-02T07:00:00.000Z,0.5662921348314607,OpenStreetMap,2024-08-02T17:56:53.000Z,,False
6b615b8f-a94a-48ef-acc9-e1cc9311841d,Law Office of Leanard E Van Eaton,lawyer,"['real_estate', 'legal_services']",,,,,memphis,TN,Memphis,38018.0,8121 Walnut Run Rd,35.1466128,-89.7923391,meta,2025-06-02T07:00:00.000Z,0.9204819277108434,,,,True
06328794-9dcf-4622-a4d0-dec8169dc5d4,VR Eaton High School,high_school,"['elementary_school', 'campus_building']",,,,,fort-worth,TX,Haslet,76052.0,1350 Eagle Blvd,32.9405283,-97.38844,meta,2025-06-02T07:00:00.000Z,0.9784508333782836,,,,True
9eafab82-5d18-40e8-8339-79172ed99b25,VR Eaton  - FCCLA,youth_organizations,"['fast_food_restaurant', 'social_service_organizations']",8571a706-74c7-4f0e-8366-5aaadf1ee127,,education,school,fort-worth,TX,Haslet,76052.0,1350 Eagle Blvd,32.94086,-97.38843,meta,2025-06-02T07:00:00.000Z,0.4929396662387676,OpenStreetMap,2021-03-30T04:52:34.000Z,,False
7b48aeb3-cef2-42b2-839a-439061944ef4,Eaton High School Cheerleaders,high_school,"['active_life', 'school_sports_team']",8571a706-74c7-4f0e-8366-5aaadf1ee127,,education,school,fort-worth,TX,Haslet,0.0,,32.94086,-97.38843,meta,2025-06-02T07:00:00.000Z,0.4929396662387676,OpenStreetMap,2021-03-30T04:52:34.000Z,,False
5da6afe1-a888-474d-9c2d-722a3959690c,Eaton High Performance Art Center,high_school,"['theatre', 'performing_arts']",08558775-19d2-4748-a840-3b773beba679,,education,school,fort-worth,TX,Fort Worth,76052.0,1350 Eagle Blvd,32.9424124,-97.3889866,meta,2025-06-02T07:00:00.000Z,0.9784508333782836,OpenStreetMap,2022-10-28T20:53:09.000Z,,False
47b966c8-6013-4d92-9f6d-955544b121f7,Eaton High School Sapphires,school,"['education', 'college_university']",8571a706-74c7-4f0e-8366-5aaadf1ee127,,education,school,fort-worth,TX,Haslet,76052.0,1350 Eagle Blvd,32.9407885,-97.3882787,meta,2025-06-02T07:00:00.000Z,0.3961437335670464,OpenStreetMap,2021-03-30T04:52:34.000Z,,False
08b94eb9-ab74-4192-aba7-42331d6a71dc,Eaton High baseball field,baseball_field,"['school_sports_team', 'school']",,,,,fort-worth,TX,Fort Worth,76052.0,1350 Eagle Blvd,32.9429836,-97.38829,meta,2025-06-02T07:00:00.000Z,0.9415384615384615,,,,False
36478a72-b0eb-48c7-a4c9-fc9fa7ed4353,VR Eaton Stadium,active_life,"['football_stadium', 'sports_club_and_league']",,,,,fort-worth,,,0.0,,32.9425528,-97.385675,meta,2025-06-02T07:00:00.000Z,0.9415384615384615,,,,False
7ad538c9-4caa-489d-9b54-a70926a2ee24,The Eaton Law Firm PLLC,lawyer,['real_estate_law'],959b9f5a-311b-477c-9740-a0178f78b7c1,,commercial,office,fort-worth,TX,Southlake,76092.0,109 River Oaks Dr,32.936677,-97.189576,meta,2025-06-02T07:00:00.000Z,0.3376623376623376,OpenStreetMap,2024-12-23T08:49:25.000Z,,False
0651b9a4-0af6-41b9-ac2f-aa50e4ce17c6,Eaton Corporation DRS,fast_food_restaurant,"['contractor', 'business']",671a3b62-3e00-478f-9408-4751021c280c,,industrial,industrial,fort-worth,TX,Grapevine,76051.0,631 Westport Pkwy,32.9033769,-97.0890305,meta,2025-06-02T07:00:00.000Z,0.9459263554653524,OpenStreetMap,2019-01-02T21:06:20.000Z,,True
b69b9161-a69f-403b-ae72-1f1d7809fc67,Eaton Preserve Park,park,"['nature_reserve', 'active_life']",,,,,chicago,IL,Plainfield,60544.0,191 E 135th St,41.6366771,-88.1934996,meta,2025-06-02T07:00:00.000Z,0.7548172757475083,,,,False
65ad51fc-c535-47fa-a8e4-a596c1e3241c,Eaton's Redwood Inn,pub,"['bar', 'restaurant']",fc907dba-65a7-4879-b3e8-6f9a64449550,,,,chicago,IL,Elgin,60123.0,118 W Chicago St,42.0366899,-88.286988,meta,2025-06-02T07:00:00.000Z,0.9784508333782836,OpenStreetMap,2022-05-18T19:41:52.000Z,,False
65ad51fc-c535-47fa-a8e4-a596c1e3241c,Eaton's Redwood Inn,pub,"['bar', 'restaurant']",f2a22f73-5a74-4f4b-a2f0-04bc2426c646,,,,chicago,IL,Elgin,60123.0,118 W Chicago St,42.0366899,-88.286988,meta,2025-06-02T07:00:00.000Z,0.9784508333782836,OpenStreetMap,2022-05-18T19:41:52.000Z,,False
6b345673-e1e4-4008-9e96-28c6a03f7920,Eaton Corporation,electronics,,507322be-1a02-41fe-af52-63ea15882527,,industrial,industrial,chicago,IL,Glendale Heights,60139.0,210 Windy Point Dr,41.9272588,-88.0805481,meta,2025-06-02T07:00:00.000Z,0.9300613496932516,OpenStreetMap,2024-06-30T20:12:18.000Z,,True
a2bd4183-46e1-4e9c-bdf1-6d8ebafcd69d,"Dr. Jeffrey D. Eaton, D.D.S.",endodontist,"['general_dentistry', 'pediatric_dentist', 'dentist', 'health_and_medical']",f3357ef8-8308-4bb9-bdca-9faac3b6738a,eBizUniverse,commercial,office,chicago,IL,Schaumburg,60173.0,1501 E Woodfield Rd Ste 100E,42.041039,-88.04291,Microsoft,2020-03-04T21:40:51.380Z,0.77,OpenStreetMap,2024-01-22T22:50:53.000Z,,False
fc549508-88e0-4cf2-a55f-cb1b541bc614,Montgomery & Eaton Dental,pediatric_dentist,"['dentist', 'health_and_medical']",f3357ef8-8308-4bb9-bdca-9faac3b6738a,eBizUniverse,commercial,office,chicago,IL,Schaumburg,60173.0,1501 E Woodfield Rd Ste 100E,42.041039,-88.04291,Microsoft,2020-03-04T21:43:51.483Z,0.77,OpenStreetMap,2024-01-22T22:50:53.000Z,,False
d3c3e704-873a-4d5c-b990-f359bd5657f7,Montgomery & Eaton Dental,dentist,"['health_and_medical', 'hospital']",8fb54054-2ba7-47d5-a84f-12c735d33ae4,,commercial,office,chicago,IL,Schaumburg,60173.0,1501 Woodfield Rd Suite 100E,42.0452135,-88.0439688,meta,2025-06-02T07:00:00.000Z,0.9879256218304756,OpenStreetMap,2025-05-08T04:53:03.000Z,,False
b5dd5f61-06df-4036-805e-79234e83c57c,Eaton Field Park,park,"['topic_concert_venue', 'attractions_and_activities']",,,,,chicago,IL,Des Plaines,60018.0,2975 S Craig Dr,41.9990634,-87.8702214,meta,2025-06-02T07:00:00.000Z,0.9459263554653524,,,,False
04699d1b-0b78-44f2-bab6-bb5a48134cf2,BRETT EATON,doctor,['health_and_medical'],7416fc4c-fadb-4c8d-9a2d-3581e611a914,,,,chicago,IL,Chicago,60614.0,2265 N Clybourn Ave,41.92319,-87.6661,Microsoft,2025-05-22T12:05:11.650Z,0.77,OpenStreetMap,2013-03-13T20:33:03.000Z,,False
9a16b31a-33fc-4e9c-956e-5c4d0a7ffe3c,Eaton Strength & Conditioning,gym,"['fitness_trainer', 'active_life']",ea25a8b3-0d5b-41a9-82bf-ec53fd34471f,,commercial,commercial,chicago,IL,Deerfield,60015.0,151 S Pfingsten Rd,42.1501698,-87.8458427,meta,2025-06-02T07:00:00.000Z,0.9204819277108434,OpenStreetMap,2022-07-24T05:29:29.000Z,,False
cfcf1a12-259c-4184-b051-3f0d7f6861e6,Eaton Arrowsmith School,education,"['school', 'fast_food_restaurant']",4f7aacbf-fc1b-4a53-b95a-1e5995f531fb,,commercial,commercial,seattle,WA,Redmond,98052.0,17946 NE 65th St,47.6642766,-122.1015676,meta,2025-06-02T07:00:00.000Z,0.9784508333782836,OpenStreetMap,2023-03-17T19:53:23.000Z,,False
031c2d5f-1a04-4252-8cb6-fad3ad35ec10,Eaton Farms,farm,"['professional_services', 'insurance_agency']",9c9fa951-fe10-4848-91e8-5ace00652353,,,,seattle,WA,Bothell,98012.0,1232 194th St SE,47.821572,-122.216172,meta,2025-06-02T07:00:00.000Z,0.242152466367713,Microsoft ML Buildings,2023-09-01T00:00:00.000Z,0.9907000064849854,False
d583de9e-4045-4a1c-9226-821d41f8f60b,Eaton Farm,farm,"['fruits_and_vegetables', 'farmers_market']",,,,,hartford,CT,Farmington,6032.0,55 Red Oak Hill Rd,41.7260252,-72.8588586,meta,2025-06-02T07:00:00.000Z,0.9784508333782836,,,,False
63f73a1a-cfd0-40da-861d-aef171aaa88b,Eaton Corporation,professional_services,,e7ed2b28-971f-4db7-b32c-55af9ccb073d,,commercial,retail,st-louis,MO,Fenton,63026.0,62 Soccer Park Rd,38.5439613,-90.4378687,meta,2025-06-02T07:00:00.000Z,0.9459263554653524,OpenStreetMap,2017-09-22T14:51:04.000Z,,True
a451d024-8d87-4869-983d-77044da92de9,Eaton Properties,property_management,"['real_estate_agent', 'real_estate']",,,,,st-louis,MO,St Charles,63304.0,3828 S Old Highway 94,38.7438571,-90.5828075,meta,2025-06-02T07:00:00.000Z,0.9784508333782836,,,,False
a0b5a5f7-153b-4923-b3e2-39ad0ccd6e46,"Samuel H. Eaton, MD",urologist,"['doctor', 'health_and_medical']",7e421c7d-9443-4ed6-a137-e903f9626a8f,Miriam Hospital,medical,hospital,providence,RI,Providence,2906.0,164 Summit Ave,41.85200867,-71.3979171,Microsoft,2025-04-25T04:36:23.567Z,0.77,OpenStreetMap,2019-02-19T13:51:20.000Z,,False
7fdb1e80-877c-4d85-954c-6cfa0ef38270,"Charles Eaton, MD",doctor,['health_and_medical'],c1d95f6e-b913-4bb7-a3a5-84ec325f2963,,medical,hospital,providence,RI,Pawtucket,2860.0,111 Brewster St,41.87005,-71.376146,Microsoft,2025-04-07T16:52:20.657Z,0.77,OpenStreetMap,2019-07-12T16:06:13.000Z,,False
a9b25e40-18e4-4efc-ae79-8e63f73ba086,Eaton Agency LLC,insurance_agency,,e761dc5f-d3e5-4a01-8a26-72210ab6f335,,,,little-rock,AR,North Little Rock,72114.0,516 W Pershing Blvd,34.7791834,-92.2737969,meta,2025-06-02T07:00:00.000Z,0.9784508333782836,Microsoft ML Buildings,2022-05-29T00:00:00.000Z,,False
6ef1b55f-2453-479a-abf7-4a6d0be51203,"William Eaton, MD",doctor,['health_and_medical'],e99684a0-bf69-4c48-8659-e137fb8e72c1,,,,sarasota-bradenton,FL,North Port,34287.0,13815 Tamiami Trl,27.0464967,-82.2458943,Microsoft,2021-12-28T15:04:53.527Z,0.77,OpenStreetMap,2021-09-18T18:49:36.000Z,,False
ad6f1990-4af5-4a05-a411-f43dd0850386,Sharon Rose Eaton | Compass Austin,real_estate_agent,"['real_estate', 'real_estate_service']",631db94f-d04a-43b2-b1a5-42a7cff56e4c,,commercial,office,austin,TX,Rollingwood,78746.0,2500 Bee Caves Rd,30.2681125,-97.7845495,meta,2025-06-02T07:00:00.000Z,0.9300613496932516,OpenStreetMap,2020-12-03T03:47:11.000Z,,False
fdc3ea36-e29f-4b57-af06-cb22a711fc94,Eaton Hall,church_cathedral,,e57c256c-8961-47cd-9895-0ba76dc68f39,,,,austin,TX,Austin,0.0,,30.3345344,-97.7534398,meta,2025-06-02T07:00:00.000Z,0.3376623376623376,OpenStreetMap,2015-11-08T20:11:53.000Z,,False
ab7dc6fb-dd53-4bcf-a120-adbc95db6f6f,Eaton Fine Art,art_gallery,['professional_services'],,,,,austin,TX,Austin,78756.0,900 Northloop Blvd W,30.321915,-97.7307266,meta,2025-06-02T07:00:00.000Z,0.8860580325548478,,,,False
76d42b1f-ff9f-4d3e-90af-22e5d8278ba3,Buying OR Selling: Richard C. Eaton,real_estate_agent,"['real_estate', 'real_estate_service']",dffbe119-bda3-49e9-b5d7-340ce1918207,,,,birmingham,AL,Birmingham,35233.0,3010 6th Ave S,33.5141701,-86.7864512,meta,2025-06-02T07:00:00.000Z,0.8860580325548478,Microsoft ML Buildings,2021-03-08T00:00:00.000Z,,False
14d6db6d-75e3-4d7a-ac02-eebdd421921b,R A Eaton Building Contactor,contractor,"['home_improvement_store', 'laboratory_testing']",d414248a-aad9-4d19-b608-079c5af167d0,,,,cape-coral,FL,Cape Coral,33993.0,1603 NW 44th Ave,26.682928,-82.062696,meta,2025-06-02T07:00:00.000Z,0.296943231441048,OpenStreetMap,2023-05-08T07:08:17.000Z,,False
1b2c822f-0dda-4a88-b521-367d9473656d,Rita Eaton Park,park,"['attractions_and_activities', 'topic_concert_venue']",,,,,bonita-springs-naples,FL,Naples,34116.0,5305 18th Ct SW,26.1942925,-81.7131094,meta,2025-06-02T07:00:00.000Z,0.9784508333782836,,,,False
c993a203-50a3-4538-959c-92cb2f2e2cdd,Eaton Custom Jewelers,jewelry_store,"['fashion_accessories_store', 'jewelry_and_watches_manufacturer']",3653f550-bf24-4871-8add-61fd5aef81d2,,,,denton-lewisville,TX,Plano,75024.0,5200 McDermott Rd,33.0940114,-96.8046774,meta,2025-06-02T07:00:00.000Z,0.9784508333782836,OpenStreetMap,2019-02-06T22:09:14.000Z,,False
8a18a718-c1f3-4ed4-bf57-5acb07a819d0,Randi Eaton,naturopathic_holistic,"['health_and_medical', 'reflexology']",,,,,winston-salem,NC,Winston-Salem,27103.0,3000 Bethesda Pl,36.0830813,-80.294016,meta,2025-06-02T07:00:00.000Z,0.8860580325548478,,,,False
4b75b957-f4e5-41e7-a67c-65285454e9fc,"Abbie Eaton, PhD, MMS, PA-C",doctor,['health_and_medical'],,,,,winston-salem,NC,Winston-Salem,27105.0,114 30th St Ste 700,36.0896734,-80.2713468,Microsoft,2025-04-05T20:15:16.597Z,0.77,,,,False
1735ec10-2c35-48a3-8e8a-1522a29d0130,"Abbie Eaton, PhD, MMS, PA-C",doctor,['health_and_medical'],,,,,winston-salem,NC,Winston-Salem,27105.0,114 30th St Ste 700,36.1279508,-80.2475778,Microsoft,2025-05-04T14:38:39.213Z,0.77,,,,False
ffc54c6f-cd53-4ded-9c4f-67ccd1304b40,Eaton Residential College,accommodation,"['campus_building', 'college_university']",3778e4d4-2b20-4b41-b53d-135a3ec4596d,Eaton Residential College,residential,dormitory,miami,FL,Coral Gables,33146.0,1211 Dickinson Dr,25.7176317,-80.2785719,meta,2025-06-02T07:00:00.000Z,0.7548172757475083,OpenStreetMap,2024-09-13T18:58:45.000Z,,True
e1bfccd9-c810-4abf-812b-00a078c71311,Eaton and Wolk,lawyer,['legal_services'],c14dc092-a729-4df5-8938-7476fea80171,,,,miami,FL,Miami,33133.0,2665 S Bayshore Dr,25.7312679,-80.2367197,meta,2025-06-02T07:00:00.000Z,0.9204819277108434,OpenStreetMap,2018-11-20T13:21:18.000Z,,False
76585e76-6c22-40fe-95e7-c756cabb6d25,Eaton Day Care Center,retirement_home,"['health_and_medical', 'home_service']",914e769a-dfa3-49be-b02f-ea86db51dea0,,,,miami,FL,Miami,0.0,,25.7671202,-80.2100408,meta,2025-06-02T07:00:00.000Z,0.3376623376623376,OpenStreetMap,2016-08-04T01:11:08.000Z,,False
d90dc761-5b13-4c3f-9be5-56b760147b20,Eaton Park,park,"['specialty_school', 'school']",,,,,miami,FL,Miami,33137.0,490 NE 61st St,25.8319462,-80.1871396,meta,2025-06-02T07:00:00.000Z,0.9784508333782836,,,,False
a82a0151-1f9a-4743-8e94-1fc33b5f7314,Eaton Hydraulics,shopping,"['professional_services', 'plastic_manufacturer']",79caa9d5-a54e-4277-857e-433b3ebb559b,,,,miami,FL,Weston,33331.0,4042 Crossbill Ln,26.066952,-80.384164,meta,2025-06-02T07:00:00.000Z,0.296943231441048,OpenStreetMap,2021-08-04T16:00:13.000Z,,False
909c151e-49fe-480f-a7d4-1674e499f2e1,Eaton Financial Group,financial_advising,"['financial_service', 'mortgage_broker']",0ee111cb-3140-4ed4-aba9-4c2eaaf6e209,,,,miami,FL,Coral Springs,33076.0,11555 Heron Bay Blvd,26.30946,-80.28152,meta,2025-06-02T07:00:00.000Z,0.5662921348314607,OpenStreetMap,2017-03-20T02:50:51.000Z,,False
30c0d3e3-bd73-44ee-814a-f6067976609a,Eaton Insurance Inc,insurance_agency,,784846a0-072c-4536-a123-4f11bd32c772,,,,miami,FL,Lake Worth Beach,33467.0,6689 Lake Worth Rd,26.6183218,-80.1495242,meta,2025-06-02T07:00:00.000Z,0.9879256218304756,OpenStreetMap,2020-04-29T23:52:48.000Z,,False
b78cb5d9-9375-4051-be55-cbcf864cf864,Roy & Eaton,lawyer,"['family_practice', 'physical_therapy']",f63ed1c3-908d-4afe-ad4d-6a1450b5eb6f,,,,miami,FL,Lake Worth Beach,33460.0,219 N Dixie Hwy,26.6185345,-80.0573765,meta,2025-06-02T07:00:00.000Z,0.242152466367713,OpenStreetMap,2021-08-23T20:56:43.000Z,,False
9a1b6689-6e9e-49c1-ac24-e3121acc8138,Eaton Services Unlimited,hvac_services,,c2c20ab6-dcd3-49aa-ba0f-4484cc6cb626,,,,miami,FL,West Palm Beach,33413.0,6368 Bishoff Rd,26.68313,-80.14314,meta,2025-06-02T07:00:00.000Z,0.242152466367713,OpenStreetMap,2022-03-21T14:42:49.000Z,,False
afbc6147-ef0b-4a79-888c-f40b4c403e99,The Eaton Family Law Firm,divorce_and_family_law,"['financial_service', 'legal_services']",,,,,miami,FL,West Palm Beach,33409.0,2247 Palm Beach Lakes Blvd,26.7107848,-80.0980285,meta,2025-06-02T07:00:00.000Z,0.9784508333782836,,,,False
adbf0f47-5561-4a0b-a056-893c9a88e3a9,Eaton Funeral Home Inc,funeral_services_and_cemeteries,"['home_security', 'furniture_store']",,,,,boston,MA,Needham,2492.0,1351 Highland Ave,42.2832006,-71.2363002,meta,2025-06-02T07:00:00.000Z,0.9784508333782836,,,,False
b7a73b60-a56f-4c57-bfc8-a94fd884dc84,Eaton and Mac Kay Funeral Home,funeral_services_and_cemeteries,['real_estate'],1f452b13-c27e-473d-81f1-05305323204a,Eaton & Mackay Funeral Home,,,boston,MA,Newton,2458.0,465 Centre St,42.3547224,-71.1867146,meta,2025-06-02T07:00:00.000Z,0.9784508333782836,OpenStreetMap,2020-10-03T01:21:34.000Z,,False
f9f856d1-cad2-45c2-b3dc-dbdf827dedcc,Eaton Horticultural Landscaping,landscaping,"['gardener', 'professional_services']",,,,,boston,MA,Waltham,2451.0,282 Hardy Pond Rd,42.4119176,-71.2501727,meta,2025-06-02T07:00:00.000Z,0.9204819277108434,,,,False
9ea284fa-f059-40b7-ba0d-a5ff3f9577e1,Eaton Hall,campus_building,"['college_university', 'accommodation']",,,,,boston,MA,Medford,2155.0,5 Thegreen,42.4071091,-71.1185512,meta,2025-06-02T07:00:00.000Z,0.9459263554653524,,,,True
d25c324c-1392-45e0-ac70-d46e0c4159d6,Joshua Eaton Elementary School,elementary_school,"['education', 'school']",,,,,boston,MA,Reading,1867.0,365 Summer Ave,42.5144549,-71.1107746,meta,2025-06-02T07:00:00.000Z,0.9784508333782836,,,,False
7b1403a4-2fae-48b3-814e-807baf208c5d,Joshua Eaton School Reading MA District Real Estate,real_estate_agent,"['school', 'professional_services']",5dbdfe65-8d70-4851-8b02-2fcc387350ef,,,,boston,MA,Reading,1867.0,165 Summer Ave,42.524109,-71.118924,meta,2025-06-02T07:00:00.000Z,0.3376623376623376,OpenStreetMap,2018-08-11T01:44:30.000Z,,False
844498c1-27c7-418d-8806-ef4795ec5a87,Eaton Apothecary,pharmacy,"['health_and_medical', 'cafe']",2746dc26-a338-4f31-825a-ad5c07804ed2,,,,boston,MA,Peabody,1960.0,2 Centennial Dr,42.52113,-70.9718402,meta,2025-06-02T07:00:00.000Z,0.9297091412742382,OpenStreetMap,2019-06-08T20:44:54.000Z,,False
f5e22c76-553d-4e41-9bcf-833dc89d3425,"Mark T. Eaton, DPM",podiatrist,"['doctor', 'health_and_medical']",48e21c62-de42-4110-bedd-c0c65d7abecb,,,,fayetteville,NC,Fayetteville,28304.0,1738 Metromedical Dr,35.0331029,-78.9295332,Microsoft,2023-08-20T14:23:50.950Z,0.77,OpenStreetMap,2022-06-12T08:01:14.000Z,,False
ff56a770-f865-49a7-86ed-ebe8e5f3b860,Eaton Corporation,industrial_equipment,"['commercial_industrial', 'fast_food_restaurant']",9b1128b9-7324-43cf-afde-b7082bb8df3a,,commercial,warehouse,fayetteville,NC,Fayetteville,28306.0,2900 Doc Bennett Rd,34.9943393,-78.8942986,meta,2025-06-02T07:00:00.000Z,0.9784508333782836,OpenStreetMap,2023-02-20T16:17:49.000Z,,True
0213ceae-35ba-4843-9b08-cde28af4c7df,Eaton Corp,engineering_services,['fast_food_restaurant'],af88f193-0cc9-45fd-9008-c22fe2ab0860,,,,portland,OR,Tualatin,97062.0,10955 SW Avery St,45.372338,-122.79079,meta,2025-06-02T07:00:00.000Z,0.5662921348314607,OpenStreetMap,2015-06-24T05:04:08.000Z,,False
daee030e-d955-406e-9f6b-f11ee73bf887,Eaton Cooper Bussmann Transportation,freight_and_cargo_service,"['professional_services', 'transportation']",af88f193-0cc9-45fd-9008-c22fe2ab0860,,,,portland,OR,Tualatin,97062.0,10955 SW Avery St,45.372482,-122.790916,meta,2025-06-02T07:00:00.000Z,0.3376623376623376,OpenStreetMap,2015-06-24T05:04:08.000Z,,False
7e742e7a-faef-4397-9c9f-9b41c990fcc1,Eaton Realty Group,real_estate_agent,['real_estate'],69263635-a115-4705-bfb6-cc3b9064a728,,,,portland,OR,Portland,97224.0,7455 SW Bridgeport Rd,45.3954847,-122.7528497,meta,2025-06-02T07:00:00.000Z,0.7548172757475083,OpenStreetMap,2023-06-06T15:41:34.000Z,,False
7e742e7a-faef-4397-9c9f-9b41c990fcc1,Eaton Realty Group,real_estate_agent,['real_estate'],bffec51f-bcec-4024-b219-159834410c2f,Me Spa,,,portland,OR,Portland,97224.0,7455 SW Bridgeport Rd,45.3954847,-122.7528497,meta,2025-06-02T07:00:00.000Z,0.7548172757475083,OpenStreetMap,2023-10-28T06:58:40.000Z,,False
7e742e7a-faef-4397-9c9f-9b41c990fcc1,Eaton Realty Group,real_estate_agent,['real_estate'],e6322585-4b3d-465d-a329-744e983ed000,,,,portland,OR,Portland,97224.0,7455 SW Bridgeport Rd,45.3954847,-122.7528497,meta,2025-06-02T07:00:00.000Z,0.7548172757475083,OpenStreetMap,2015-06-21T08:35:37.000Z,,False
06862ac6-ce5d-40aa-865f-958baa820f6e,Eaton Family Law and Mediation,lawyer,"['legal_services', 'divorce_and_family_law']",2c9953b7-8d71-49c1-93e9-5227aa1bfa60,,,,portland,OR,West Linn,97068.0,21790 Willamette Dr,45.3676984,-122.6163074,meta,2025-06-02T07:00:00.000Z,0.9204819277108434,OpenStreetMap,2015-01-25T04:09:45.000Z,,False
bcdadb2b-30df-457f-81a5-f95d57bf5769,Eaton Group,furniture_store,['office_equipment'],87be91fc-f63b-4c37-a8e2-6df067dc025c,,,,portland,OR,Portland,97239.0,5331 S Macadam Ave,45.4845924,-122.675825,meta,2025-06-02T07:00:00.000Z,0.9204819277108434,OpenStreetMap,2025-02-07T04:04:04.000Z,,False
6b63d5f6-8073-404e-9fb8-68c9d277399f,The Eaton Building,landmark_and_historical_building,"['accommodation', 'professional_services']",ab426996-b04f-4a9c-b6ee-98fa295422db,Eaton Building,residential,apartments,portland,OR,Portland,97205.0,622 SW 9th Ave,45.5200248,-122.6809538,meta,2025-06-02T07:00:00.000Z,0.9784508333782836,OpenStreetMap,2019-04-07T08:20:57.000Z,,False
f60ca4b6-3d30-44e6-ae36-5c753f348b5d,Eaton Village Apartments,landmark_and_historical_building,"['accommodation', 'real_estate']",,,,,portland,OR,Portland,97236.0,2550 SE 157th Ave,45.5038744,-122.5012637,meta,2025-06-02T07:00:00.000Z,0.9784508333782836,,,,False
d450fb98-382f-4f40-b43d-ca9a96f1f3b8,LeAnne Eaton,real_estate_agent,['real_estate'],4f0a896b-7d25-4513-9a69-38db7221d52f,,,,portland,WA,Vancouver,98661.0,2211 E Mill Plain Blvd,45.6475354,-122.6764206,meta,2025-06-02T07:00:00.000Z,0.9300613496932516,OpenStreetMap,2022-07-31T19:27:35.000Z,,False
b4fc8e34-379e-4ca8-bb43-2794fbe82dad,Eaton General Construction,contractor,['construction_services'],259ea5aa-7df8-4843-a2eb-51e10f0fa558,,,,portland,OR,Troutdale,97060.0,101 W Historic Columbia River Hwy,45.5408247,-122.3887087,meta,2025-06-02T07:00:00.000Z,0.9204819277108434,OpenStreetMap,2015-09-02T19:35:50.000Z,,False
649acc93-1460-442a-a493-ae258938aac2,Eaton Marketing & Associates,restaurant_equipment_and_supply,"['food_beverage_service_distribution', 'professional_services']",bb3827af-9ca2-4f75-af08-c0cae828a449,,,,st-petersburg,FL,Clearwater,33760.0,5325 115th Ave N,27.8768554,-82.7069745,meta,2025-06-02T07:00:00.000Z,0.9459263554653524,OpenStreetMap,2017-10-24T21:47:11.000Z,,False
fcd9eb86-3e0a-449d-8823-762d00c00c8a,Dr. Katulle K. Eaton,doctor,"['orthopedist', 'health_and_medical']",37186ce9-f652-446a-be4d-1f2b0727ecde,,,,st-petersburg,FL,St Petersburg,33716.0,900 Carillon Pkwy,27.8927546,-82.6670169,meta,2025-06-02T07:00:00.000Z,0.9784508333782836,OpenStreetMap,2022-07-31T20:28:51.000Z,,False
270d21d9-e46c-4cb2-abad-ad1a2e5ab920,Eaton Orthopaedics,orthopedist,"['doctor', 'health_and_medical']",37186ce9-f652-446a-be4d-1f2b0727ecde,,,,st-petersburg,FL,St Petersburg,33716.0,900 Carillon Pkwy,27.8926697,-82.6669515,meta,2025-06-02T07:00:00.000Z,0.9784508333782836,OpenStreetMap,2022-07-31T20:28:51.000Z,,False
afb051f4-a6d5-4da2-b4fb-b243514c645b,Eaton Financial,financial_advising,"['financial_service', 'investing']",b7b6a1fe-fcdb-41b5-8cee-7dba7fcc25a1,,,,st-petersburg,FL,Tampa,33626.0,13059 W Linebaugh Ave,28.0576046,-82.6424521,meta,2025-06-02T07:00:00.000Z,0.9784508333782836,OpenStreetMap,2021-12-10T18:42:16.000Z,,False
4d45161e-df4d-46c0-9bae-37dac45bc394,Dr. Eaton Yen DO,doctor,"['occupational_therapy', 'health_and_medical']",9d50de4c-c9d8-423e-8298-a09c1cde9fe4,,,,st-petersburg,FL,New Port Richey,34655.0,8140 Picton Way,28.2114093,-82.6797121,meta,2025-06-02T07:00:00.000Z,0.5662921348314607,OpenStreetMap,2020-07-26T16:32:23.000Z,,False
353e44d3-7565-4898-8931-640ea673dfcc,"Jen Eaton, Realtor",real_estate_agent,,239ff2c6-2ec1-4e28-a431-56ca77528ba7,,,,st-petersburg,FL,New Port Richey,34655.0,11541 Trinity Blvd,28.188089,-82.624749,meta,2025-06-02T07:00:00.000Z,0.242152466367713,OpenStreetMap,2020-07-26T21:28:43.000Z,,False
5d3b07bc-fb8d-4620-b6b6-82bcfe0c5b81,Drew and Eaton Custom Homes,construction_services,"['contractor', 'professional_services']",d105d51b-e499-4ee7-963b-f1184859a041,,,,port-st-lucie,FL,Port St Lucie,34986.0,645 NW Enterprise Dr,27.3314181,-80.4073893,meta,2025-06-02T07:00:00.000Z,0.909823677581864,OpenStreetMap,2020-01-12T05:19:46.000Z,,False
13a1ac77-0f30-4c5c-8172-913eaa00c2f9,Eaton & Associates Immigration Lawyers,immigration_law,,ffb671f8-013c-4aaf-8e59-e2c5eaec5daa,,,,bakersfield,CA,Bakersfield,93301.0,707 18th St,35.37501,-119.00988,Microsoft,2025-05-24T05:11:58.840Z,0.77,OpenStreetMap,2023-01-14T01:07:06.000Z,,False
e9bd0af0-e2c8-4cec-a857-91c6b12bb322,"Carolyn Eaton, MD",doctor,['health_and_medical'],,,,,albany,NY,Albany,12205.0,501 New Karner Rd Ste 1,42.7428572,-73.8396139,Microsoft,2025-05-18T08:19:17.920Z,0.77,,,,False
0e493875-ae84-464e-9573-5927e7b67d3d,Eaton Site,landmark_and_historical_building,"['park', 'museum']",6a0e78b2-0d14-4959-af00-1ce8771977db,,,,buffalo,NY,West Seneca,0.0,,42.8347662,-78.7534622,meta,2025-06-02T07:00:00.000Z,0.3376623376623376,OpenStreetMap,2024-02-03T19:29:36.000Z,,False
61e4a480-30a0-4f6d-ba71-3e543145014b,Eaton Office Supply,office_equipment,['professional_services'],,,,,buffalo,NY,Buffalo,14228.0,180 John Glenn Dr,43.0292,-78.8063372,meta,2025-06-02T07:00:00.000Z,0.9784508333782836,,,,True
c9554ad6-1e8a-4d0b-b5a4-561f83735472,Eaton & Associates,it_service_and_computer_repair,"['information_technology_company', 'professional_services']",0e6d97df-ccfd-4fc1-bd65-482ace0fde08,Airport Service Center,,,oakland,CA,Burlingame,94010.0,890 Cowan Rd,37.6009711,-122.3764656,meta,2025-06-02T07:00:00.000Z,0.9459263554653524,OpenStreetMap,2021-05-26T03:19:37.000Z,,False
16dfbfd6-9302-47a7-bce9-27395474c2d9,Law Offices of Denise Eaton May,employment_law,"['lawyer', 'legal_services']",0ba87a78-0928-498f-9913-257e36c05f3e,,,,oakland,CA,Hayward,94541.0,1290 B St,37.6763263,-122.078061,meta,2025-06-02T07:00:00.000Z,0.909823677581864,OpenStreetMap,2020-09-18T19:55:18.000Z,,False
09532b12-bf76-4c8e-9dea-9ffb2fe81365,The Dorris-Eaton School,home_service,"['preschool', 'school']",0ed934f0-fcfe-4003-96d9-f70b8ff2632a,,,,oakland,CA,Alamo,94507.0,1286 Stone Valley Rd,37.8541982,-122.0276604,meta,2025-06-02T07:00:00.000Z,0.9784508333782836,OpenStreetMap,2024-05-26T10:32:42.000Z,,False
cd29c3c0-3b05-4501-b478-7268d5d183af,Dorris-Eaton School,school,"['private_school', 'education']",08ba0563-e7bd-4d76-8ac0-1754e57b7814,,,,oakland,CA,Walnut Creek,94595.0,1847 Newell Ave,37.888973,-122.066599,meta,2025-06-02T07:00:00.000Z,0.3961437335670464,Microsoft ML Buildings,2019-04-29T00:00:00.000Z,,False
8733883e-441a-4c86-8019-a4ee0f7a8c27,Eaton Family Law,divorce_and_family_law,"['legal_services', 'lawyer']",904189a6-c519-4d59-8fa0-5f1edc72107e,,,,albuquerque,NM,Albuquerque,87109.0,4110 Wolcott Ave NE,35.1646645,-106.5968954,meta,2025-06-02T07:00:00.000Z,0.9459263554653524,OpenStreetMap,2021-03-19T02:12:50.000Z,,False
7a57c833-7638-4757-a8b4-e8a615746188,Eaton Park,park,"['social_service_organizations', 'playground']",,,,,philadelphia,,,19015.0,20 W Maple Ave,39.8728891,-75.390863,meta,2025-06-02T07:00:00.000Z,0.9459263554653524,,,,False
ad84f79e-a1a7-4469-b800-4ea36a5eb5e1,Eaton Aerospace,engineering_services,"['professional_services', 'event_planning']",924393c6-6136-4f89-9a33-743b0c05ef6d,Eaton Aerospace,commercial,commercial,philadelphia,PA,Glenolden,19036.0,24 E Glenolden Ave,39.8970234,-75.2911312,meta,2025-06-02T07:00:00.000Z,0.9784508333782836,OpenStreetMap,2024-05-11T07:13:10.000Z,,True
0329f659-0abd-48a4-b4d7-a053298c812f,Eaton Corporation Cutler-Hammer,professional_services,['commercial_industrial'],56f0d540-697d-4c99-8918-3afce259464e,,,,philadelphia,NJ,Mt Holly,8060.0,96 Stemmers Ln,40.019542,-74.848835,meta,2025-06-02T07:00:00.000Z,0.4929396662387676,OpenStreetMap,2017-11-20T12:49:33.000Z,,True
c52bd909-be27-483d-8c44-711867811316,The Bobby Eaton Show,radio_station,"['music_production', 'event_photography']",b7639395-b96e-4c58-905a-a2e0c9d94e14,,,,tulsa,OK,Tulsa,74106.0,1216 N Lansing Ave,36.17236,-95.9812,meta,2025-06-02T07:00:00.000Z,0.3376623376623376,Microsoft ML Buildings,2019-03-21T00:00:00.000Z,,False
c06b5baa-7560-4832-b4c5-5992ae345889,Eaton Media Services,broadcasting_media_production,"['radio_station', 'internet_marketing_service']",,,,,tulsa,OK,Tulsa,74106.0,1216 N Lansing Ave,36.1724068,-95.9808538,meta,2025-06-02T07:00:00.000Z,0.9297091412742382,,,,False
bedc16d2-5c02-472b-951c-da236b3633f1,Eaton Nutrition and Fitness,nutritionist,"['gym', 'vitamins_and_supplements']",,,,,tulsa,OK,Tulsa,74133.0,8222 E 103rd St,36.01306,-95.88464,meta,2025-06-02T07:00:00.000Z,0.242152466367713,,,,False
7545cf9c-f9b0-4ab1-ba87-db198d1f7420,Eaton Electronic Concepts,b2b_electronic_equipment,,de708e3f-efa8-4eac-8920-7fa94d5e6aab,,,,tulsa,OK,Tulsa,74146.0,12316 E 60th St,36.0791161,-95.8390856,meta,2025-06-02T07:00:00.000Z,0.909823677581864,OpenStreetMap,2017-10-11T18:25:57.000Z,,False
b5db4596-2d02-4b5e-8697-6bebfdffb0e2,Dr. Yuvelle Eaton-McFarland MD,obstetrician_and_gynecologist,"['doctor', 'health_and_medical']",,,,,detroit,MI,Canton,48187.0,49650 Cherry Hill Rd,42.3062654,-83.5299043,Microsoft,2016-06-28T15:42:36.323Z,0.77,,,,False
af08b036-8cfd-4dd6-bacc-97b04f07e6f3,EATON Detroit Spring Inc.,automotive_parts_and_accessories,"['automotive_repair', 'auto_company']",a0ea293b-fbf9-40b2-9e89-fb0c322a61fe,Eaton Detroit Spring,industrial,industrial,detroit,MI,Detroit,48216.0,1555 Michigan Ave,42.331216,-83.0682382,meta,2025-06-02T07:00:00.000Z,0.9784508333782836,OpenStreetMap,2020-08-19T14:59:27.000Z,,False
2f9b4feb-26f7-4693-ab6e-c56f1617aac1,Eaton Steel Bar Company,metal_supplier,"['industrial_company', 'metal_fabricator']",a54b7054-b98e-487a-9bd2-5e435f463528,,,,detroit,MI,Oak Park,48237.0,10221 Capital St,42.4546288,-83.1650094,meta,2025-06-02T07:00:00.000Z,0.9415384615384615,OpenStreetMap,2021-07-18T17:51:27.000Z,,True
694111ed-f5fe-4d30-b844-4899dc475bbb,Sheila J Eaton Ph.D.,psychologist,['health_and_medical'],,,,,detroit,MI,Warren,48092.0,6200 Chicago Rd Ste C,42.52462380291525,-83.03965263488769,Microsoft,2017-11-15T20:00:00.483Z,0.77,,,,False
e9698474-3eb3-4c36-a6bf-6d10e947a7f2,Eaton Academy,elementary_school,"['school', 'middle_school']",,,,,detroit,MI,Eastpointe,48021.0,21450 Universal Ave,42.456108,-82.957794,meta,2025-06-02T07:00:00.000Z,0.9784508333782836,,,,False
f1934dce-a4c1-46d3-bf7d-fc7c1fdf2f21,Eaton's Body Sculpting,medical_spa,['beauty_and_spa'],5c25d671-4aa2-423f-9d78-fc9add8cddea,,,,atlanta,GA,Fayetteville,30214.0,1572 Highway 85 N,33.4906023,-84.4327279,meta,2025-06-02T07:00:00.000Z,0.909823677581864,OpenStreetMap,2021-01-15T23:15:20.000Z,,False
5f034a49-b819-461f-b1fd-80f3433c58a2,Ronald Eaton - State Farm,insurance_agency,['professional_services'],,,,,atlanta,GA,Union City,30291.0,4405 Mall Blvd,33.5742264,-84.5277958,meta,2025-06-02T07:00:00.000Z,0.9688311688311688,,,,False
6d2f73fb-9d5e-4f2c-a72d-e57800898c2f,Eaton Chiropractic,chiropractor,"['naturopathic_holistic', 'medical_service_organizations']",f78c4160-2d1d-4371-9d9f-f47d6b98897f,,,,atlanta,GA,Kennesaw,30144.0,1925 Vaughn Rd NW,34.0035337,-84.5910062,meta,2025-06-02T07:00:00.000Z,0.9784508333782836,OpenStreetMap,2014-10-19T21:15:04.000Z,,False
9fde4146-3db8-438f-a367-173004ebcf3f,Kristina Eaton Signature Weddings,bridal_shop,"['wedding_planning', 'event_planning']",26b56b7b-6318-42c0-9806-d8592c0831ba,,,,atlanta,GA,Acworth,30101.0,4463 Cherokee St,34.0669158,-84.6768838,meta,2025-06-02T07:00:00.000Z,0.9300613496932516,OpenStreetMap,2021-10-14T19:43:43.000Z,,False
0b7115a7-cf87-41f9-86c8-6cd70b075db8,Eaton Chiropractic Center,chiropractor,,6332565b-0257-4e8d-ba0a-3dd7402a6bd8,,commercial,retail,atlanta,GA,Kennesaw,30144.0,2847 S Main St NW,34.02333,-84.615502,meta,2025-06-02T07:00:00.000Z,0.7548172757475083,OpenStreetMap,2024-04-19T14:59:35.000Z,,False
1f5e732e-ce5e-4a4e-a937-63385c3cfc10,"Dr. Stanley B. Eaton, MD",doctor,"['health_and_medical', 'hospital']",bb8900d1-e75b-4e4e-95b7-6ab75d218226,,,,atlanta,GA,Decatur,30033.0,2859 N Decatur Rd,33.7932693,-84.2748339,meta,2025-06-02T07:00:00.000Z,0.9297091412742382,OpenStreetMap,2022-01-17T14:55:54.000Z,,False
0b792237-eb4d-4642-8bf6-c4588b3db3aa,Eaton Pediatric Dentistry,pediatric_dentist,"['dentist', 'health_and_medical']",,,,,atlanta,GA,Tucker,30033.0,3744 Lavista Rd,33.8412657,-84.2626258,meta,2025-06-02T07:00:00.000Z,0.9784508333782836,,,,False
f1ac8b17-b944-4f52-ae07-813b8b93d858,Eaton Academy,elementary_school,"['school', 'education']",e68f5644-b6d5-4749-8e9d-b36d071b41a5,,,,atlanta,GA,Roswell,30076.0,1000 Old Roswell Lakes Pkwy,34.0326232,-84.3366412,meta,2025-06-02T07:00:00.000Z,0.9784508333782836,OpenStreetMap,2015-08-13T19:36:24.000Z,,False
4cb11f57-08f0-4058-8877-48050c866b18,"Melissa G. Eaton, MD",doctor,"['family_practice', 'health_and_medical']",6b5e78e7-0fbd-4ac1-b50c-a73a358f1bad,,,,atlanta,GA,Alpharetta,30005.0,3400 Old Milton Pkwy,34.0693887,-84.2638253,meta,2025-06-02T07:00:00.000Z,0.9415384615384615,OpenStreetMap,2022-09-11T03:57:05.000Z,,False
6bfac4c5-a65a-422a-929e-526dbed4ad32,Eaton Park,park,['social_service_organizations'],,,,,lakeland,FL,Lakeland,33840.0,2930 Park St,28.0100476,-81.9053648,meta,2025-06-02T07:00:00.000Z,0.9784508333782836,,,,False
69a9a2c6-88a2-4e9b-b755-c801099cf41d,Eaton Elementary School,elementary_school,"['education', 'public_school']",1f99ab89-d832-4600-8f7a-ca27952c6a5c,,,,san-jose,CA,Cupertino,95014.0,20220 Suisun Dr,37.3150957,-122.0261804,meta,2025-06-02T07:00:00.000Z,0.9784508333782836,OpenStreetMap,2016-02-04T22:08:12.000Z,,False
f2ef09fb-af57-4662-8180-7c4eecf0d61a,Champions at Eaton,after_school_program,,,,,,san-jose,CA,Cupertino,95014.0,20220 Suisun Dr,37.3153042,-122.0261754,Microsoft,2025-03-26T11:20:22.843Z,0.77,,,,False
4a7eb325-bd66-46f3-9f24-f49ed714d035,The Eaton Park Labyrinth,active_life,"['park', 'nature_reserve']",1d480dee-bf01-425e-8ffc-c9dc904472d1,,,,san-jose,CA,San Carlos,94070.0,2999 Eaton Ave,37.4842672,-122.2699604,meta,2025-06-02T07:00:00.000Z,0.7548172757475083,OpenStreetMap,2015-12-28T17:16:51.000Z,,False
367cd733-f53f-4cbd-a33b-de9d86908384,Eaton Hall Architecture,architect,['architectural_designer'],a210a695-3511-4b77-b0f8-d9edcd5344b4,,,,san-jose,CA,San Jose,95126.0,1501 The Alameda,37.33404541015625,-121.9157257080078,Microsoft,2017-07-06T05:40:18.257Z,0.77,OpenStreetMap,2022-05-24T22:59:51.000Z,,False
8e815036-e955-4bc2-83d9-e1c556d2094b,Eaton,automotive_repair,"['cafe', 'professional_services']",57f04d10-ba35-416f-84f1-15d2ce5fb976,,commercial,warehouse,charlotte,NC,Charlotte,28273.0,10215 Ridge Creek Dr,35.1088943,-80.9464656,meta,2025-06-02T07:00:00.000Z,0.9415384615384615,OpenStreetMap,2024-04-15T18:45:21.000Z,,False
6ceece98-6227-4fff-aeee-74339554690e,Chuck Eaton Photographers,professional_services,['event_photography'],23d3513a-7feb-4c58-9ea4-c67ab23c56b3,,,,charlotte,NC,Matthews,28105.0,210 Park Square Pl,35.1143742,-80.7206139,meta,2025-06-02T07:00:00.000Z,0.8860580325548478,OpenStreetMap,2015-03-24T18:08:19.000Z,,False
24c85cad-fb70-457c-8db4-d835414f36bc,Eaton Corporation,professional_services,"['engineering_services', 'industrial_equipment']",0ae584d0-d2ee-45e8-b735-2bdc145ba873,,,,houston,TX,Houston,77040.0,14825 Northwest Fwy,29.8670491,-95.5432072,meta,2025-06-02T07:00:00.000Z,0.9459263554653524,OpenStreetMap,2021-03-12T15:25:27.000Z,,True
24371ca9-bd60-4f6a-ac27-101b518304ef,"De Ana Eaton, Bankers Life Agent",insurance_agency,['financial_advising'],a02d7563-c1ef-4ec2-89f8-4d55171d6bba,Bay Plaza,,,houston,TX,Webster,77598.0,711 W Bay Area Blvd,29.543158,-95.1351966,meta,2025-06-02T07:00:00.000Z,0.8860580325548478,OpenStreetMap,2023-07-20T13:16:56.000Z,,False
d298590e-1995-467c-960f-ecf532b0602e,Eaton,industrial_equipment,"['b2b_electronic_equipment', 'topic_concert_venue']",,,,,houston,TX,Houston,77086.0,3413 N Sam Houston Pkwy W,29.9369443,-95.4766879,meta,2025-06-02T07:00:00.000Z,0.9415384615384615,,,,False
36f92688-ffc6-40d1-97e2-92c2a2921949,The Eaton Law Firm,divorce_and_family_law,,,,,,houston,TX,Tomball,77377.0,17146 N Eldridge Pkwy Ste B,30.014047,-95.60685,Microsoft,2024-12-12T07:31:21.917Z,0.77,,,,False
47e147ba-d056-4504-a21a-5d280236f289,Bethann Eaton,real_estate_agent,"['real_estate', 'real_estate_service']",3572a272-fabe-485c-8646-76559c41b956,,,,houston,TX,Spring,77379.0,8817 Louetta Rd,30.00913,-95.54428,meta,2025-06-02T07:00:00.000Z,0.9300613496932516,OpenStreetMap,2024-03-07T06:05:32.000Z,,False
bd2ebbc2-9c62-41be-8e29-34ee731e88f8,McClanahan and Eaton,professional_services,['marketing_consultant'],,,,,houston,TX,Houston,77069.0,5625 Cypress Creek Pkwy,29.9783302,-95.5142134,meta,2025-06-02T07:00:00.000Z,0.9300613496932516,,,,False
9673060f-dc26-4620-ab35-ba66da47d560,Sweet Eaton,bakery,['shopping'],db8e6f20-3a69-4902-a3d5-06a83d7cdf7a,,,,houston,,,77377.0,no,30.0972929,-95.6161595,meta,2025-06-02T07:00:00.000Z,0.8540983606557377,OpenStreetMap,2022-04-25T15:04:21.000Z,,False
243f1afb-0648-4b59-9f6b-c770e2812248,Eaton's Income Tax Services,trusts,"['accountant', 'financial_advising']",3ced908b-ca4f-48fa-8c57-feb0a453fccd,,,,mission-viejo,CA,San Clemente,92673.0,901 Calle Amanecer,33.449285,-117.6085843,meta,2025-06-02T07:00:00.000Z,0.9784508333782836,OpenStreetMap,2020-08-16T17:25:23.000Z,,False
2ae957f9-ac4e-4023-b2d5-21a4a59850a4,Heather Eaton Skincare,beauty_salon,"['beauty_and_spa', 'skin_care']",2e81f003-7508-48a3-8d25-c99219767bbf,,,,mission-viejo,CA,Laguna Niguel,92677.0,27901 La Paz Rd,33.5571375,-117.71078,meta,2025-06-02T07:00:00.000Z,0.3961437335670464,OpenStreetMap,2024-01-29T21:35:45.000Z,,False
62fc3fb2-9022-4d19-9c36-ace111c59d15,Eaton & Eaton Insurance Brokers,insurance_agency,,9dcf7dfd-003b-46ce-8ee0-45751d96ff94,Central California Legal Services,,,fresno,CA,Fresno,93721.0,2115 Kern St,36.7339985,-119.7877819,meta,2025-06-02T07:00:00.000Z,0.9784508333782836,OpenStreetMap,2016-08-13T19:04:09.000Z,,False
05da2539-76be-432b-9326-1c51f764b998,Eaton Plaza,park,"['public_plaza', 'active_life']",,,,,fresno,CA,Fresno,93721.0,2400 Fresno St,36.738626,-119.78734,meta,2025-06-02T07:00:00.000Z,0.7548172757475083,,,,False
f3e36713-841b-45e0-a003-9fd38fcbff9d,Farmers Insurance - Douglas Eaton,auto_insurance,,,,,,fresno,CA,Clovis,93612.0,2221 Villa Ave Ste 100,36.8065732,-119.7136704,Microsoft,2014-06-16T19:13:07.343Z,0.77,,,,False
a4133b96-ecdf-4d1c-81f5-83e776813f53,Eaton Elementary School,elementary_school,"['education', 'school']",dcec4df8-508c-4b25-8d47-9c66dad3ab77,,,,fresno,CA,Fresno,93710.0,1451 E Sierra Ave,36.829959,-119.7622076,meta,2025-06-02T07:00:00.000Z,0.9784508333782836,Microsoft ML Buildings,2022-05-30T00:00:00.000Z,,False
81e9e830-3c58-4da6-a7af-e855f283bff8,Lewis S Eaton Trail Woodward Park,park,"['active_life', 'attractions_and_activities']",,,,,fresno,,,93730.0,Lewis S Eaton Trail Woodward Park,36.8732945,-119.7778712,meta,2025-06-02T07:00:00.000Z,0.7548172757475083,,,,False
75b9b6c6-a6d5-4d60-9c80-0c1e4cc84df0,Lewis Eaton Trail,hiking_trail,"['park', 'active_life']",,,,,fresno,,,93730.0,1350 E Copper River Dr,36.9023354,-119.7594377,meta,2025-06-02T07:00:00.000Z,0.9784508333782836,,,,False
889ae60c-c839-43ea-9acb-610f0fee80d9,"Lepp, Mayrides & Eaton",lawyer,"['legal_services', 'professional_services']",a254b53a-6078-41de-98f1-d14fe7413f0b,,commercial,commercial,new-york,NJ,Somerville,8876.0,92 E Main St,40.5667425,-74.609387,meta,2025-06-02T07:00:00.000Z,0.9415384615384615,OpenStreetMap,2017-11-22T17:19:16.000Z,,False
7542dd24-84ae-4943-8805-3afc23b829a2,Eaton & Torrenzano,personal_injury_law,"['lawyer', 'legal_services']",6b9e1d1a-ab03-4b8e-88f8-f6f07e07d9ec,,residential,apartments,new-york,NY,Brooklyn,11235.0,1662 Sheepshead Bay Rd,40.586353,-73.9523219,meta,2025-06-02T07:00:00.000Z,0.9297091412742382,OpenStreetMap,2021-11-16T20:04:32.000Z,,False
7542dd24-84ae-4943-8805-3afc23b829a2,Eaton & Torrenzano,personal_injury_law,"['lawyer', 'legal_services']",9f092aa0-bbed-47d8-8f49-988a1a239175,,residential,apartments,new-york,NY,Brooklyn,11235.0,1662 Sheepshead Bay Rd,40.586353,-73.9523219,meta,2025-06-02T07:00:00.000Z,0.9297091412742382,OpenStreetMap,2021-11-16T20:04:41.000Z,,False
7542dd24-84ae-4943-8805-3afc23b829a2,Eaton & Torrenzano,personal_injury_law,"['lawyer', 'legal_services']",3c3d747d-2864-4f95-8b3c-90f5b222a6d9,,residential,apartments,new-york,NY,Brooklyn,11235.0,1662 Sheepshead Bay Rd,40.586353,-73.9523219,meta,2025-06-02T07:00:00.000Z,0.9297091412742382,OpenStreetMap,2021-11-16T20:06:42.000Z,,False
52570ffe-3326-41f7-99c1-e835ae706519,Tristan Eaton Audrey Hepburn,theatre,,8cc96a33-883e-4647-a9a1-47afa05a7d86,,,,new-york,NY,New York,10013.0,176 Mulberry St,40.720222,-73.996806,meta,2025-06-02T07:00:00.000Z,0.5662921348314607,OpenStreetMap,2023-01-11T01:17:07.000Z,,False
52570ffe-3326-41f7-99c1-e835ae706519,Tristan Eaton Audrey Hepburn,theatre,,88c8032c-1a8b-476c-84df-b092d0b79c18,,,,new-york,NY,New York,10013.0,176 Mulberry St,40.720222,-73.996806,meta,2025-06-02T07:00:00.000Z,0.5662921348314607,OpenStreetMap,2013-11-28T03:09:21.000Z,,False
03c2cf6e-90f3-4c5e-a54e-55616b4e2264,Tamara Eaton Design,interior_design,"['professional_services', 'home_improvement_store']",9eae9395-15c0-4c5b-98fe-94e296ace2fe,,,,new-york,NY,New York,10001.0,18 W 27th St,40.7446526,-73.9894134,meta,2025-06-02T07:00:00.000Z,0.8860580325548478,OpenStreetMap,2014-07-28T22:38:17.000Z,,False
03c2cf6e-90f3-4c5e-a54e-55616b4e2264,Tamara Eaton Design,interior_design,"['professional_services', 'home_improvement_store']",016634e4-0346-4d9f-bd39-d6f975a07336,,,,new-york,NY,New York,10001.0,18 W 27th St,40.7446526,-73.9894134,meta,2025-06-02T07:00:00.000Z,0.8860580325548478,OpenStreetMap,2014-07-28T22:38:29.000Z,,False
03c2cf6e-90f3-4c5e-a54e-55616b4e2264,Tamara Eaton Design,interior_design,"['professional_services', 'home_improvement_store']",730eb946-c0b6-4145-8ea5-61d1618fd482,,,,new-york,NY,New York,10001.0,18 W 27th St,40.7446526,-73.9894134,meta,2025-06-02T07:00:00.000Z,0.8860580325548478,OpenStreetMap,2014-07-28T22:38:30.000Z,,False
71eb93b9-1323-4789-bbc4-18680ae0e4ad,Eaton & Van Winkle LLP,employment_law,,,,,,new-york,NY,New York,10016.0,3 Park Ave,40.7467135,-73.9815253,Microsoft,2024-07-30T19:25:05.753Z,0.77,,,,False
5a6b844c-75ea-4e95-8f7f-eec1c8790e90,Bruce Eaton - Client-focused real estate services in Central Queens,real_estate_service,,a6383455-9fb3-4d88-ae3b-442d600099cd,,,,new-york,,,0.0,,40.71319,-73.8354,meta,2025-06-02T07:00:00.000Z,0.672566371681416,OpenStreetMap,2013-12-07T15:49:09.000Z,,False
5a6b844c-75ea-4e95-8f7f-eec1c8790e90,Bruce Eaton - Client-focused real estate services in Central Queens,real_estate_service,,fc1b3dd9-f81d-450c-a4b9-27dc9324cc28,,,,new-york,,,0.0,,40.71319,-73.8354,meta,2025-06-02T07:00:00.000Z,0.672566371681416,OpenStreetMap,2013-12-07T15:49:09.000Z,,False
feb727c5-c41d-449e-9f29-653b4a8d54c7,Keller Eaton Architects,architectural_designer,"['interior_design', 'home_improvement_store']",58f2ca48-ff2d-45c6-a70b-a92cc5bc97f6,,commercial,commercial,new-york,NY,Mamaroneck,10543.0,425 Mount Pleasant Ave,40.9521686,-73.7368841,meta,2025-06-02T07:00:00.000Z,0.9415384615384615,OpenStreetMap,2020-08-24T14:52:34.000Z,,False
3b1d651e-c506-4a7e-b9c7-a6c21a1512fc,Eaton's Neck Beach,beach,"['active_life', 'community_services_non_profits']",74e4ee69-f6f1-4707-b31c-39346a1ce17b,,residential,house,new-york,NY,Eatons Neck,0.0,,40.9309236,-73.3998702,meta,2025-06-02T07:00:00.000Z,0.4929396662387676,OpenStreetMap,2022-04-12T00:59:28.000Z,,False
15abb82d-95cf-43ad-b29b-d3436f196557,Eaton's Neck Fire Department,fire_department,"['public_and_government_association', 'ambulance_and_ems_services']",07078e91-6e3c-411a-be0c-61f149a7ae40,Eatons Neck Fire Department,civic,civic,new-york,NY,Huntington,11768.0,55 Eatons Neck Rd,40.9373316,-73.3970466,meta,2025-06-02T07:00:00.000Z,0.9784508333782836,OpenStreetMap,2023-10-30T11:13:53.000Z,,False
c26af392-aee4-4e36-80bd-7336afb1b7b5,Jessica Eaton Hair,beauty_salon,"['beauty_and_spa', 'hair_salon']",,,,,columbia-south-carolina,SC,Columbia,29206.0,1724 Decker Blvd,34.04455,-80.94132,meta,2025-06-02T07:00:00.000Z,0.4929396662387676,,,,False
