id_left,primary_name_left,primary_category,alternate_category,id_right,primary_name_right,subtype,class,source_city,region,locality,zipcode,address,latitude,longitude,plc_source_dataset,plc_source_update_time,plc_source_confidence,bldg_dataset,bldg_update_time,bldg_confidence,is_office_by_pipeline
cf0f8bbe-8bc2-4c51-bb5c-23cd8cd6fb4e,Peco Services,automotive_repair,,,,,,houston,TX,Houston,77084.0,5655 Addicks Satsuma Rd,29.85688,-95.63741,meta,2025-06-02T07:00:00.000Z,0.8253968253968254,,,,False
7a02910d-ed3f-4b63-b6fd-fc8b9cf6c9ed,BGE,engineering_services,"['land_surveying', 'environmental_and_ecological_services_for_businesses']",b3d2ed49-20e3-4313-881c-dfa0326fbeef,,,,houston,TX,Houston,77042.0,10777 Westheimer Rd,29.7360001,-95.5665579,meta,2025-06-02T07:00:00.000Z,0.9459263554653524,OpenStreetMap,2014-12-24T17:18:17.000Z,,False
cea95bdf-a856-4610-8295-557ecbfea8d3,Exelon,public_utility_company,"['energy_company', 'public_service_and_government']",8a64e83f-96e2-4831-9b30-edc676ac2a51,The Shops at Houston Center,,,houston,TX,Houston,77010.0,1221 Lamar St,29.7550836,-95.3633932,meta,2025-06-02T07:00:00.000Z,0.9300613496932516,OpenStreetMap,2023-11-02T15:52:06.000Z,,False
b969384c-85fd-464e-9f34-86c577081f5a,BGE's Tabletop,education,,d960bac6-4ff1-4c7c-b12f-b885d50c0ad6,,commercial,retail,los-angeles,CA,Los Angeles,91307.0,7517 Fallbrook Ave,34.2072213,-118.6239356,meta,2025-06-02T07:00:00.000Z,0.8860580325548478,OpenStreetMap,2016-07-19T09:35:55.000Z,,False
b12131f5-4d2a-4ae5-bd54-0cfeaf7de320,Peco African Hair Braiding,hair_salon,"['beauty_salon', 'beauty_and_spa']",51e75eb5-6229-401e-9b3c-c0c2855e7291,,,,milwaukee,WI,Milwaukee,53206.0,2458 W Capitol Dr,43.0898854,-87.9439071,meta,2025-06-02T07:00:00.000Z,0.9784508333782836,OpenStreetMap,2025-03-12T15:01:43.000Z,,False
76392d40-23ab-47bf-ba82-b1f87bef8bf1,Pepco,public_utility_company,"['electric_utility_provider', 'clothing_store']",f77d731b-7008-4c9e-97f7-9bc8455cd501,International Monetary Fund,commercial,office,washington-dc,DC,Washington,20431.0,1900 Pennsylvania Ave NW,38.899986,-77.044201,meta,2025-06-02T07:00:00.000Z,0.242152466367713,OpenStreetMap,2024-01-30T19:20:37.000Z,,False
f0a69cc3-e991-488c-ba40-0a6503441b71,PEPCO Federal Credit Union,credit_union,"['bank_credit_union', 'public_service_and_government']",3a31be5b-896f-4a5a-afc1-c5a304c8eef9,Edison Place,,,washington-dc,DC,Washington,20001.0,701 9th St NW,38.8992916,-77.0237847,meta,2025-06-02T07:00:00.000Z,0.8860580325548478,OpenStreetMap,2021-07-10T01:56:27.000Z,,False
a2d9b122-d146-46ab-99a2-b790b0b90608,Pepco Edison Place Gallery,art_gallery,['arts_and_entertainment'],3a31be5b-896f-4a5a-afc1-c5a304c8eef9,Edison Place,,,washington-dc,DC,Washington,20001.0,701 9th St NW,38.8988511,-77.0235647,meta,2025-06-02T07:00:00.000Z,0.9459263554653524,OpenStreetMap,2021-07-10T01:56:27.000Z,,False
117ce5f1-4b0f-4ce5-87f5-03d84d040fc4,Exelon,community_services_non_profits,"['public_and_government_association', 'bar']",,,,,washington-dc,DC,Washington,20001.0,101 Constitution Ave NW,38.8924524,-77.0130316,meta,2025-06-02T07:00:00.000Z,0.909823677581864,,,,False
43823c3c-d838-4ef4-a936-5da5dff8a2a4,Pepco - Takoma Substation,real_estate,['fast_food_restaurant'],,,,,washington-dc,MD,Takoma Park,20912.0,6601 New Hampshire Ave,38.9695527,-76.9980884,meta,2025-06-02T07:00:00.000Z,0.3961437335670464,,,,False
d5b11163-3092-40e4-85b0-39c9b2a9d76e,Pepco,electric_utility_provider,"['public_utility_company', 'energy_company']",,,,,washington-dc,MD,Upper Marlboro,20772.0,8300 Old Marlboro Pike,38.8337498,-76.8589661,meta,2025-06-02T07:00:00.000Z,0.9784508333782836,,,,False
af8da329-f55b-4d16-b885-1d431db4f955,Pepco,electric_utility_provider,"['public_utility_company', 'energy_company']",e31a1eec-6862-4168-8f00-11783201813b,,,,washington-dc,DC,Washington,20019.0,3400 Benning Rd NE,38.8984062,-76.9552244,meta,2025-06-02T07:00:00.000Z,0.9784508333782836,OpenStreetMap,2014-08-14T13:43:40.000Z,,False
83276c86-f579-4fba-a6f3-87db415cca7f,Pepco,electric_utility_provider,"['environmental_conservation_organization', 'educational_research_institute']",27306c1e-9cf2-4825-8ad7-59a30d555b8a,,commercial,commercial,washington-dc,MD,Rockville,20850.0,201 W Gude Dr,39.1051778,-77.1744738,meta,2025-06-02T07:00:00.000Z,0.9459263554653524,OpenStreetMap,2025-01-17T18:35:31.000Z,,False
ea19ea33-4dbc-41ed-9234-be65da064478,Pepco,professional_services,['shopping'],93edbb99-9285-4fa6-aed6-b06bd6e6809f,,residential,terrace,washington-dc,MD,Rockville,20850.0,1610 Gaither Rd,39.115791,-77.180137,meta,2025-06-02T07:00:00.000Z,0.296943231441048,OpenStreetMap,2024-07-02T16:04:25.000Z,,False
683e456c-eadb-4d6c-bb43-516f892d75dd,Pepco,electric_utility_provider,"['public_utility_company', 'commercial_industrial']",,,,,washington-dc,MD,Rockville,20852.0,10611 Westlake Dr,39.0304345,-77.1455108,meta,2025-06-02T07:00:00.000Z,0.9459263554653524,,,,False
429598e2-d444-44ca-9190-69a588636430,BGE HOME,electrician,,,,,,washington-dc,MD,Burtonsville,20866.0,15210 Dino Dr,39.1092829406261,-76.9267154484987,Microsoft,2018-08-23T20:18:29.513Z,0.77,,,,False
54a6c38e-5f9a-4fa7-98ae-5c7d50387699,"Comed Medical Specialties, LLC",pharmacy,"['surgical_appliances_and_supplies', 'health_and_medical']",,,,,salt-lake-city,UT,Salt Lake City,84123.0,4962 S Redwood Rd,40.6613225,-111.9391059,meta,2025-06-02T07:00:00.000Z,0.242152466367713,,,,False
08dc3d82-c517-46a0-8b57-b80c29bdea87,Exelon Auto Sales & Automotive,car_dealer,['used_car_dealer'],e050f5f3-cc91-4a09-83e8-38b030f7fa61,,industrial,industrial,seattle,WA,Auburn,98002.0,3420 C St NE,47.3381975,-122.2262604,meta,2025-06-02T07:00:00.000Z,0.9784508333782836,OpenStreetMap,2024-03-27T18:40:45.000Z,,False
2c8491f1-1ce7-41f6-9761-9e5cd22e4f05,Peco InspX,professional_services,['industrial_equipment'],220a7522-80e4-4c34-8d6f-953abf9ce278,Peco InspX,industrial,industrial,san-francisco,CA,Burlingame,94010.0,1835 Rollins Rd,37.5979565,-122.3804745,meta,2025-06-02T07:00:00.000Z,0.9415384615384615,OpenStreetMap,2023-04-15T07:10:30.000Z,,False
9f8650e4-f381-4ce4-a1d3-f72a4ee6cf13,Pepco,gas_station,['professional_services'],e28ca159-865e-4102-9f8c-270aa7693c57,,,,hartford,CT,Bristol,6010.0,435 Lake Ave,41.653849,-72.922125,meta,2025-06-02T07:00:00.000Z,0.296943231441048,OpenStreetMap,2021-06-05T00:45:31.000Z,,False
20545f43-55db-4922-a7cd-c11f131e17ec,CoMed,billing_services,,6c561900-95d4-4288-acae-2f616d5b84cc,Dominion Plaza North,commercial,commercial,denver,CO,Denver,80202.0,600 17th St #2800,39.745433,-104.990639,Microsoft,2024-04-04T00:55:04.170Z,0.77,OpenStreetMap,2019-01-01T13:46:15.000Z,,False
5af92c74-f6f0-4f7b-b99b-03295ed0a1fc,Exelon,gas_station,"['public_service_and_government', 'energy_company']",b593b491-f9f3-4dfc-b195-e9817b7d099d,,industrial,industrial,chicago,IL,Joliet,60433.0,1700 Spencer Rd,41.494802,-88.033421,meta,2025-06-02T07:00:00.000Z,0.3961437335670464,Esri Community Maps,2024-10-15T00:00:00.000Z,,False
a2411143-2e23-4d48-a479-02c00ef5d776,Exelon,public_utility_company,"['event_planning', 'energy_company']",5ddfd98f-4044-4c56-9ee6-40cdae7eabc7,Exelon,commercial,office,chicago,IL,Warrenville,60555.0,4300 Winfield Rd,41.809384,-88.168024,meta,2025-06-02T07:00:00.000Z,0.3961437335670464,OpenStreetMap,2021-08-27T07:44:17.000Z,,True
717711d4-722d-41f3-ac72-741970ac37e2,ComEd Elgin Barn,real_estate,"['business', 'event_planning']",,,,,chicago,IL,Elgin,60123.0,350 2nd St,42.0240292,-88.3226517,meta,2025-06-02T07:00:00.000Z,0.296943231441048,,,,True
6f1b8013-9c2d-4925-9bde-63cdd44d01e2,ComEd An Exelon Company,public_utility_company,"['commercial_industrial', 'public_service_and_government']",,,,,chicago,IL,Oakbrook Terrace,60181.0,2 Lincoln Ctr,41.8464787,-87.9852225,meta,2025-06-02T07:00:00.000Z,0.9459263554653524,,,,True
6ea5e795-4217-4e2c-9510-8bf9b9668aa2,ComEd,auditorium,"['public_service_and_government', 'electric_utility_provider']",b3223ded-85d9-412b-ac6e-2183751c4c60,,,,chicago,IL,Oak Brook,60523.0,1919 Swift Dr,41.8518308,-87.9211949,meta,2025-06-02T07:00:00.000Z,0.9784508333782836,OpenStreetMap,2025-02-13T22:11:07.000Z,,False
663058e5-999a-4c99-a650-b2e5f3ca7bdb,Exelon Corporation,gas_station,"['business_manufacturing_and_supply', 'chemical_plant']",b3223ded-85d9-412b-ac6e-2183751c4c60,,,,chicago,IL,Oak Brook,60523.0,1919 Swift Dr,41.851757,-87.920943,meta,2025-06-02T07:00:00.000Z,0.4929396662387676,OpenStreetMap,2025-02-13T22:11:07.000Z,,True
69bf02d7-92e1-4f7b-a5ad-4702f96b9516,Exelon Generation City Solar,solar_installation,"['energy_equipment_and_solution', 'hvac_services']",,,,,chicago,IL,Chicago,60643.0,1201 W 120th St,41.6757312,-87.6517994,meta,2025-06-02T07:00:00.000Z,0.9297091412742382,,,,False
1d7825ac-e206-4ff4-8031-458b0ac4724e,PECO Pallet Chicago,business_manufacturing_and_supply,"['industrial_company', 'freight_and_cargo_service']",,,,,chicago,IL,Chicago,60633.0,2924 E 126th Pl,41.6680239,-87.5520315,meta,2025-06-02T07:00:00.000Z,0.9784508333782836,,,,False
1b72b645-31db-4956-b6bd-987bf129fb48,ComEd,public_utility_company,"['real_estate', 'event_planning']",,,,,chicago,IL,Chicago,60652.0,7801 S Lawndale Ave,41.7532088,-87.7140941,meta,2025-06-02T07:00:00.000Z,0.296943231441048,,,,True
6376c9bf-5c84-4025-ad0a-2dfdfc3729d2,ComEd - Chicago South HQ,real_estate,"['public_utility_company', 'real_estate_agent']",3496e28b-48ec-4ff8-815c-897e1a26c419,,,,chicago,IL,Chicago,60652.0,7601 S Lawndale Ave,41.7552697,-87.7136651,meta,2025-06-02T07:00:00.000Z,0.3961437335670464,OpenStreetMap,2012-05-14T03:22:20.000Z,,True
8429431d-3cae-4f44-a390-08ff94d3c3dd,ComEd Maywood,energy_company,"['public_utility_company', 'bar']",d855ee70-146c-4e13-b5f5-4af5a44296dc,,,,chicago,IL,Maywood,60153.0,1319 Maybrook Dr,41.8742531,-87.8303313,meta,2025-06-02T07:00:00.000Z,0.9415384615384615,OpenStreetMap,2018-11-12T09:53:01.000Z,,False
406b33ad-732f-48d8-b104-6fb90adbb660,Exelon Gymnasium,high_school,"['gym', 'active_life']",07ab668e-47b9-40ae-8430-71b3914e58e5,Louise H Landau Community Health Center,commercial,commercial,chicago,IL,Chicago,60651.0,3645 W Chicago Ave,41.895188,-87.718286,meta,2025-06-02T07:00:00.000Z,0.5662921348314607,OpenStreetMap,2023-10-06T05:31:10.000Z,,False
be1d1977-96dd-405d-8543-141fd516b609,ComEd Recreation Center at Addams Park,sports_and_recreation_venue,['topic_concert_venue'],21d1498d-0f5c-40e2-8c70-72558dfcd4e9,ComEd Recreation Center at Addams Park,civic,public,chicago,IL,Chicago,60608.0,1434 S Loomis St,41.8621032,-87.6628342,meta,2025-06-02T07:00:00.000Z,0.9784508333782836,OpenStreetMap,2024-06-10T19:39:13.000Z,,False
dd35e947-5fd5-4c28-aaf6-87acf79886c4,Exelon,energy_company,"['public_utility_company', 'electric_utility_provider']",bde91c4c-1a04-46b2-8c5d-82f370c9ee7a,Chase Tower,commercial,office,chicago,IL,Chicago,60603.0,10 S Dearborn St,41.8815824,-87.6304513,meta,2025-06-02T07:00:00.000Z,0.9784508333782836,OpenStreetMap,2023-08-12T08:49:52.000Z,,False
a11c7d4e-7206-457e-9180-c7e588d4477d,Exelon Pavilion,landmark_and_historical_building,"['park', 'fountain']",1976b6a0-b570-41f2-8310-2cc2a8863998,Northwest Exelon Pavilion / Millennium Park Information Center,entertainment,pavilion,chicago,,,60601.0,E Monroe Dr,41.884075,-87.6223722,meta,2025-06-02T07:00:00.000Z,0.4929396662387676,OpenStreetMap,2024-05-10T20:13:13.000Z,,False
a11c7d4e-7206-457e-9180-c7e588d4477d,Exelon Pavilion,landmark_and_historical_building,"['park', 'fountain']",446e72ce-97d5-4ea2-9e36-9012022da720,Joan W. and Irving B. Harris Theater for Music and Dance,commercial,commercial,chicago,,,60601.0,E Monroe Dr,41.884075,-87.6223722,meta,2025-06-02T07:00:00.000Z,0.4929396662387676,OpenStreetMap,2024-06-03T21:20:11.000Z,,False
74898fad-de8d-45fa-80a3-b04016141e55,ComEd Crystal Lake,real_estate,['real_estate_agent'],c3bcc3a4-e688-4113-8e14-f66ceb63c96b,,,,chicago,IL,Crystal Lake,60012.0,5100 N IL-31,42.255022,-88.286017,meta,2025-06-02T07:00:00.000Z,0.4929396662387676,OpenStreetMap,2016-10-30T21:47:46.000Z,,False
bb20528b-5f8b-4704-a1b0-d2839dbf751c,ComEd Libertyville Hq,event_planning,,6e1d93bf-be0b-4efa-91e4-79de74f8eada,,commercial,retail,chicago,IL,Libertyville,60048.0,1500 Franklin Blvd,42.30179,-88.007912,meta,2025-06-02T07:00:00.000Z,0.5662921348314607,OpenStreetMap,2016-05-24T05:26:27.000Z,,True
3a34d8e3-2a36-4dc9-b76b-a89f071f13a8,BGE Studios,professional_services,"['movie_television_studio', 'event_photography']",,,,,atlanta,GA,East Point,30344.0,2466 Lawrence St,33.6876933,-84.4406073,meta,2025-06-02T07:00:00.000Z,0.9415384615384615,,,,False
b7b9b67a-fb3f-4f39-b435-6a2c5849004a,Peco Campers,campground,"['automotive', 'automotive_dealer']",4611c6f4-102e-4cea-8bf3-f2bf8d7c6ef4,Atlanta Expo Center (South),entertainment,,atlanta,GA,Atlanta,30354.0,3850 Jonesboro Rd SE,33.6509497,-84.3638925,meta,2025-06-02T07:00:00.000Z,0.3376623376623376,OpenStreetMap,2021-08-01T05:35:33.000Z,,False
68e3efb1-62fa-4fb7-bbd2-9cf850bafb05,Peco Fasteners Inc.,home_improvement_store,"['commercial_industrial', 'industrial_equipment']",0a31ecb4-c6cb-4a55-bf11-e1f0763ca4c4,,commercial,warehouse,atlanta,GA,Austell,30168.0,1218 Six Flags Rd,33.7634885,-84.5914335,meta,2025-06-02T07:00:00.000Z,0.9784508333782836,OpenStreetMap,2021-12-27T13:01:47.000Z,,False
daf12bbe-311e-4a66-82b6-65382bc00d95,Peco Insurance,insurance_agency,,17d2c66f-aaa5-4f09-9d7b-67fb5d529713,,,,charlotte,NC,Charlotte,28270.0,1805 Sardis Rd N,35.141266,-80.7367836,meta,2025-06-02T07:00:00.000Z,0.9459263554653524,OpenStreetMap,2023-01-10T18:53:24.000Z,,False
2b9857ba-3143-4af4-bed3-416d51232a91,BGE Mediation and Legal Tech Services,legal_services,"['divorce_and_family_law', 'lawyer']",16658f40-0fbe-4578-bfc9-af2e1d33d51a,,,,spokane,WA,Spokane Valley,99212.0,620 N Argonne Rd,47.6630558,-117.2826239,meta,2025-06-02T07:00:00.000Z,0.9204819277108434,OpenStreetMap,2022-07-13T08:38:58.000Z,,False
1672bd06-ac51-4d56-b118-a3a7a3adc5c9,BGE Grooming,pet_groomer,"['pet_services', 'business']",237a140f-c142-4062-b8ef-95702303e789,,,,orlando,FL,Oviedo,32765.0,379 E Broadway St,28.6706195,-81.2018743,meta,2025-06-02T07:00:00.000Z,0.9879256218304756,OpenStreetMap,2018-09-02T03:01:47.000Z,,False
200b30d8-faa8-4d15-a16b-201595ae1736,BGE Auto Sales,car_dealer,"['automotive', 'auto_company']",fc5ac215-c7be-4432-aef2-ee3e9003de17,,,,louisville,IN,New Albany,47150.0,30 Vincennes St,38.28731,-85.80218,meta,2025-06-02T07:00:00.000Z,0.7548172757475083,Microsoft ML Buildings,2020-04-11T00:00:00.000Z,,False
bb20528b-5f8b-4704-a1b0-d2839dbf751c,ComEd Libertyville Hq,event_planning,,6e1d93bf-be0b-4efa-91e4-79de74f8eada,,commercial,retail,round-lake-beach-mchenry-grayslake,IL,Libertyville,60048.0,1500 Franklin Blvd,42.30179,-88.007912,meta,2025-06-02T07:00:00.000Z,0.5662921348314607,OpenStreetMap,2016-05-24T05:26:27.000Z,,True
e0b4edfd-e7be-4a7d-92e7-34d5cd14340f,Comed rockford,event_planning,"['public_service_and_government', 'real_estate']",1e48976f-8f99-4000-9518-d8c2d41b8dcb,,commercial,commercial,rockford,IL,Rockford,61109.0,123 Energy Ave,42.2356096,-89.0981568,meta,2025-06-02T07:00:00.000Z,0.9415384615384615,OpenStreetMap,2015-02-18T06:48:32.000Z,,True
2a8d434b-92ae-4651-93c1-861fb3265103,Peco Pallets,storage_facility,,5e6bfd94-0e41-4722-94cc-a742ce3a60c6,,,,columbus-ohio,OH,Columbus,43228.0,4545 Fisher Rd,39.9653024,-83.1250517,meta,2025-06-02T07:00:00.000Z,0.4929396662387676,OpenStreetMap,2023-01-29T21:19:25.000Z,,False
f4b0df8a-9973-4a87-947f-f526afe99fb0,Pepco,electric_utility_provider,['social_service_organizations'],919d1f50-74bf-435e-8f51-aa18ad6c2d3f,,,,columbus-ohio,OH,Columbus,43229.0,5193 Sinclair Rd,40.0709768,-82.9987717,meta,2025-06-02T07:00:00.000Z,0.909823677581864,OpenStreetMap,2018-05-20T21:20:29.000Z,,False
ff6c822e-9677-473e-bfa8-0473f34e7ead,Pepco,professional_services,"['commercial_industrial', 'industrial_equipment']",,,,,toledo,OH,Toledo,43612.0,501 Phillips Ave,41.6899012,-83.5576329,meta,2025-06-02T07:00:00.000Z,0.9297091412742382,,,,False
ef8ad6ed-1531-49d6-b30e-e892474fd9b6,BGE Howard Service Center,public_utility_company,"['gas_station', 'commercial_industrial']",c7c6d9e1-08aa-4c76-82cc-c47b1dd9f02c,,,,baltimore,MD,Ellicott City,21043.0,5130 Ilchester Rd,39.2304532,-76.7804226,meta,2025-06-02T07:00:00.000Z,0.9784508333782836,OpenStreetMap,2024-10-05T12:31:24.000Z,,False
45c91657-ceca-448f-b02f-fb89d8b12f55,Baltimore Gas and Electric Company,electric_utility_provider,"['public_service_and_government', 'gas_station']",00d764b8-ce82-44ce-848d-7a78e19bbe96,BGE,,,baltimore,MD,Windsor Mill,21244.0,7225 Windsor Blvd,39.3330168,-76.7562239,meta,2025-06-02T07:00:00.000Z,0.9459263554653524,OpenStreetMap,2014-08-26T17:30:51.000Z,,True
cacf6c30-5d33-4fca-91b8-8b83c96f4329,Bge Eob,event_planning,"['professional_services', 'energy_company']",bef4333e-eebb-4449-9c89-cbdd71538f4b,,,,baltimore,MD,Windsor Mill,21244.0,7309 Windsor Mill Rd,39.337118,-76.757175,meta,2025-06-02T07:00:00.000Z,0.3961437335670464,OpenStreetMap,2020-12-07T13:32:25.000Z,,True
e2be2bd5-1dcf-4156-b20a-5e407649c1a8,Exelon Industrial Services,engineering_services,"['professional_services', 'industrial_equipment']",1f6390fe-8ec3-42e0-a5cd-6fc0342756bc,,,,baltimore,MD,Curtis Bay,21226.0,1005 Brandon Shores Rd,39.1804572,-76.5455787,meta,2025-06-02T07:00:00.000Z,0.4929396662387676,OpenStreetMap,2010-06-17T19:52:40.000Z,,False
85df07ae-1a11-46b7-9b34-ac002696dbcb,Exelon,gas_station,"['public_utility_company', 'energy_company']",98d1d7f0-12bd-4074-801f-98bbd29e6bca,250 West Pratt Street,commercial,commercial,baltimore,MD,Baltimore,0.0,,39.286729,-76.618765,meta,2025-06-02T07:00:00.000Z,0.3376623376623376,OpenStreetMap,2020-07-17T21:11:59.000Z,,False
68342ff3-4e20-4166-a612-f83044e7a020,BGE,public_utility_company,"['electric_utility_provider', 'public_service_and_government']",bcba442b-6ff9-4d9c-b79e-e6566d2b37a5,,,,baltimore,MD,Baltimore,21230.0,1699 Leadenhall St,39.2710339,-76.6178998,meta,2025-06-02T07:00:00.000Z,0.5662921348314607,OpenStreetMap,2021-04-04T15:22:28.000Z,,False
03288066-3529-41ca-8cfb-35330269f440,BGE Gould Street Substation,electric_utility_provider,"['public_utility_company', 'energy_company']",,,,,baltimore,MD,Baltimore,21230.0,2105 Gould St,39.2662793,-76.6054796,meta,2025-06-02T07:00:00.000Z,0.9784508333782836,,,,False
f3943968-d271-446e-82ab-465f7400bd87,Baltimore Gas and Electric Company Building,electrician,"['public_utility_company', 'landmark_and_historical_building']",85f50d42-dc2d-4f10-b7ad-0a5eb0e1ab0e,BGE Building,residential,apartments,baltimore,MD,Baltimore,21201.0,39 W Lexington St,39.291219,-76.617108,meta,2025-06-02T07:00:00.000Z,0.3376623376623376,OpenStreetMap,2016-07-15T17:02:46.000Z,,True
40961a79-2a07-40ce-8bad-cf0606a1026e,Exelon Generation Company,public_utility_company,"['public_service_and_government', 'gas_station']",5c87cc53-f6a4-4a4a-b7af-d7ac358c9659,,,,baltimore,MD,Owings Mills,21117.0,11520 Cronridge Dr,39.4423833,-76.7736222,meta,2025-06-02T07:00:00.000Z,0.3376623376623376,OpenStreetMap,2021-11-09T06:44:58.000Z,,True
65396b64-7061-4c57-aa36-591b0bf941a2,BGE Cockeysville Service Center,automotive_repair,"['public_service_and_government', 'automotive']",,,,,baltimore,MD,Cockeysville,21030.0,10500 York Rd,39.4752399,-76.6417514,meta,2025-06-02T07:00:00.000Z,0.9784508333782836,,,,False
cfaa599f-f832-4b17-b08e-9cdd4c57bfbc,BGE,public_utility_company,"['public_service_and_government', 'engineering_services']",58652c76-7bbf-4f95-b9d3-f5e14bacef54,,,,baltimore,MD,Nottingham,21236.0,4211 Blakely Ave,39.3935358,-76.4837691,meta,2025-06-02T07:00:00.000Z,0.9459263554653524,OpenStreetMap,2014-08-18T10:59:18.000Z,,False
2da14aa1-2a6d-4f89-8958-da47ff0d590a,BGE Perry Hall Service Center,energy_company,"['public_utility_company', 'electric_utility_provider']",c995e916-a394-4115-a540-e8d804fac5ac,,,,baltimore,MD,Nottingham,21236.0,9701 Belair Rd,39.415968,-76.459429,meta,2025-06-02T07:00:00.000Z,0.9459263554653524,OpenStreetMap,2020-03-06T04:46:34.000Z,,False
453197dd-d757-45b8-9428-c55925b62074,BGE White Marsh Training Center,vocational_and_technical_school,['education'],,,,,baltimore,MD,White Marsh,21162.0,11350 Pulaski Hwy,39.3947966,-76.4091057,meta,2025-06-02T07:00:00.000Z,0.9784508333782836,,,,False
01ac674d-4bc5-4abf-ad34-56ba06203e32,BGE Technologies,it_service_and_computer_repair,"['computer_store', 'computer_hardware_company']",03eba78b-a6db-4039-abbe-60c491c70eb4,,,,cleveland,OH,Lakewood,44107.0,1669 Larchmont Ave,41.4776757,-81.8165748,meta,2025-06-02T07:00:00.000Z,0.8831168831168831,OpenStreetMap,2025-03-11T07:12:44.000Z,,False
c4169701-5c35-4dc8-bad3-50eb2958bc16,Pepco - Professional Electric Products Company,professional_services,"['wholesale_store', 'shopping']",ab5a4de1-c923-42c7-8bc5-aa6087d9d050,,,,cleveland,OH,Eastlake,44095.0,33210 Lakeland Blvd,41.626468,-81.451677,meta,2025-06-02T07:00:00.000Z,0.4929396662387676,Microsoft ML Buildings,2000-01-01T00:00:00.000Z,,True
c61de288-fdb1-41db-b58a-3594250857f2,Pepco Akron,professional_services,"['shopping', 'fast_food_restaurant']",36127673-141e-4993-bb28-5d04c40045ac,,,,akron,OH,Akron,44306.0,1140 E Waterloo Rd,41.028333,-81.488168,meta,2025-06-02T07:00:00.000Z,0.5662921348314607,OpenStreetMap,2017-07-02T17:52:46.000Z,,False
ff51532d-7ff6-4882-8117-95438beda547,PECO International Electric inc.,professional_services,"['electrician', 'shopping']",,,,,miami,FL,Miami,33122.0,7983 NW 33rd St,25.8050464,-80.3267824,meta,2025-06-02T07:00:00.000Z,0.9459263554653524,,,,False
d9a80c11-673e-4a01-8e5c-19bf31f26ea7,Peco International,electrician,"['electric_utility_provider', 'shopping']",78994ac4-05a5-44f9-8aa4-1a0b32b569e8,,,,miami,FL,Doral,33122.0,7985 NW 33rd St,25.804516,-80.326312,meta,2025-06-02T07:00:00.000Z,0.296943231441048,OpenStreetMap,2022-04-08T17:48:36.000Z,,False
9098df72-3f4c-42f6-8194-b1468f65017d,Peco insurance LLC.,insurance_agency,,95982d09-e5a6-4032-8d4a-772c93bde163,South River Suites,,,miami,FL,Miramar,33025.0,11362 Miramar Pkwy,25.8867117,-80.3681123,meta,2025-06-02T07:00:00.000Z,0.7548172757475083,OpenStreetMap,2021-11-22T04:07:34.000Z,,False
8930cc81-1f8a-4940-9eb6-372570bc196d,Peco's Pro Shop Auto Collision,automotive_repair,"['auto_detailing', 'auto_body_shop']",a1651f91-be9f-4e0f-8445-d52cd51fea60,,,,miami,FL,Delray Beach,33445.0,101 S Congress Ave,26.4597574,-80.0931519,meta,2025-06-02T07:00:00.000Z,0.9879256218304756,OpenStreetMap,2020-03-28T04:27:17.000Z,,False
ad7d05bc-b88a-47d0-821d-1b643aaea26d,Delmarva Power Conference Center,event_planning,['public_service_and_government'],,,,,philadelphia,DE,Newark,19702.0,4100 S Wakefield Dr,39.6623557,-75.6790058,meta,2025-06-02T07:00:00.000Z,0.9784508333782836,,,,True
46f57e65-93dd-46ad-967b-ad2390030b5d,Pepco,public_utility_company,"['commercial_industrial', 'energy_company']",11ecd00f-4cfb-42af-9dd0-9836ad8518b1,,,,philadelphia,DE,Newark,19702.0,500 N Wakefield Dr,39.6629982,-75.6741776,meta,2025-06-02T07:00:00.000Z,0.9459263554653524,OpenStreetMap,2023-08-19T20:06:32.000Z,,False
2e2ec971-9e50-4db6-b1ae-24c6502c6b9e,Delmarva Power and Light,public_utility_company,"['lighting_store', 'public_service_and_government']",bc128c09-0aea-4ab6-988d-7ca599c0e94b,,,,philadelphia,DE,Newark,19702.0,500 N Wakefield Dr,39.6687671,-75.668072,meta,2025-06-02T07:00:00.000Z,0.9297091412742382,OpenStreetMap,2025-04-15T01:16:31.000Z,,False
38e606f1-6891-4f90-bb88-5c451dfe3e50,Delmarva Power (Delmarva Connect),public_utility_company,"['energy_company', 'electric_utility_provider']",bc128c09-0aea-4ab6-988d-7ca599c0e94b,,,,philadelphia,DE,Newark,19702.0,401 Eagle Run Rd,39.6687671,-75.668072,meta,2025-06-02T07:00:00.000Z,0.8384615384615385,OpenStreetMap,2025-04-15T01:16:31.000Z,,False
da8e0581-47cd-42ca-93a6-163089f1dd92,Delmarva Power & Light Company,public_service_and_government,"['energy_company', 'public_utility_company']",197087c0-bad3-469d-9ce4-1bad74963b43,,civic,government,philadelphia,DE,Wilmington,19801.0,630 Martin Luther King Blvd,39.7402184,-75.5587242,meta,2025-06-02T07:00:00.000Z,0.9415384615384615,OpenStreetMap,2022-09-22T13:29:58.000Z,,True
7df87fc0-3c19-4260-ace6-1e86d90dccde,Peco's Liquor Store,liquor_store,"['shopping', 'whiskey_bar']",1015fc48-ba1a-45db-bc80-782223ac8723,,,,philadelphia,DE,Wilmington,19809.0,522 Philadelphia Pike,39.7687183,-75.5040999,meta,2025-06-02T07:00:00.000Z,0.9784508333782836,Microsoft ML Buildings,2020-09-20T00:00:00.000Z,,False
7650b53a-d86b-463a-a4aa-dbd2f2d75a97,Exelon Generation Co.,electrician,"['gas_station', 'real_estate']",,,,,philadelphia,PA,Crum Lynne,19022.0,1 Industrial Hwy,39.8595264,-75.3255579,meta,2025-06-02T07:00:00.000Z,0.3376623376623376,,,,False
934ce18b-3943-4ed4-8100-fe061c792265,Exelon Power Plant,industrial_equipment,"['real_estate', 'public_service_and_government']",91b3142f-9d34-46c8-a87e-87ab7e0116d1,,,,philadelphia,PA,Eddystone,19022.0,1 Industrial Hwy,39.860465,-75.325016,meta,2025-06-02T07:00:00.000Z,0.4929396662387676,Microsoft ML Buildings,2020-10-14T00:00:00.000Z,,False
535642ac-495d-492e-83a8-5c8790ce1334,PECO Berwyn Service Building,electric_utility_provider,"['automotive_repair', 'hospital']",,,,,philadelphia,PA,Tredyffrin Twp,19312.0,1050 W Swedesford Rd,40.0596278,-75.462799,meta,2025-06-02T07:00:00.000Z,0.9784508333782836,,,,False
b29d94b5-8612-4619-aaa4-4107910a0ef0,Peco Energy Company,public_utility_company,"['professional_services', 'energy_company']",e1af6a9e-235e-42d9-8b4e-367415a92bd7,,,,philadelphia,PA,Berwyn,19312.0,1040 W Swedesford Rd,40.062039,-75.463506,meta,2025-06-02T07:00:00.000Z,0.4929396662387676,Esri Community Maps,2024-10-15T00:00:00.000Z,,True
7f5525ea-0ff6-4790-874b-d647182d5b80,PECO Gas Operations,energy_company,"['public_utility_company', 'professional_services']",,,,,philadelphia,PA,Conshohocken,19428.0,300 Front St,40.0756639,-75.3181732,meta,2025-06-02T07:00:00.000Z,0.9784508333782836,,,,False
2c5d6aab-7e88-469c-bafc-15f132a1c128,Pepco Paint Shop,shopping,"['metal_supplier', 'commercial_industrial']",4ad176c6-1932-40fd-8ffe-cf3d946e6ca1,,industrial,industrial,philadelphia,NJ,Somerdale,8083.0,210 E Evergreen Ave,39.852804,-75.021007,meta,2025-06-02T07:00:00.000Z,0.3961437335670464,OpenStreetMap,2013-11-16T14:55:13.000Z,,False
e1a29c07-96af-4895-9ca4-c61764d868a2,PECO,public_utility_company,"['public_service_and_government', 'real_estate']",ab0c3100-5412-4af2-8f39-24047d76aeec,,industrial,industrial,philadelphia,PA,Philadelphia,19146.0,830 Schuylkill Ave,39.9432488,-75.1893629,meta,2025-06-02T07:00:00.000Z,0.9459263554653524,OpenStreetMap,2018-10-20T03:56:28.000Z,,False
f00c1034-a293-44f6-9025-6c470efdf65f,Exelon Generation Company,public_utility_company,"['gas_station', 'energy_company']",ab0c3100-5412-4af2-8f39-24047d76aeec,,industrial,industrial,philadelphia,PA,Philadelphia,19146.0,830 Schuylkill Ave,39.943391,-75.189398,meta,2025-06-02T07:00:00.000Z,0.3961437335670464,OpenStreetMap,2018-10-20T03:56:28.000Z,,True
3864fc69-f3c1-4c4b-8505-b6b816c3b6a4,PECO,public_utility_company,"['electric_utility_provider', 'energy_company']",8c0199a6-3fde-4f22-9089-26e39170ea6e,PECO Building,commercial,commercial,philadelphia,PA,Philadelphia,19103.0,2301 Market St,39.95461,-75.1786097,meta,2025-06-02T07:00:00.000Z,0.9879256218304756,OpenStreetMap,2024-07-11T18:28:30.000Z,,False
53a43a2f-bcc2-4e60-acb7-4d09d5043ee6,Peco Oregon Shop Heliport,heliports,['travel'],747123b1-6dee-4afe-bf4f-b95c602f68f6,,,,philadelphia,,,19148.0,East Oregon Avenue,39.9126015,-75.1399002,meta,2025-06-02T07:00:00.000Z,0.3376623376623376,Microsoft ML Buildings,2000-01-01T00:00:00.000Z,,False
6a020586-59e2-4f0f-9d23-a9b11d66811f,Exelon,public_utility_company,"['gas_station', 'energy_company']",44eb848d-832e-4f6a-af72-4f0a0b187655,,,,philadelphia,PA,Pottstown,19464.0,1595 Industrial Hwy,40.236037,-75.62711,meta,2025-06-02T07:00:00.000Z,0.296943231441048,OpenStreetMap,2019-10-26T14:07:37.000Z,,False
6915ff47-212e-4f28-bea3-ba77a45cc3d5,PECO Baseball Field,stadium_arena,"['baseball_field', 'active_life']",,,,,philadelphia,,,19460.0,,40.126268,-75.5372629,meta,2025-06-02T07:00:00.000Z,0.3376623376623376,,,,False
c25a41b4-74a9-4e0b-85cb-2e1f7024e50d,Peco Playground,park,"['baseball_field', 'baseball_stadium']",dd4549fe-f24b-49ea-bf2d-0fe699a23ed4,,,,philadelphia,PA,Phoenixville,19460.0,865 Woodlawn Ave,40.126942,-75.534865,meta,2025-06-02T07:00:00.000Z,0.5662921348314607,Esri Community Maps,2024-10-15T00:00:00.000Z,,False
677d3b21-6659-4097-ab73-b8530a22fe19,Exelon,public_utility_company,"['energy_company', 'non_governmental_association']",d70f9240-d5da-4017-ab65-7e0aea43082a,PPC,,,philadelphia,PA,Pottstown,19464.0,3146 Sanatoga Rd,40.227287,-75.582596,meta,2025-06-02T07:00:00.000Z,0.5662921348314607,OpenStreetMap,2021-11-28T20:29:08.000Z,,False
73c610e6-0a28-48fc-8da0-1a421d11f837,Peco Energy Co.,business_management_services,"['public_utility_company', 'laboratory_testing']",4e8079d7-7aa4-44db-91b7-0c29d2f768dc,,,,philadelphia,PA,King of Prussia,19406.0,875 1st Ave,40.095109,-75.402758,meta,2025-06-02T07:00:00.000Z,0.3376623376623376,OpenStreetMap,2010-12-07T22:34:50.000Z,,False
162cbba2-69e8-45f1-a3b6-51757464fccd,PECO Electric Service Center,automotive_repair,"['public_utility_company', 'public_service_and_government']",47b757dc-df6a-447b-8ad3-d89d38c409c7,PECO Plymouth Service Building,,,philadelphia,PA,Plymouth Twp,19428.0,680 W Ridge Pike,40.0973444,-75.2971586,meta,2025-06-02T07:00:00.000Z,0.9784508333782836,OpenStreetMap,2013-06-05T15:06:16.000Z,,False
58652297-4202-4889-9c5e-f27e301349c5,PECO Plymouth Station,gas_station,"['automotive', 'automotive_repair']",47b757dc-df6a-447b-8ad3-d89d38c409c7,PECO Plymouth Service Building,,,philadelphia,PA,Plymouth Twp,19428.0,680 W Ridge Pike,40.0976581,-75.2969958,meta,2025-06-02T07:00:00.000Z,0.9459263554653524,OpenStreetMap,2013-06-05T15:06:16.000Z,,False
60b049fe-249f-4c81-bed6-be950901e9d1,Peco PMC,electrician,"['education', 'energy_company']",cb6acb94-be28-4818-8018-bac14ac40a2c,,,,philadelphia,PA,Plymouth Meeting,19462.0,2001 Gallagher Rd,40.1023858,-75.2967544,meta,2025-06-02T07:00:00.000Z,0.3961437335670464,Microsoft ML Buildings,2000-01-01T00:00:00.000Z,,False
6c0bfd59-1a85-4847-bb5a-f472d2c045e1,PECO Warminster Service Building,electric_utility_provider,"['public_utility_company', 'energy_company']",,,,,philadelphia,PA,Warminster,18974.0,400 Park Ave,40.1946571,-75.0901873,meta,2025-06-02T07:00:00.000Z,0.9784508333782836,,,,False
faf47f3b-6f38-44a2-aff5-661da93be850,Peco Emilie Service Building,public_utility_company,"['energy_company', 'automotive']",,,,,philadelphia,PA,Bristol Twp,19057.0,3798 Edgely Rd,40.1470827,-74.8483971,meta,2025-06-02T07:00:00.000Z,0.9300613496932516,,,,False
db3789e9-8d0e-44bc-b60b-4c51103bca21,PECO Car Wash Systems,auto_detailing,"['automotive', 'real_estate']",e95a48d3-d47d-4da7-9a39-c8d1c912b7c0,,,,detroit,MI,Auburn Hills,48326.0,244 Rex Blvd,42.6356096,-83.2347951,meta,2025-06-02T07:00:00.000Z,0.9415384615384615,OpenStreetMap,2024-11-20T17:21:58.000Z,,False
bf4640da-cd7a-45d5-b279-cc57badefd81,(BGE) Boston Global Education LLC,educational_services,['education'],78109fd3-0c3d-48c6-ab45-f78608b5d115,,,,new-york,NJ,Harrison,7029.0,106 Passaic Ave,40.746506,-74.164207,Microsoft,2022-11-12T22:47:57.693Z,0.77,OpenStreetMap,2016-10-13T11:31:01.000Z,,False
bf4640da-cd7a-45d5-b279-cc57badefd81,(BGE) Boston Global Education LLC,educational_services,['education'],b480d7e2-b684-4870-838e-565afb7367f3,,,,new-york,NJ,Harrison,7029.0,106 Passaic Ave,40.746506,-74.164207,Microsoft,2022-11-12T22:47:57.693Z,0.77,OpenStreetMap,2016-10-13T11:31:01.000Z,,False
d1a70436-2bdf-42ee-bdd3-25088af4d5cf,PEPCO Corp,automation_services,['wholesale_store'],f430dbad-00c3-4b6f-883d-764848a22351,,commercial,commercial,new-york,NY,Deer Park,11729.0,561 Acorn St,40.7591859,-73.3430556,meta,2025-06-02T07:00:00.000Z,0.8831168831168831,OpenStreetMap,2017-01-27T17:26:52.000Z,,False
56ed3158-1a16-467a-9da3-c57d688dd537,Exelon Power Texas,public_service_and_government,"['electric_utility_provider', 'energy_company']",61c1b9b1-f1d3-4c5e-a4eb-e66800e63c41,,,,dallas,TX,Dallas,75211.0,2233 Mountain Creek Pkwy,32.724422,-96.936738,meta,2025-06-02T07:00:00.000Z,0.3961437335670464,OpenStreetMap,2025-02-26T20:54:01.000Z,,False
6167e30f-5e5f-4d24-a4c6-92358da4cb6d,Exelon,public_utility_company,"['gas_station', 'energy_company']",c5397a98-646a-4039-a6f8-4c1715d507d8,Republic Center,,,dallas,TX,Dallas,75201.0,325 N St Paul St,32.7833077,-96.7971695,meta,2025-06-02T07:00:00.000Z,0.8860580325548478,OpenStreetMap,2024-09-22T01:48:12.000Z,,False
ae7b3b0e-dc6f-4fbd-8f6d-be48187c6126,Pepco Sales and Marketing,marketing_agency,['professional_services'],a321107e-073d-4e46-8824-f49e09ca39c3,,commercial,commercial,dallas,TX,Dallas,75229.0,11310 Gemini Ln,32.8934506,-96.8841259,meta,2025-06-02T07:00:00.000Z,0.9297091412742382,OpenStreetMap,2017-01-17T20:13:23.000Z,,False
2c8491f1-1ce7-41f6-9761-9e5cd22e4f05,Peco InspX,professional_services,['industrial_equipment'],220a7522-80e4-4c34-8d6f-953abf9ce278,Peco InspX,industrial,industrial,oakland,CA,Burlingame,94010.0,1835 Rollins Rd,37.5979565,-122.3804745,meta,2025-06-02T07:00:00.000Z,0.9415384615384615,OpenStreetMap,2023-04-15T07:10:30.000Z,,False
faf47f3b-6f38-44a2-aff5-661da93be850,Peco Emilie Service Building,public_utility_company,"['energy_company', 'automotive']",,,,,trenton,PA,Bristol Twp,19057.0,3798 Edgely Rd,40.1470827,-74.8483971,meta,2025-06-02T07:00:00.000Z,0.9300613496932516,,,,False
91be4ef2-d22c-46da-932a-326cf6581cf8,Paradox at PeCo,flowers_and_gifts_shop,['souvenir_shop'],6e8e53fd-acd4-464f-ad58-949e0d60e204,,,,memphis,TN,Memphis,38104.0,248 S Cooper St,35.1319001,-89.9902978,meta,2025-06-02T07:00:00.000Z,0.9784508333782836,OpenStreetMap,2020-01-09T18:23:32.000Z,,False
91be4ef2-d22c-46da-932a-326cf6581cf8,Paradox at PeCo,flowers_and_gifts_shop,['souvenir_shop'],5e3b3862-5318-4d2b-ad0b-70d4f3746c2b,,,,memphis,TN,Memphis,38104.0,248 S Cooper St,35.1319001,-89.9902978,meta,2025-06-02T07:00:00.000Z,0.9784508333782836,OpenStreetMap,2020-01-09T18:23:32.000Z,,False
17984168-5c95-419f-b2e6-abc897856c58,PECO Control Systems,event_planning,"['travel', 'business_manufacturing_and_supply']",82dd5ec7-8fc4-40be-a8b7-740795fa0a26,,,,portland,OR,Clackamas,97015.0,11241 OR-212,45.410007,-122.5482441,meta,2025-06-02T07:00:00.000Z,0.9784508333782836,OpenStreetMap,2015-09-22T00:39:57.000Z,,True
270a7eab-18f1-48ea-9a9f-57d0520910b3,"Taller Mecánico PECO Auto Repair,LCC",automotive_repair,['automotive'],d81cc081-f34d-4507-ad1f-4caa86098894,Food Mart,,,portland,OR,Portland,97211.0,5520 NE Martin Luther King Jr Blvd,45.5630197,-122.6609111,meta,2025-06-02T07:00:00.000Z,0.9415384615384615,OpenStreetMap,2019-09-04T01:44:05.000Z,,False
