id_left,primary_name_left,primary_category,alternate_category,id_right,primary_name_right,subtype,class,source_city,region,locality,zipcode,address,latitude,longitude,plc_source_dataset,plc_source_update_time,plc_source_confidence,bldg_dataset,bldg_update_time,bldg_confidence,is_office_by_pipeline
18ec7566-40d0-48bf-81c8-f558396c9da5,Hershey Chocolate World,chocolatier,"['candy_store', 'shopping']",,,,,las-vegas,NV,Henderson,89074.0,9017 S Pecos Rd,36.025269,-115.100887,meta,2025-06-02T07:00:00.000Z,0.296943231441048,,,,False
f1bd6a1d-e673-4dc3-9689-90d93454816d,Hershey's Chocolate World,candy_store,"['chocolatier', 'desserts']",ba6e71e0-dbde-4f76-9bad-5630de1aa9d5,New York New York Hotel and Casino,entertainment,,las-vegas,NV,Las Vegas,89109.0,3790 Las Vegas Blvd S,36.1017682,-115.1735202,meta,2025-06-02T07:00:00.000Z,0.9784508333782836,OpenStreetMap,2024-12-12T23:57:45.000Z,,False
e2daab73-c641-4019-ae32-97c2118534d9,Laura Hershey Non Force Chiropractor,chiropractor,"['naturopathic_holistic', 'doctor']",afa05640-fb7a-4b0e-bdfd-d48a577daae7,,,,san-diego,CA,San Diego,92107.0,4783 Pescadero Ave,32.7376218,-117.2533062,meta,2025-06-02T07:00:00.000Z,0.9459263554653524,Microsoft ML Buildings,2023-09-01T00:00:00.000Z,0.9460999965667723,False
f8dd0410-1ad8-4d21-81d1-745740118468,Hershey Warehouse,freight_and_cargo_service,"['transportation', 'storage_facility']",f6e126a1-394a-4d3b-99aa-5fd6de28b037,,commercial,warehouse,atlanta,GA,Kennesaw,30152.0,7060  Battle Dr NW,33.9960642,-84.6153952,meta,2025-06-02T07:00:00.000Z,0.4929396662387676,OpenStreetMap,2024-07-31T19:06:45.000Z,,False
4fc9a68b-133c-444a-86c1-c83aec9ed8fa,Hershey's Ogden Ut,freight_and_cargo_service,"['pub', 'grocery_store']",,,,,ogden,UT,Ogden,84404.0,602 W 400 N,41.2701985,-111.9943062,meta,2025-06-02T07:00:00.000Z,0.7548172757475083,,,,False
47f475df-a8a5-485c-b19c-bb078c893655,"Hershey’s Ice Cream Jacksonville, FL",ice_cream_shop,"['restaurant', 'eat_and_drink']",,,,,jacksonville-florida,FL,Jacksonville,32257.0,11018 Old Saint Augustine Rd,30.17459,-81.6049,meta,2025-06-02T07:00:00.000Z,0.7548172757475083,,,,False
e988a951-15dc-450f-b92b-7e5a6a2cb9bd,Hershey Park,park,"['arts_and_entertainment', 'water_park']",ffd94345-cd52-449d-9de8-2004088b07a4,,,,philadelphia,PA,Exton,0.0,,40.0735895,-75.6851167,meta,2025-06-02T07:00:00.000Z,0.4929396662387676,OpenStreetMap,2020-06-22T05:27:29.000Z,,False
ef58e8d7-b54b-498f-97b6-1f3b5dafb983,Wellington at Hershey's Mill,retirement_home,['nurse_practitioner'],cce3db18-656b-4ebd-96f1-fbc6fe79a3c7,,,,philadelphia,PA,West Chester,19380.0,1361 E Boot Rd,39.9989616,-75.5707812,meta,2025-06-02T07:00:00.000Z,0.9784508333782836,OpenStreetMap,2010-09-11T01:35:51.000Z,,False
5c48d7a1-9326-4474-a815-992a6c97e601,Susquehanna Bank - Hershey's Mill Office,bank_credit_union,,,,,,philadelphia,PA,West Chester,19380.0,1371 E Boot Rd,39.997984,-75.569334,Microsoft,2015-07-15T19:06:27.250Z,0.77,,,,True
2729056b-93d2-49be-a979-fc601fab3275,Hershey's Mill Villages,retirement_home,['accommodation'],81f8fbf2-602a-4aeb-844d-63ebc5790669,Giant,,,philadelphia,PA,West Chester,19380.0,1389 E Boot Rd,39.998615,-75.56746,meta,2025-06-02T07:00:00.000Z,0.7548172757475083,OpenStreetMap,2024-10-30T04:19:56.000Z,,False
0ce9ca76-a985-4c42-830e-6a5ef6d3794e,Wellington at Hershey's Mill,assisted_living_facility,"['memory_care', 'health_and_medical']",81f8fbf2-602a-4aeb-844d-63ebc5790669,Giant,,,philadelphia,PA,West Chester,19380.0,1361 E Boot Rd,39.998786,-75.567523,Microsoft,2023-09-22T16:33:25.803Z,0.77,OpenStreetMap,2024-10-30T04:19:56.000Z,,False
33d37014-7b7b-4ce1-bb0b-42356931c3d5,Hershey's Mill Golf Club,golf_course,"['community_services_non_profits', 'active_life']",,,,,philadelphia,PA,West Chester,19380.0,401 Chandler Dr,40.003614,-75.5585923,meta,2025-06-02T07:00:00.000Z,0.9879256218304756,,,,False
fc25d355-25b6-46be-bb6b-012fea239458,Hershey's Mill,golf_course,['accommodation'],b2aca065-926e-4b1d-a246-3b2c2e74ec69,,,,philadelphia,PA,West Chester,19380.0,1500 Greenhill Rd,40.01249,-75.556202,meta,2025-06-02T07:00:00.000Z,0.7548172757475083,Esri Community Maps,2024-10-15T00:00:00.000Z,,False
7dc8b96d-e573-41f3-aedf-4d4823f517a4,Hershey's Mill Estate,real_estate_agent,"['real_estate', 'hospital']",ba5b2218-137a-4d95-84eb-498f99582793,,,,philadelphia,PA,West Chester,19380.0,1546 Tanglewood Dr,40.0179713,-75.5521691,meta,2025-06-02T07:00:00.000Z,0.4929396662387676,Esri Community Maps,2024-10-15T00:00:00.000Z,,False
b6c12c68-1989-4908-a765-d44517850901,Hershey Park Amusement Park,park,"['arts_and_entertainment', 'topic_concert_venue']",,,,,philadelphia,PA,Radnor,0.0,,40.0536839,-75.3763353,meta,2025-06-02T07:00:00.000Z,0.4929396662387676,,,,False
2de6fe29-3f44-4f0d-a9c6-6aa01ea5fb85,Hershey Shake Shop Creamery,ice_cream_shop,"['smoothie_juice_bar', 'diner']",4ded31f4-26b0-4e3a-a67c-8973dfa6f7b3,,,,philadelphia,NJ,Bellmawr,8031.0,809 Creek Rd,39.866834,-75.1135413,meta,2025-06-02T07:00:00.000Z,0.8148148148148148,OpenStreetMap,2023-07-06T17:09:05.000Z,,False
78432fad-65aa-4d9f-ab0a-e150a67c63b4,Hershey Chocolate World,museum,"['arts_and_entertainment', 'amusement_park']",69cdbcfe-0933-4796-9493-6b80f05311f0,,,,philadelphia,PA,Philadelphia,19134.0,Rorer St,39.99941,-75.11968,meta,2025-06-02T07:00:00.000Z,0.3961437335670464,OpenStreetMap,2023-08-21T20:53:56.000Z,,False
78432fad-65aa-4d9f-ab0a-e150a67c63b4,Hershey Chocolate World,museum,"['arts_and_entertainment', 'amusement_park']",781d56b5-e7af-4190-a4f3-55f90897181f,,,,philadelphia,PA,Philadelphia,19134.0,Rorer St,39.99941,-75.11968,meta,2025-06-02T07:00:00.000Z,0.3961437335670464,OpenStreetMap,2023-08-21T20:53:56.000Z,,False
78432fad-65aa-4d9f-ab0a-e150a67c63b4,Hershey Chocolate World,museum,"['arts_and_entertainment', 'amusement_park']",53cdb31f-d6f3-4383-aa2e-be1685314f80,,,,philadelphia,PA,Philadelphia,19134.0,Rorer St,39.99941,-75.11968,meta,2025-06-02T07:00:00.000Z,0.3961437335670464,OpenStreetMap,2023-08-21T20:53:56.000Z,,False
95166798-a58d-46f9-a161-5ecb09ddd12f,Hershey Park,park,['arts_and_entertainment'],,,,,philadelphia,PA,Downingtown,0.0,,40.0833195,-75.7133119,meta,2025-06-02T07:00:00.000Z,0.4929396662387676,,,,False
0ee8bceb-57f9-4609-9b1c-678a49b90839,"Integrative Veterinary Oncology, Dr Betsy Hershey",veterinarian,"['naturopathic_holistic', 'doctor']",ccfb2751-c372-43a0-94ea-45ff0e1bb261,Black Rock Coffee,commercial,,phoenix,AZ,Phoenix,85021.0,2260 W Glendale Ave,33.538964,-112.108581,meta,2025-06-02T07:00:00.000Z,0.3961437335670464,OpenStreetMap,2025-03-11T05:09:09.000Z,,False
8728cf59-05d4-4a19-ad2e-cab706d3f451,"Dr. Fritz Hershey Psy.D., MFT",counseling_and_mental_health,['health_and_medical'],7a889409-3a34-471e-b849-e04f0475655a,Aviation Terrace,commercial,commercial,los-angeles,CA,Redondo Beach,90278.0,1426 Aviation Blvd,33.8674377,-118.3835294,meta,2025-06-02T07:00:00.000Z,0.9297091412742382,OpenStreetMap,2025-05-04T16:17:45.000Z,,False
11939fef-ea0d-4b61-a57d-6250f9e0d29b,Hershey on 5th,jewelry_store,,efb809d3-227f-4337-a718-0574355f43d4,International Jewelry Center,commercial,commercial,los-angeles,CA,Los Angeles,90013.0,550 S Hill St,34.0473432,-118.252604,meta,2025-06-02T07:00:00.000Z,0.9415384615384615,OpenStreetMap,2024-08-25T13:53:29.000Z,,False
e7c744b7-cca6-49f5-883c-052d1c22c649,Hershey Law,lawyer,"['employment_law', 'legal_services']",e1d1a7fb-af9c-41dc-9ef3-db40833bf228,,commercial,commercial,los-angeles,CA,Los Angeles,91436.0,16255 Ventura Blvd,34.1571978,-118.4878293,meta,2025-06-02T07:00:00.000Z,0.9459263554653524,OpenStreetMap,2016-07-27T22:33:45.000Z,,False
ce9c769e-765e-4427-a455-f1674b9464f1,Hershey Business Products,computer_store,['information_technology_company'],9eca9c90-080a-4c58-ad87-49e75b24978b,,commercial,warehouse,los-angeles,CA,Santa Fe Springs,90670.0,8531 Wellsford Pl,33.9644533,-118.0589773,meta,2025-06-02T07:00:00.000Z,0.9459263554653524,OpenStreetMap,2016-11-03T16:09:34.000Z,,False
555cc4c6-7d1e-4a8b-ae69-28a7671e16ee,Hershey's Ice Cream,ice_cream_shop,"['food_beverage_service_distribution', 'desserts']",02204f55-8bf3-4372-8105-105bb03cf51d,,,,orlando,FL,Orlando,32824.0,1089 Jetstream Dr,28.4019628,-81.3637623,meta,2025-06-02T07:00:00.000Z,0.9459263554653524,OpenStreetMap,2021-04-29T10:55:48.000Z,,False
90bb717c-20e0-40d6-b06a-6e2cc7d6d0b6,Hershey and Associates LLC,insurance_agency,,2d7bdf17-4c36-43ab-ba0d-4c6b389d3a7b,,,,minneapolis,MN,Fridley,55432.0,1230 E Moore Lake Dr,45.0810741,-93.2390927,meta,2025-06-02T07:00:00.000Z,0.9784508333782836,OpenStreetMap,2021-04-15T22:52:26.000Z,,False
6f34f198-df9c-43cb-a946-8b5565bafc3c,Hershey & Associates LLC American Family Insurance,auto_insurance,['home_and_rental_insurance'],2d7bdf17-4c36-43ab-ba0d-4c6b389d3a7b,,,,minneapolis,MN,Fridley,55432.0,1230 Moore Lake Dr E,45.0810332,-93.2385741,Microsoft,2022-08-19T12:31:09.870Z,0.77,OpenStreetMap,2021-04-15T22:52:26.000Z,,False
ec9d82f1-b853-482c-a3e0-b646f8fa5f15,Nicole A. Hershey Massage,massage_therapy,['hospital'],7e46239c-df19-4489-94f8-5880dafcc8e2,,residential,apartments,cincinnati,OH,Cincinnati,45209.0,3069 Madison Rd,39.1519884,-84.4313736,meta,2025-06-02T07:00:00.000Z,0.9204819277108434,OpenStreetMap,2020-12-31T21:03:31.000Z,,False
ec9d82f1-b853-482c-a3e0-b646f8fa5f15,Nicole A. Hershey Massage,massage_therapy,['hospital'],e50c2464-b85b-45a5-b022-65f88ba95790,,,,cincinnati,OH,Cincinnati,45209.0,3069 Madison Rd,39.1519884,-84.4313736,meta,2025-06-02T07:00:00.000Z,0.9204819277108434,OpenStreetMap,2020-12-31T21:03:31.000Z,,False
08c973bc-7fb1-4b71-88c0-03c0e7c52ec9,Nicole A. Hershey Massage,massage_therapy,['hospital'],2c798cb0-35e5-48a6-a61f-ba05a03c7664,,,,cincinnati,OH,Cincinnati,45209.0,3069 Madison Rd,39.2455612,-84.3854112,meta,2025-06-02T07:00:00.000Z,0.8831168831168831,OpenStreetMap,2009-05-01T00:28:50.000Z,,False
c37ca83d-6469-4251-b064-5641fd52a033,Hershey's Ice Cream West,ice_cream_shop,"['fast_food_restaurant', 'restaurant']",0af3aab8-b3f4-491d-b952-797c95ccf1c7,,,,daytona-beach-port-orange,FL,Ormond Beach,32174.0,130 N Nova Rd,29.2809103,-81.0833544,meta,2025-06-02T07:00:00.000Z,0.9784508333782836,OpenStreetMap,2021-04-02T19:07:41.000Z,,False
b54b28e7-cdf2-4065-a2a1-f561bee7df4b,Hershey's Ice Cream,ice_cream_shop,"['american_restaurant', 'restaurant']",eeb5c5e5-55b0-4acb-902c-e195db4e1e78,,commercial,retail,daytona-beach-port-orange,FL,Ormond Beach,32176.0,145 E Granada Blvd,29.2914539,-81.042591,meta,2025-06-02T07:00:00.000Z,0.9784508333782836,OpenStreetMap,2021-04-02T19:08:56.000Z,,False
b91c830c-680a-4949-8e22-e127840ec431,Daytona Hershey's,ice_cream_shop,"['coffee_shop', 'smoothie_juice_bar']",f6940104-975f-4103-862b-3d3903e925dd,Airbrush,,,daytona-beach-port-orange,FL,Daytona Beach,32118.0,11 N Atlantic Ave,29.227147,-81.0085124,meta,2025-06-02T07:00:00.000Z,0.9784508333782836,OpenStreetMap,2021-04-04T06:32:17.000Z,,False
8af3f979-6c17-444e-8e75-7602d19546bd,J C Hershey Inc,contractor,['construction_services'],,,,,allentown-bethlehem,PA,Springfield Twp,18055.0,3045 Center St,40.5584048,-75.2865387,meta,2025-06-02T07:00:00.000Z,0.8540983606557377,,,,False
df573c2a-4ee6-4378-b9a8-a28573bba122,Hershey's Ice Cream,ice_cream_shop,"['professional_services', 'desserts']",,,,,allentown-bethlehem,PA,Allentown,18104.0,4815 Grammes Rd,40.6123478,-75.5755316,meta,2025-06-02T07:00:00.000Z,0.9300613496932516,,,,False
3281d4a5-3364-45d6-8f9b-6b1b020ac69a,Hershey's Ice Cream,ice_cream_shop,"['professional_services', 'candy_store']",5df68f53-b30e-4901-9890-6d4f49bc2255,,commercial,commercial,allentown-bethlehem,PA,Easton,18042.0,434 W Canal St,40.6826706,-75.2182922,meta,2025-06-02T07:00:00.000Z,0.242152466367713,OpenStreetMap,2022-03-09T17:14:22.000Z,,False
3281d4a5-3364-45d6-8f9b-6b1b020ac69a,Hershey's Ice Cream,ice_cream_shop,"['professional_services', 'candy_store']",93f6ac36-b268-4a25-b62c-24c01a25db17,,commercial,commercial,allentown-bethlehem,PA,Easton,18042.0,434 W Canal St,40.6826706,-75.2182922,meta,2025-06-02T07:00:00.000Z,0.242152466367713,OpenStreetMap,2022-03-09T17:14:22.000Z,,False
dcc18c3f-f112-4726-9910-499e3203de6b,Carol Hershey Realtor,real_estate_agent,['real_estate'],3d15e663-5009-4db6-93ff-03f7a8107277,,,,santa-clarita,CA,Valencia,91355.0,28361 Constellation Rd,34.40684,-118.5783,meta,2025-06-02T07:00:00.000Z,0.242152466367713,OpenStreetMap,2017-02-06T17:11:22.000Z,,False
4c441bab-6c10-4192-8013-09d52893b0e2,Hershey's Ice Cream Shop,ice_cream_shop,"['diner', 'smoothie_juice_bar']",,,,,baltimore,MD,Millersville,21108.0,670 Old Mill Rd,39.1177943,-76.6327528,meta,2025-06-02T07:00:00.000Z,0.9415384615384615,,,,False
ff839d14-c76d-413e-b547-483476767e11,Hershey Entertainment & Resorts,hotel,"['motel', 'resort']",0b3434a5-bac7-4f2c-b760-966638d2b578,,residential,residential,baltimore,MD,Baltimore,21212.0,7031 Heathfield Rd,39.380551,-76.609027,meta,2025-06-02T07:00:00.000Z,0.3376623376623376,OpenStreetMap,2014-08-18T21:25:46.000Z,,False
b2c90d2d-e0eb-459e-a54f-c92de0d0bc28,Hershey Ice Cream Shop,ice_cream_shop,"['grocery_store', 'restaurant']",9cf439ec-a847-47e4-b51d-a119bbb7ce87,,,,lakeland,FL,Lakeland,33801.0,112 S Tennessee Ave,28.0438,-81.956036,meta,2025-06-02T07:00:00.000Z,0.242152466367713,OpenStreetMap,2019-06-24T15:36:27.000Z,,False
dd7c2d4a-a0a0-40fe-b441-a73a9941f253,Hershey's Ice Cream,ice_cream_shop,"['diner', 'restaurant']",f1efacae-3d0d-46c5-8dcd-f02a9292b371,Lakeland Square Mall,,,lakeland,FL,Lakeland,33809.0,3800 US Highway 98 N,28.0934267,-81.9775901,meta,2025-06-02T07:00:00.000Z,0.9297091412742382,OpenStreetMap,2025-01-20T10:04:13.000Z,,False
ece16c73-42e7-4f7c-b3b9-27e8f2bd2ed4,Hershey AV Solutions LLC,contractor,"['audio_visual_equipment_store', 'event_planning']",211c0a0a-bb58-4076-8573-bb96801b311f,,,,harrisburg,PA,Mechanicsburg,17055.0,17 E Coover St,40.2099967,-77.0049394,meta,2025-06-02T07:00:00.000Z,0.909823677581864,OpenStreetMap,2020-12-10T15:07:49.000Z,,True
d68459fe-bc6f-422c-bba6-ee86b1289119,Hershey Violins,musical_instrument_store,"['arts_and_entertainment', 'shopping']",3a92e54d-4aa7-49aa-a619-01a3e0050e97,,,,harrisburg,PA,Mechanicsburg,17055.0,11 W Main St,40.2131189,-77.0083255,meta,2025-06-02T07:00:00.000Z,0.9784508333782836,OpenStreetMap,2020-12-15T15:15:07.000Z,,False
5dbe53be-180b-47b5-94b8-aa0b0c8a3750,Hershey Park Zoo America,park,"['zoo', 'attractions_and_activities']",,,,,harrisburg,PA,Camp Hill,0.0,,40.2329126,-76.9517275,meta,2025-06-02T07:00:00.000Z,0.3961437335670464,,,,False
e7c59d3f-0c69-42d7-a2b4-f71b322fc5da,Hershey Medical Center,hospital,"['family_practice', 'health_and_medical']",dfa06269-da81-472f-b753-91ebe3da2dbd,Penn State Health Holy Spirit Medical Center,medical,hospital,harrisburg,PA,Hershey,0.0,500 University Dr,40.2534958,-76.9217601,meta,2025-06-02T07:00:00.000Z,0.5662921348314607,OpenStreetMap,2022-12-29T06:27:35.000Z,,False
525996f8-bc88-4fff-ae74-2473210a8f73,Hershey Park Hershey PA,park,"['amusement_park', 'water_park']",4cda26e2-abd4-48e8-b444-d2565bf1b940,Best Western Plus New Cumberland Inn & Suites,,,harrisburg,,,17070.0,Hershey Park Hershey PA,40.211868,-76.880771,meta,2025-06-02T07:00:00.000Z,0.7548172757475083,OpenStreetMap,2024-03-14T09:27:24.000Z,,False
5b06aa2f-5ab2-432f-9775-da479b48a4df,"Motel 6 New Cumberland, PA - Harrisburg - Hershey South",resort,"['hotel', 'motel']",,,,,harrisburg,PA,New Cumberland,17070.0,200 Commerce Dr,40.2128077,-76.8820854,Microsoft,2025-05-16T07:33:29.517Z,0.77,,,,False
d64d507e-918a-4fce-a9bd-af0dac4ff61e,Scottish Inns Harrisburg - Hershey South,hotel,"['accommodation', 'motel']",,,,,harrisburg,PA,New Cumberland,17070.0,300 Commerce Dr,40.2143062,-76.8815475,meta,2025-06-02T07:00:00.000Z,0.9784508333782836,,,,False
a9017887-c5a3-468d-bdbe-f101ae5618c4,Candlewood Suites Harrisburg - Hershey,hotel,['accommodation'],,,,,harrisburg,PA,Harrisburg,17111.0,413 Port View Dr,40.2487883,-76.8266536,meta,2025-06-02T07:00:00.000Z,0.9784508333782836,,,,False
c73e5c06-6c35-41df-ad6b-73aca0f2da8a,TownePlace Suites by Marriott Harrisburg Hershey,hotel,"['accommodation', 'travel']",,,,,harrisburg,PA,Harrisburg,17111.0,450 Friendship Rd,40.2511291,-76.8260457,meta,2025-06-02T07:00:00.000Z,0.9784508333782836,,,,False
5608af84-c49d-4c1c-b46d-ff69ed750598,"Catherine Hershey Schools for Early Learning, Training Center",child_care_and_day_care,['education'],1c4fd4c8-87dc-443a-bea7-23b37e5ae102,,,,harrisburg,PA,Harrisburg,17111.0,"3721 Tecport Dr, Harrisburg, PA",40.251152,-76.824337,Microsoft,2024-03-06T23:46:03.760Z,0.77,OpenStreetMap,2020-10-29T22:05:59.000Z,,False
cda63c76-2647-49a9-aba9-25d9088a67f4,Homewood Suites by Hilton - Harrisburg East (Hershey Area),hotel,"['accommodation', 'travel']",,,,,harrisburg,PA,Harrisburg,17111.0,3990 Tecport Dr,40.251867,-76.8207103,meta,2025-06-02T07:00:00.000Z,0.9784508333782836,,,,False
e632abfb-61b9-48c3-901f-228257eedd97,Comfort Inn and Suites Harrisburg Airport Hershey South,hotel,"['accommodation', 'travel']",98159ac1-69b2-469a-a4e7-0c586edf1887,Comfort Inn & Suites,,,harrisburg,PA,Middletown,17057.0,1589 W Harrisburg Pike,40.2003542,-76.7573477,meta,2025-06-02T07:00:00.000Z,0.9784508333782836,OpenStreetMap,2024-11-14T03:46:07.000Z,,False
952a5f8d-3522-4f28-9df6-6ae944cea85e,Comfort Inn & Suites - Harrisburg Airport - Hershey South,resort,"['hotel', 'inn', 'motel']",,,,,harrisburg,PA,Middletown,17057.0,1589 W Harrisburg Pike,40.199847,-76.755397,Microsoft,2025-05-22T04:07:03.030Z,0.77,,,,False
29912099-7e63-44b3-9de3-9eb07846c916,Wingate by Wyndham Harrisburg Near Hershey,hotel,"['accommodation', 'travel']",abcc32bc-4774-43e4-89b8-0175cc3274ea,Best Western Plus,,,harrisburg,PA,Harrisburg,17111.0,1344 Eisenhower Blvd,40.2270535,-76.7968285,meta,2025-06-02T07:00:00.000Z,0.9415384615384615,OpenStreetMap,2024-03-14T09:27:24.000Z,,False
7c1d2a0c-d229-4cd0-858b-e32b6c6129f4,Wyndham Garden Harrisburg/Hershey,resort,['hotel'],39b1f684-c1e3-4864-a922-e3050204f4c5,Hotel Indigo,,,harrisburg,PA,Harrisburg,17111.0,765 Eisenhower Blvd,40.242195,-76.8087706,Microsoft,2016-11-09T23:10:03.650Z,0.77,OpenStreetMap,2024-01-17T03:38:42.000Z,,False
697e3321-4802-4ba2-b065-e8fa806fcc7d,Hotel Indigo Harrisburg-Hershey,hotel,"['accommodation', 'event_planning']",39b1f684-c1e3-4864-a922-e3050204f4c5,Hotel Indigo,,,harrisburg,PA,Harrisburg,17111.0,765 Eisenhower Blvd,40.2421797,-76.8086834,meta,2025-06-02T07:00:00.000Z,0.9784508333782836,OpenStreetMap,2024-01-17T03:38:42.000Z,,True
015cb5aa-0f51-4bd4-87f3-8190da40e457,Red Lion Hotel Harrisburg Hershey,hotel,"['wedding_planning', 'event_planning']",c1d5bc56-df5a-465f-92e0-06e310048145,Red Lion Hotel Harrisburg Hershey,,,harrisburg,PA,Harrisburg,17111.0,4751 Lindle Rd,40.241819,-76.8006575,meta,2025-06-02T07:00:00.000Z,0.9784508333782836,OpenStreetMap,2022-05-01T05:50:44.000Z,,False
87d888d2-8764-49e8-a7da-8ca31ee90de8,Red Lion Hotel Harrisburg Hershey,resort,['hotel'],c1d5bc56-df5a-465f-92e0-06e310048145,Red Lion Hotel Harrisburg Hershey,,,harrisburg,PA,Harrisburg,17111.0,4751 Lindle Rd,40.24179,-76.80055,Microsoft,2021-05-29T20:42:57.207Z,0.77,OpenStreetMap,2022-05-01T05:50:44.000Z,,False
b60f5e36-7977-4e0a-8203-8a1f2a0a0f7e,Sheraton Harrisburg Hershey Hotel,resort,"['hotel', 'motel']",,,,,harrisburg,PA,Harrisburg,17111.0,4650 Lindle Rd,40.242795,-76.797051,Microsoft,2021-11-25T09:07:33.050Z,0.77,,,,False
8e454ee3-d236-4cba-9aa9-3ae18d2714b3,Courtyard by Marriott Harrisburg Hershey,hotel,"['accommodation', 'travel']",f1b7693a-7da6-4b6c-9dbe-e49138ac1e72,Courtyard Harrisburg Hershey,,,harrisburg,PA,Harrisburg,17111.0,725 Eisenhower Blvd,40.2433611,-76.8091742,meta,2025-06-02T07:00:00.000Z,0.9784508333782836,OpenStreetMap,2024-03-22T02:25:37.000Z,,False
7ef5968f-3464-4c22-b3cb-ed670e00104a,Hershey Park,park,"['amusement_park', 'arts_and_entertainment']",,,,,harrisburg,PA,Harrisburg,0.0,,40.2499044,-76.8146046,meta,2025-06-02T07:00:00.000Z,0.4929396662387676,,,,False
8f0b21bf-c2aa-44ee-905e-19789eb3af3d,Econo Lodge Harrisburg - Southwest Of Hershey Area,hotel,"['accommodation', 'motel']",,,,,harrisburg,PA,Harrisburg,17111.0,495 Eisenhower Blvd,40.2485526,-76.8133257,meta,2025-06-02T07:00:00.000Z,0.9784508333782836,,,,False
a98856ce-a3fd-4fac-a53e-d3e4451cb392,Hershey Park,park,"['amusement_park', 'arts_and_entertainment']",0740d40e-35e0-4813-839e-d8c2c80182f2,Sheraton Harrisburg Hershey Hotel,,,harrisburg,PA,Harrisburg,0.0,,40.2440333,-76.80345,meta,2025-06-02T07:00:00.000Z,0.4929396662387676,OpenStreetMap,2025-04-02T08:53:14.000Z,,False
37fe2dec-0c49-46d0-921a-2165c85e4e29,Sheraton Harrisburg Hershey,hotel,"['accommodation', 'business']",0740d40e-35e0-4813-839e-d8c2c80182f2,Sheraton Harrisburg Hershey Hotel,,,harrisburg,PA,Harrisburg,17111.0,4650 Lindle Rd,40.2437705,-76.8032921,meta,2025-06-02T07:00:00.000Z,0.9784508333782836,OpenStreetMap,2025-04-02T08:53:14.000Z,,False
d3eed044-1dca-4a67-93a4-c1a50ffc2631,Residence Inn by Marriott Harrisburg Hershey,hotel,"['accommodation', 'business']",,,,,harrisburg,PA,Harrisburg,17111.0,4480 Lewis Rd,40.2519912,-76.8036612,meta,2025-06-02T07:00:00.000Z,0.9784508333782836,,,,False
d57a2e10-2afe-4878-b4cd-a6cbdae78bb3,Hershey Creamery Co.,ice_cream_shop,"['desserts', 'eat_and_drink']",,,,,harrisburg,PA,Middletown,17057.0,1200 Aip Dr,40.2327602,-76.7463361,meta,2025-06-02T07:00:00.000Z,0.4929396662387676,,,,False
3861204b-90bc-4138-bb4a-c152665c0e53,Celebree School of Hershey,day_care_preschool,"['home_service', 'preschool']",fe6a49c2-f258-44d6-9966-2c869475fa5a,,,,harrisburg,PA,Middletown,17057.0,4000 Vine St,40.2284188,-76.7184118,meta,2025-06-02T07:00:00.000Z,0.9879256218304756,Microsoft ML Buildings,2020-11-07T00:00:00.000Z,,False
c755d5ce-5c73-4c4a-be16-da56d2ad4c69,Hershey Professional Gift Wrapping,flowers_and_gifts_shop,['pop_up_shop'],,,,,harrisburg,,,17036.0,Raleigh Rd,40.2415017,-76.7113177,meta,2025-06-02T07:00:00.000Z,0.8831168831168831,,,,False
0f2631f7-f4d0-47d7-a6b3-e580ef6f0b78,Heights Hershey,real_estate,"['landmark_and_historical_building', 'hotel']",a5d1873a-4ae6-4912-8132-fbad74d47463,,,,harrisburg,PA,Hummelstown,17036.0,1878 Gramercy Pl,40.2486153,-76.7118454,meta,2025-06-02T07:00:00.000Z,0.3961437335670464,Microsoft ML Buildings,2020-11-07T00:00:00.000Z,,False
a158a1b9-155d-4e9d-b42d-ffc0938a3eb0,"Amanda Elizabeth Hershey, CRNP",endocrinologist,"['doctor', 'nurse_practitioner', 'health_and_medical']",98b7788c-0c6e-40bc-b461-1ec1fe632413,Pinnacle Health Outpatient Laboratory,medical,hospital,harrisburg,PA,Mechanicsburg,17050.0,2005 Technology Pkwy Ste 440,40.28380743,-76.9753117,Microsoft,2025-03-04T00:17:25.430Z,0.77,OpenStreetMap,2023-02-23T20:51:21.000Z,,False
00ce24b9-5549-4f55-9c4f-f6c1264420da,Hershey Hospital,hospital,,f2a00b58-6992-4a98-85e0-577dcdd30bb6,,,,harrisburg,PA,Enola,0.0,,40.263665,-76.9401691,meta,2025-06-02T07:00:00.000Z,0.4929396662387676,OpenStreetMap,2023-12-14T15:09:07.000Z,,False
5b1cd33a-ccb1-454e-9f7c-bc0a8640eca1,Hershey Recycling,recycling_center,"['garbage_collection_service', 'industrial_company']",c5111231-47c1-47d2-8142-ec94a245674b,,,,harrisburg,PA,Harrisburg,17101.0,125 Locust St,40.2606417,-76.8841993,meta,2025-06-02T07:00:00.000Z,0.9459263554653524,OpenStreetMap,2015-06-06T23:30:20.000Z,,False
a9995d24-7ba9-46ce-9310-69325ad16ce9,Crowne Plaza Harrisburg-Hershey,hotel,"['accommodation', 'travel']",cbd52f9b-f966-4a36-b110-7926c7255d62,Crowne Plaza Harrisburg-Hershey,,,harrisburg,PA,Harrisburg,17101.0,23 S 2nd St,40.2592444,-76.8803346,meta,2025-06-02T07:00:00.000Z,0.9784508333782836,OpenStreetMap,2024-01-17T03:38:42.000Z,,False
ce19bc43-ae7f-44de-8c55-f19284e78e07,Hershey's Ice Cream,ice_cream_shop,['desserts'],09683e42-70be-436f-9a1a-6464bb3a4538,,commercial,commercial,harrisburg,PA,Harrisburg,17101.0,301 S Cameron St,40.2604036,-76.8718664,meta,2025-06-02T07:00:00.000Z,0.9784508333782836,OpenStreetMap,2025-06-05T11:23:14.000Z,,False
f7adba5f-1601-40ed-aded-09ffa1f37df0,Hershey Medical Center Childrens Hostipal,hospital,['accommodation'],b3fc1fd7-fd53-404e-a41c-28560afa1356,,,,harrisburg,PA,Hershey,0.0,,40.2660102,-76.8665538,meta,2025-06-02T07:00:00.000Z,0.4929396662387676,OpenStreetMap,2015-10-16T02:37:15.000Z,,False
f7adba5f-1601-40ed-aded-09ffa1f37df0,Hershey Medical Center Childrens Hostipal,hospital,['accommodation'],08924f2b-65d6-4e5f-8131-0e0c56559f3f,,,,harrisburg,PA,Hershey,0.0,,40.2660102,-76.8665538,meta,2025-06-02T07:00:00.000Z,0.4929396662387676,OpenStreetMap,2015-10-16T02:36:12.000Z,,False
0b310450-537e-4ec6-877d-2be93c44f463,Penn State Hershey Rehabilitation Hospital,hospital,"['health_and_medical', 'pharmacy']",4ca1e08e-7fec-49b8-b24d-2351c9f54ea2,,,,harrisburg,PA,Harrisburg,17110.0,2501 N 3rd St,40.2860519,-76.8999905,meta,2025-06-02T07:00:00.000Z,0.3376623376623376,OpenStreetMap,2015-10-16T02:29:31.000Z,,False
82f5469b-78a1-41dc-9230-8bfe5bafd7ea,Staybridge Suites Harrisburg Hershey,hotel,['accommodation'],e4e14031-1e1b-42ac-896a-6ddb583e2467,Staybridge,commercial,hotel,harrisburg,PA,Harrisburg,17110.0,920 Wildwood Park Dr,40.2899435,-76.8865057,meta,2025-06-02T07:00:00.000Z,0.9784508333782836,OpenStreetMap,2016-12-06T17:54:52.000Z,,False
d82b939e-c37e-4d73-9195-c23f7dd00e93,Staybridge Suites Harrisburg Hershey,venue_and_event_space,"['resort', 'hotel', 'travel']",,,,,harrisburg,PA,Harrisburg,17110.0,920 Wildwood Park Dr,40.292541,-76.888448,Microsoft,2020-03-13T16:30:55.103Z,0.77,,,,False
a37fd494-41de-4eb2-9d93-dc27f2012269,Hershey Medical Center,hospital,"['family_practice', 'doctor']",4d10a2b0-7cf2-45b7-8860-4c3f65d83237,,,,harrisburg,PA,Harrisburg,17109.0,3809 Darby Rd,40.2806911,-76.8284863,meta,2025-06-02T07:00:00.000Z,0.3961437335670464,OpenStreetMap,2024-05-16T15:22:08.000Z,,False
39820091-02cc-4169-a4d5-eb6a7b2f9c8f,Fairfield Inn & Suites by Marriott Harrisburg Hershey,resort,"['hotel', 'inn', 'motel']",99a63b84-57d0-43fb-b333-d1ca68a6e58a,Fairfield Inn & Suites Harrisburg Hershey,,,harrisburg,PA,Harrisburg,17109.0,1018 Briarsdale Rd,40.2770877,-76.822111,Microsoft,2018-10-02T16:59:39.977Z,0.77,OpenStreetMap,2024-03-22T02:15:41.000Z,,False
0e201391-44e8-4d90-8892-4eec0ca1d398,Holiday Inn Express Harrisburg East - Hershey Area,resort,"['hotel', 'inn', 'motel']",,,,,harrisburg,PA,Harrisburg,17109.0,4021 Union Deposit Rd,40.27844,-76.822549,Microsoft,2020-03-13T16:30:55.103Z,0.77,,,,False
b52398f0-80fd-44f3-b01f-f1e2e89b7f62,Econo Lodge Harrisburg - Hershey,hotel,"['motel', 'accommodation']",85a73b7a-3299-4378-80a9-711e623d793d,Econo Lodge Harrisburg - Hershey,,,harrisburg,PA,Harrisburg,17109.0,1006 Briarsdale Rd,40.2762199,-76.8214698,meta,2025-06-02T07:00:00.000Z,0.9784508333782836,OpenStreetMap,2024-03-22T02:02:26.000Z,,False
e1a6e77a-206e-475a-a875-a5bca24c3e74,Fairfield Inn Harrisburg Hershey,hotel,"['accommodation', 'travel_company']",,,,,harrisburg,PA,Harrisburg,17109.0,1018 Briarsdale Rd,40.2765524,-76.821398,meta,2025-06-02T07:00:00.000Z,0.9784508333782836,,,,False
bb061663-352d-424a-81aa-6385e33c5fe7,Comfort Inn & Suites Harrisburg - Hershey West,hotel,"['accommodation', 'travel']",1b14921b-4716-4349-b944-d7fbe8cd9e2a,Comfort Inn & Suites Harrisburg - Hershey West,,,harrisburg,PA,Harrisburg,17109.0,1001 Briarsdale Rd,40.2761238,-76.8207389,meta,2025-06-02T07:00:00.000Z,0.9784508333782836,OpenStreetMap,2024-03-23T16:47:23.000Z,,False
899fa72d-6889-4089-b873-8c2097d6647d,Holiday Inn Express Harrisburg East - Hershey Area,hotel,"['accommodation', 'travel_company']",1903e9a9-66b0-415a-a069-b9e5177edacd,Holiday Inn Express Harrisburg East - Hershey Area,,,harrisburg,PA,Harrisburg,17109.0,4021 Union Deposit Rd,40.2780711,-76.8208581,meta,2025-06-02T07:00:00.000Z,0.9784508333782836,OpenStreetMap,2024-01-03T11:41:00.000Z,,False
706b6933-ffd9-4af7-b592-daed55ea7407,Visit Hershey & Harrisburg,travel_services,['community_services_non_profits'],,,,,harrisburg,PA,Harrisburg,17110.0,3211 N Front St,40.2997434,-76.903779,meta,2025-06-02T07:00:00.000Z,0.9688311688311688,,,,False
ddefa496-e6c3-4666-b1bd-d394fac09838,Hershey Harrisburg Sports & Events Authority,community_services_non_profits,"['stadium_arena', 'travel_company']",120deae1-81d8-43b3-9bc4-8529c8250ca0,,,,harrisburg,PA,Harrisburg,17110.0,3211 N Front St,40.2998952,-76.9035674,meta,2025-06-02T07:00:00.000Z,0.9300613496932516,OpenStreetMap,2016-12-06T19:20:41.000Z,,False
9405a9ac-021d-4fcf-bc06-3967a482399e,Hershey Park,park,"['arts_and_entertainment', 'hotel']",d24ca37f-0458-4f08-8ebd-83e46bfbfc85,Hampton Inn & Suites Harrisburg/North,,,harrisburg,,,17110.0,Hershey Park,40.303497,-76.853696,meta,2025-06-02T07:00:00.000Z,0.7548172757475083,OpenStreetMap,2024-03-15T10:32:03.000Z,,False
5e2e3aea-667b-48ba-ad46-583091be711f,Homes of Hershey by Richard Cordaro,real_estate,"['professional_services', 'real_estate_agent']",beeb5270-e437-4c69-86ff-746a51a72883,,commercial,commercial,harrisburg,PA,Harrisburg,17110.0,2793 Old Post Rd,40.3292048,-76.8522972,meta,2025-06-02T07:00:00.000Z,0.8148148148148148,OpenStreetMap,2021-04-29T19:47:28.000Z,,False
991acc2d-75a6-481b-86e7-3a2c8a10706d,Hershey Park,park,['cinema'],cf58f989-ecd3-40d4-9835-e391798d02a2,,,,harrisburg,,,17111.0,Hershey Park,40.273494,-76.815332,meta,2025-06-02T07:00:00.000Z,0.7548172757475083,OpenStreetMap,2020-10-29T20:15:16.000Z,,False
bdf4e18e-e02d-43a6-b0ab-fc4ee93748bd,"Hershey Chocolate Factory, Hershey",arts_and_entertainment,"['museum', 'cinema']",cf58f989-ecd3-40d4-9835-e391798d02a2,,,,harrisburg,PA,Harrisburg,0.0,,40.2735937,-76.8153056,meta,2025-06-02T07:00:00.000Z,0.4929396662387676,OpenStreetMap,2020-10-29T20:15:16.000Z,,False
a9d4ff48-f8f3-4960-9ada-988d06da92aa,Hershey Park,park,['arts_and_entertainment'],838f2c57-3ded-4f64-adc8-f33083ce1382,Hampton Inn Harrisburg-East (Hershey Area),,,harrisburg,PA,Colonial Park,0.0,,40.2794678,-76.8147498,meta,2025-06-02T07:00:00.000Z,0.4929396662387676,OpenStreetMap,2024-03-15T10:32:03.000Z,,False
45240fa3-753c-4fe7-b5dd-1a4782fdfa4b,Hampton Inn Harrisburg-East (Hershey Area),hotel,"['accommodation', 'travel']",838f2c57-3ded-4f64-adc8-f33083ce1382,Hampton Inn Harrisburg-East (Hershey Area),,,harrisburg,PA,Harrisburg,17111.0,4230 Union Deposit Rd,40.2795128,-76.8149121,meta,2025-06-02T07:00:00.000Z,0.9784508333782836,OpenStreetMap,2024-03-15T10:32:03.000Z,,False
d4c12f1b-ac54-4841-b064-ea4abaf906e3,Hampton Inn Harrisburg-East (Hershey Area),resort,"['hotel', 'inn', 'motel']",838f2c57-3ded-4f64-adc8-f33083ce1382,Hampton Inn Harrisburg-East (Hershey Area),,,harrisburg,PA,Harrisburg,17111.0,4230 Union Deposit Rd,40.279577,-76.8147688,Microsoft,2025-04-11T09:35:04.510Z,0.77,OpenStreetMap,2024-03-15T10:32:03.000Z,,False
3f81652a-583c-4132-a6e7-bc5251f8c953,Hershey Kidney Specialists,hospital,"['doctor', 'internal_medicine']",,,,,harrisburg,PA,Harrisburg,17111.0,4700 Union Deposit Rd,40.2808822,-76.8051741,meta,2025-06-02T07:00:00.000Z,0.9784508333782836,,,,False
8b110f0f-5101-44ca-964a-0ae4b776288b,St Joseph Syro-Malabar Mission Harrisburg/Hershey,catholic_church,['religious_organization'],79b76986-3464-43d9-a66d-65988c4eb277,,,,harrisburg,PA,Harrisburg,17109.0,5408 Locust Ln,40.29362,-76.7961,meta,2025-06-02T07:00:00.000Z,0.3376623376623376,Microsoft ML Buildings,2000-01-01T00:00:00.000Z,,False
e7d4f648-163a-4f0c-b617-046026a68a3f,Comfort Suites Hummelstown - Hershey,resort,['hotel'],,,,,harrisburg,PA,Hummelstown,17036.0,320 Milroy Rd,40.262765,-76.74588,Microsoft,2025-05-22T04:07:03.030Z,0.77,,,,False
10d78605-941c-4d8e-9aa5-fbbca7dce131,Hershey Amusement Park,park,"['arts_and_entertainment', 'dance_club']",3e749856-6304-48bb-9c9f-da277cbad11e,,,,harrisburg,,,17036.0,Hershey Amusement Park,40.2626907,-76.7456429,meta,2025-06-02T07:00:00.000Z,0.7548172757475083,OpenStreetMap,2020-10-29T15:08:17.000Z,,False
2fa5f391-ee38-4640-9d83-5f7198017c90,Comfort Suites Hummelstown - Hershey,hotel,"['accommodation', 'travel']",3e749856-6304-48bb-9c9f-da277cbad11e,,,,harrisburg,PA,Hummelstown,17036.0,320 Milroy Rd,40.2628282,-76.7455468,meta,2025-06-02T07:00:00.000Z,0.9784508333782836,OpenStreetMap,2020-10-29T15:08:17.000Z,,False
bfc8f623-274e-4fae-94bc-3cefca03c3d2,SERVPRO of Hershey/Harrisburg East,damage_restoration,"['contractor', 'home_cleaning']",a0c94a07-b164-4ad9-8af3-e0f60486a1bb,,,,harrisburg,PA,Hummelstown,17036.0,8501 Paxton St,40.2603156,-76.7382961,meta,2025-06-02T07:00:00.000Z,0.9297091412742382,Microsoft ML Buildings,2020-11-07T00:00:00.000Z,,False
bfc8f623-274e-4fae-94bc-3cefca03c3d2,SERVPRO of Hershey/Harrisburg East,damage_restoration,"['contractor', 'home_cleaning']",c8646ca0-b685-409d-bd49-c88fc38e22fc,,,,harrisburg,PA,Hummelstown,17036.0,8501 Paxton St,40.2603156,-76.7382961,meta,2025-06-02T07:00:00.000Z,0.9297091412742382,Microsoft ML Buildings,2020-11-07T00:00:00.000Z,,False
011f624f-925f-48a7-9ba9-7a215464379b,"BrokersRealty.Com -Hershey, PA- Real Estate Simplified.",real_estate_agent,"['real_estate', 'real_estate_service']",,,,,harrisburg,PA,Hummelstown,17036.0,8200 Derry St,40.26874,-76.74855,meta,2025-06-02T07:00:00.000Z,0.4929396662387676,,,,False
9fcae611-0b6f-4348-852f-c613aad6beb9,"Budget Blinds of Harrisburg, Hershey & the Carlisle Areas",home_service,,,,,,harrisburg,PA,Harrisburg,17109.0,4915 Jonestown Rd,40.305203,-76.8061875,meta,2025-06-02T07:00:00.000Z,0.9688311688311688,,,,False
d9c3298a-76b3-463a-894c-e1f600998de6,Penn State Hershey Medical Group,hospital,"['doctor', 'sign_making']",,,,,harrisburg,PA,Harrisburg,17112.0,121 N Nyes Rd,40.319134,-76.7792909,meta,2025-06-02T07:00:00.000Z,0.9297091412742382,,,,False
584f7643-8514-40ab-8d50-edcd77d36452,Penn State Milton S Hershey Medical Center,hospital,"['doctor', 'laboratory_testing']",,,,,harrisburg,PA,Harrisburg,17112.0,121 N Nyes Rd,40.31917,-76.77914,meta,2025-06-02T07:00:00.000Z,0.5662921348314607,,,,False
1bc6f9c3-2c4b-4258-a894-94bc689a965d,Holiday Inn Express Hotel & Suites Harrisburg-Hershey,venue_and_event_space,"['resort', 'hotel', 'inn', 'motel']",,,,,harrisburg,PA,Harrisburg,17112.0,5680 Allentown Blvd,40.321776,-76.79021,Microsoft,2010-08-05T05:57:10.233Z,0.77,,,,False
f5b5edb6-54f5-400f-bfba-12c2d5cb3570,Quality Inn Harrisburg Hershey Area,hotel,"['accommodation', 'travel']",45589627-c8a9-4431-99e8-c2c8da3bbae8,Comfort Inn Harrisburg,,,harrisburg,PA,Harrisburg,17112.0,200 N Mountain Rd,40.3244562,-76.7913608,meta,2025-06-02T07:00:00.000Z,0.9784508333782836,OpenStreetMap,2017-02-15T13:40:21.000Z,,False
43750609-895a-4f2f-ba25-00069d90e18f,Ramada by Wyndham Harrisburg/Hershey Area,hospital,"['resort', 'hotel', 'health_and_medical']",d27c3482-80dc-441b-9c34-40e95f4f557a,Walnut Grove Smorgasbord,commercial,,harrisburg,PA,Harrisburg,17112.0,300 N Mountain Rd,40.326957,-76.79319,Microsoft,2025-02-24T10:42:44.677Z,0.77,OpenStreetMap,2024-04-24T02:53:08.000Z,,False
43750609-895a-4f2f-ba25-00069d90e18f,Ramada by Wyndham Harrisburg/Hershey Area,hospital,"['resort', 'hotel', 'health_and_medical']",fe768bfa-9c9f-4995-adea-35e0d3538be6,Ramada Harrisburg/Hershey Area,,,harrisburg,PA,Harrisburg,17112.0,300 N Mountain Rd,40.326957,-76.79319,Microsoft,2025-02-24T10:42:44.677Z,0.77,OpenStreetMap,2024-04-24T02:53:08.000Z,,False
23b2d865-e8bd-44dd-bd69-e6724c569405,Hershey Park Boardwalk,park,"['active_life', 'amusement_park']",03869fc0-8f3e-4edb-bd02-dc7e1199c772,,,,harrisburg,PA,Harrisburg,0.0,,40.3295,-76.75475,meta,2025-06-02T07:00:00.000Z,0.3961437335670464,Microsoft ML Buildings,2020-11-07T00:00:00.000Z,,False
7ef735a9-66a8-479b-84b5-adabbdf199d8,Sleep Inn and Suites Harrisburg Hershey North,hotel,"['accommodation', 'travel']",0bfc5008-8a01-4b75-bf87-53e9de8775b2,,,,harrisburg,PA,Harrisburg,17112.0,7100 Allentown Blvd,40.3311025,-76.7515529,meta,2025-06-02T07:00:00.000Z,0.9784508333782836,Microsoft ML Buildings,2020-11-07T00:00:00.000Z,,False
0246e320-2bb8-449e-aa7c-864194725f7d,Best Western Harrisburg Hershey Hotel,hotel,"['accommodation', 'travel']",6ce365b7-bcfa-4e78-80ed-764c45773e7c,Comfort Inn,,,harrisburg,PA,Harrisburg,17112.0,7500 Allentown Blvd,40.3348842,-76.7341826,meta,2025-06-02T07:00:00.000Z,0.9784508333782836,OpenStreetMap,2024-06-19T15:16:10.000Z,,False
8ed72617-b05f-42b6-86b7-629f3b93b81e,BEST WESTERN Harrisburg Hershey Hotel,resort,['hotel'],,,,,harrisburg,PA,Harrisburg,17112.0,7500 Allentown Blvd,40.3342556,-76.7339603,Microsoft,2023-06-22T09:37:17.103Z,0.77,,,,False
8bf7435b-b0a9-4894-86b3-5059d3a03ad6,Towns Of Hershey,armed_forces_branch,['real_estate'],72823a0f-3b52-49c9-b7d7-a7fd23dd2d9e,,,,harrisburg,PA,Harrisburg,0.0,,40.3347854,-76.7139904,meta,2025-06-02T07:00:00.000Z,0.3376623376623376,Microsoft ML Buildings,2020-11-07T00:00:00.000Z,,False
d330ab6d-0c48-43c3-9722-ba1a1c191a01,WildWoods Inn Hershey Road,hotel,"['bed_and_breakfast', 'accommodation']",,,,,harrisburg,PA,Harrisburg,17112.0,118 S Hershey Rd,40.3354467,-76.7124468,meta,2025-06-02T07:00:00.000Z,0.9784508333782836,,,,False
02b483d4-395e-4289-835a-c262990ee58a,Hershey Harrisburg Wine Country,winery,"['liquor_store', 'arts_and_entertainment']",594f38d9-90aa-4ac4-bfff-5e5bada0d814,,,,harrisburg,PA,Harrisburg,17112.0,7646 Jonestown Rd,40.3437724,-76.7304256,meta,2025-06-02T07:00:00.000Z,0.4929396662387676,Microsoft ML Buildings,2020-11-07T00:00:00.000Z,,False
3f6a3e67-999d-4fbd-9334-d819c0366304,Motel 6 Harrisburg Hershey,hotel,"['motel', 'accommodation']",b13e1f0a-d315-4086-a425-e1b2f78292f2,,,,harrisburg,PA,Harrisburg,17112.0,7965 Jonestown Rd,40.3511634,-76.7157234,meta,2025-06-02T07:00:00.000Z,0.9784508333782836,OpenStreetMap,2019-07-02T08:44:46.000Z,,False
c2805deb-a783-4445-82bd-2f2bc5374b5d,Super 8 by Wyndham Harrisburg Hershey North,resort,"['hotel', 'motel']",883b3f60-427a-4425-9aac-d43e13f871c3,Super 8 Harrisburg Hershey North,,,harrisburg,PA,Harrisburg,17112.0,7975 Jonestown Rd,40.3511461,-76.715137,Microsoft,2024-04-25T18:14:42.543Z,0.77,OpenStreetMap,2024-03-18T10:38:15.000Z,,False
97f44c18-5472-4801-a5fb-3a412c3751b5,Super 8 Harrisburg Hershey North,hotel,"['motel', 'bar']",883b3f60-427a-4425-9aac-d43e13f871c3,Super 8 Harrisburg Hershey North,,,harrisburg,PA,Harrisburg,17112.0,7975 Jonestown Rd,40.3511814,-76.7151098,meta,2025-06-02T07:00:00.000Z,0.9784508333782836,OpenStreetMap,2024-03-18T10:38:15.000Z,,False
23bca334-7933-429b-8a4e-22cf071399d7,La Quinta Inn & Suites Harrisburg-Hershey,resort,"['hotel', 'inn', 'motel']",,,,,harrisburg,PA,Harrisburg,17112.0,265 N Hershey Rd,40.3516437,-76.713844,Microsoft,2019-06-04T09:09:43.810Z,0.77,,,,False
e31ad9b8-a221-464e-902c-4538f564fd88,"Country Inn and Suites by Radisson, Harrisburg Northeast - Hershey",hotel,"['motel', 'accommodation']",,,,,harrisburg,PA,Harrisburg,17112.0,8000 Jonestown Rd,40.3529224,-76.7150202,meta,2025-06-02T07:00:00.000Z,0.9459263554653524,,,,False
9aefb4a8-858e-450e-8f93-b86ea16a22a7,"Hershey's Shoes, Inc.",shoe_store,"['online_shop', 'retail']",ff114914-bde1-4463-9a02-4cdc0f48cf01,,commercial,retail,detroit,MI,Garden City,48135.0,29522 Ford Rd,42.3259444,-83.3328637,Microsoft,2020-05-25T14:40:39.093Z,0.77,OpenStreetMap,2014-12-13T04:07:38.000Z,,False
c742fa71-cbb1-48af-92d0-60db82913bae,Hershey's Shoes,shoe_store,['retail'],5d330541-a9da-4513-8b63-3b6f92e4b361,,commercial,retail,detroit,MI,Novi,48374.0,47750 Grand River Ave,42.4926091,-83.5190624,Microsoft,2020-05-08T12:46:04.167Z,0.77,OpenStreetMap,2015-04-06T00:49:44.000Z,,False
80f397d3-9228-46af-892c-6bf90fb04717,Hershey Insurance Agency,insurance_agency,,4bb40919-66a2-4e7b-8b1d-6febab76c44e,,,,detroit,MI,Troy,48084.0,2855 Coolidge Hwy,42.5588106,-83.1881737,meta,2025-06-02T07:00:00.000Z,0.9784508333782836,OpenStreetMap,2023-03-10T15:58:02.000Z,,False
a6127ac5-e89f-4001-8c04-781f0853faee,Hershey's Ice Cream,ice_cream_shop,"['desserts', 'business']",629cf508-7228-41a6-b256-c803e1d16a96,,,,detroit,MI,Macomb,48044.0,16836 21 Mile Rd,42.6416774,-82.9544631,meta,2025-06-02T07:00:00.000Z,0.9784508333782836,OpenStreetMap,2018-04-13T02:33:24.000Z,,False
c5d85579-8207-43ae-aef4-0af6e4f787f4,Hershey's Ice Cream,ice_cream_shop,"['bakery', 'restaurant']",0ca6caf1-889f-4f32-8052-6a1f0ea582cd,,,,lafayette,LA,Broussard,70518.0,219 St Nazaire Rd,30.141309,-91.939832,meta,2025-06-02T07:00:00.000Z,0.9459263554653524,OpenStreetMap,2016-04-28T22:41:12.000Z,,False
5b2e0914-b465-4f93-b0ff-07800c7a0e76,Hershey Center for the Arts,theatre,"['topic_concert_venue', 'arts_and_entertainment']",8729b1aa-b540-43d9-8159-8ed40ffac307,Hershey Center For the Arts,education,school,richmond,VA,Henrico,23229.0,103 N Mooreland Rd,37.582467,-77.5855444,meta,2025-06-02T07:00:00.000Z,0.9784508333782836,OpenStreetMap,2022-01-19T18:10:57.000Z,,False
4c283bd5-371f-49f5-a04b-c4a7afb34c34,Penn State Hershey Neurosurgery,surgical_center,"['hospital', 'neurologist']",99b6f400-266d-4bab-b13c-fee8927293b5,,medical,hospital,scranton,PA,Scranton,18510.0,743 Jefferson Ave,41.4127684,-75.6544518,meta,2025-06-02T07:00:00.000Z,0.4929396662387676,OpenStreetMap,2017-04-19T01:20:36.000Z,,False
e64c6883-56b0-4f68-bcd9-d3bfc7ba6e53,Hershey Realty,real_estate,['real_estate_agent'],,,,,new-york,NJ,Kendall Park,8824.0,3146 State Route 27,40.4354145,-74.5420159,meta,2025-06-02T07:00:00.000Z,0.9300613496932516,,,,False
d4005f52-0b7e-4d23-b66a-1322baf043fa,Hershey Realty,real_estate_agent,['real_estate'],aec4c342-7b34-4e10-a4f5-5158a08457b6,,,,new-york,NJ,Iselin,8830.0,1419 Oak Tree Rd,40.57346,-74.3272631,meta,2025-06-02T07:00:00.000Z,0.9204819277108434,Microsoft ML Buildings,2022-10-16T00:00:00.000Z,,False
3647d6f8-a840-4073-96f2-5a5a1b4175e6,Hershey's Subs Deli & Catering,delicatessen,"['restaurant', 'sandwich_shop']",942c3ca2-d751-4a8a-9532-81e9df91c041,Hershey's Subs & Deli,,,new-york,NJ,Westfield,7090.0,221 South Ave W,40.6489422,-74.3447413,meta,2025-06-02T07:00:00.000Z,0.9784508333782836,OpenStreetMap,2019-03-30T18:32:54.000Z,,False
3647d6f8-a840-4073-96f2-5a5a1b4175e6,Hershey's Subs Deli & Catering,delicatessen,"['restaurant', 'sandwich_shop']",6074aeb5-e240-426c-aac1-27f9d90c1a3a,Domino's,commercial,,new-york,NJ,Westfield,7090.0,221 South Ave W,40.6489422,-74.3447413,meta,2025-06-02T07:00:00.000Z,0.9784508333782836,OpenStreetMap,2024-05-08T23:14:31.000Z,,False
1419eab5-f9f6-42a7-b048-08b2a3530a4a,"Hershey Park, Pennsylvania",amusement_park,"['active_life', 'arts_and_entertainment']",,,,,new-york,NY,New York,10002.0,100 W. Hersheypark Drive,40.704273,-73.992573,meta,2025-06-02T07:00:00.000Z,0.4929396662387676,,,,False
2a850ab1-1613-45ec-b651-4fa12666074c,hershey diamonds,b2b_jewelers,"['jewelry_store', 'shopping']",c8a28185-a6d6-4fe1-bed9-3942f397b2ca,World Diamond Tower,,,new-york,NY,New York,10036.0,580 5th Ave,40.7569666,-73.9787356,meta,2025-06-02T07:00:00.000Z,0.8860580325548478,OpenStreetMap,2023-11-04T12:14:43.000Z,,False
12106ef0-cc5a-42cf-988d-5053b55f28d0,Hershey's Chocolate World,chocolatier,"['candy_store', 'desserts']",954a5788-f73c-4847-9084-04c64be4788c,20 Times Square,,,new-york,NY,New York,10036.0,701 7th Ave,40.7593579,-73.9843328,meta,2025-06-02T07:00:00.000Z,0.9784508333782836,OpenStreetMap,2019-02-05T22:57:00.000Z,,False
9a0896c3-008f-467d-b329-ef90c4a5b451,Fat Ernie's Cheesesteaks and Hershey's Ice Cream Parlor,american_restaurant,"['fast_food_restaurant', 'restaurant']",,,,,new-york,NY,Floral Park,11001.0,249-24 Jericho Tpke,40.7261864,-73.7171008,meta,2025-06-02T07:00:00.000Z,0.9784508333782836,,,,False
54d22eef-fb6f-4dce-8491-0b535f69a0b9,Hershey's Ice Cream & more,ice_cream_shop,"['restaurant', 'kosher_restaurant']",8dbfa88f-61c1-4774-94a7-319315e620f5,,commercial,retail,new-york,NY,Levittown,11756.0,2890 Hempstead Tpke,40.7237394,-73.5284878,meta,2025-06-02T07:00:00.000Z,0.9784508333782836,OpenStreetMap,2020-05-23T21:07:42.000Z,,False
9cbc08b3-6757-49dc-9e35-82e65ba100c2,Hershey’s Ice Cream of Copiague,ice_cream_shop,"['candy_store', 'desserts']",0fae496b-a1f4-4c47-a7df-32eba9c83040,,commercial,commercial,new-york,NY,Copiague,11726.0,1648 Great Neck Rd,40.67938,-73.39885,meta,2025-06-02T07:00:00.000Z,0.8980891719745223,OpenStreetMap,2017-01-28T07:22:09.000Z,,False
057b32a2-2e03-42cf-b17c-18d7a5489b60,Hershey Park,park,"['amusement_park', 'water_park']",ae15fa66-4fa7-4363-8709-f6cd16a219c1,Wawa,,,new-york,NJ,Kinnelon,0.0,,41.0035286,-74.3563156,meta,2025-06-02T07:00:00.000Z,0.3376623376623376,OpenStreetMap,2023-01-28T21:29:49.000Z,,False
b0171db4-ce18-414c-bb4c-2b2a32a9e5d5,Hershey Park Pensylvania,park,"['arts_and_entertainment', 'eat_and_drink']",,,,,new-york,NJ,Hackensack,0.0,,40.8737451,-74.0612831,meta,2025-06-02T07:00:00.000Z,0.4929396662387676,,,,False
c32156ff-8446-4287-acdc-aeaef57fed80,Hershey's Shake Shop,ice_cream_shop,"['diner', 'smoothie_juice_bar']",7aa7612c-f64f-4b44-9956-f87d828dfc51,Four Seasons Town Centre,commercial,retail,greensboro,NC,Greensboro,27407.0,410 Four Seasons Town Ctr,36.0393448,-79.8384431,meta,2025-06-02T07:00:00.000Z,0.9459263554653524,OpenStreetMap,2024-12-21T18:50:08.000Z,,False
3ceeebbb-9922-411e-8450-8be4f019c429,Lauren Hershey - CRR REALTY,real_estate_agent,['real_estate_service'],5cc377a0-897e-4031-bb2e-814959f50c8e,,,,miami,FL,Miami,33130.0,1200 Brickell Ave Ste 700,25.762056,-80.1924,Microsoft,2025-05-21T12:53:25.990Z,0.77,OpenStreetMap,2021-06-15T20:56:59.000Z,,False
cde6d539-2d11-4818-bd61-e3c499645e3e,Hershey Law Firm,wills_trusts_and_probate,"['legal_services', 'lawyer']",66441dfb-0943-44e8-8394-98294f048d42,,,,miami,FL,Plantation,33324.0,8201 Peters Rd,26.1081134,-80.2577085,meta,2025-06-02T07:00:00.000Z,0.9459263554653524,OpenStreetMap,2012-04-13T17:17:00.000Z,,False
38bcd677-1f06-4c22-9fe3-db513951d43d,"Lauren Hershey, CRR",real_estate,"['real_estate_agent', 'real_estate_service']",e56088c8-9536-400d-8f15-dc45b0080637,,,,miami,FL,Coral Gables,33146.0,4000 Ponce de Leon Blvd,26.1844091,-80.1726772,meta,2025-06-02T07:00:00.000Z,0.296943231441048,OpenStreetMap,2024-02-12T18:12:02.000Z,,False
c0a3f9ae-7a51-4f0f-ab1c-a254eba5518b,Hershey Children's Garden,botanical_garden,,,,,,cleveland,OH,Cleveland,0.0,,41.511668,-81.610723,meta,2025-06-02T07:00:00.000Z,0.3961437335670464,,,,False
12f814ad-22db-487d-8345-d086914ec4c2,Hershey Jonathan M MD,doctor,"['eye_care_clinic', 'health_and_medical']",e98f453e-8682-427c-87c3-c3126a819559,,,,milwaukee,WI,Milwaukee,53215.0,2801 W Kinnickinnic River Pkwy,42.9907198,-87.9501378,meta,2025-06-02T07:00:00.000Z,0.5662921348314607,OpenStreetMap,2022-06-16T20:38:37.000Z,,False
2cabecd8-dda5-4e8c-be4d-c4f1c174e5f9,Hershey Ice Cream,ice_cream_shop,"['desserts', 'grocery_store']",eb649efa-94ea-46ad-a143-f6c642421e56,,,,hartford,CT,Middletown,6457.0,280 Middle St,41.5776433,-72.7222464,meta,2025-06-02T07:00:00.000Z,0.9784508333782836,OpenStreetMap,2021-06-14T02:44:38.000Z,,False
5f5c9977-92c8-4e86-8677-8b078d57c500,Hershey Mill Home,retirement_home,"['health_and_medical', 'shopping']",d38a91a5-7457-4c88-b8e2-0968fd47e709,,,,lancaster,PA,Mountville,17554.0,3828 Columbia Ave,40.0369286,-76.4126455,meta,2025-06-02T07:00:00.000Z,0.9297091412742382,Microsoft ML Buildings,2020-11-07T00:00:00.000Z,,False
47b6be74-0008-4c4e-87dd-92debd33d23f,Hershey Custom Homes,construction_services,"['contractor', 'retirement_home']",d34a5e86-92f1-4b7b-91b7-97326a83ce85,Sycamore Court,commercial,retail,lancaster,PA,Lancaster,17603.0,245 Centerville Rd,40.0483256,-76.3921679,meta,2025-06-02T07:00:00.000Z,0.8831168831168831,OpenStreetMap,2022-06-03T14:24:52.000Z,,False
990aa4a1-c237-410c-bbb6-0d50590b8bd0,Milton Hershey School,school,"['education', 'specialty_school']",3413c0ef-e2da-419b-9722-cf29067319a3,,,,lancaster,PA,Landisville,17538.0,3719 Little Mac Dr,40.0725098,-76.4108963,meta,2025-06-02T07:00:00.000Z,0.5662921348314607,Microsoft ML Buildings,2020-11-07T00:00:00.000Z,,False
ffd11ced-1bd9-488b-81f9-a062f7e33cac,Hershey Heritage Village,retirement_home,['landmark_and_historical_building'],f7025477-052c-41d3-9881-a9066802c242,,,,lancaster,PA,Lancaster,0.0,,40.0163848,-76.3173115,meta,2025-06-02T07:00:00.000Z,0.3376623376623376,Microsoft ML Buildings,2020-11-07T00:00:00.000Z,,False
74fbd522-2b05-42e8-947f-b3ef592ac5c5,"Cherrywood String Quartet and Ensembles, Lancaster, Hershey, York, PA and Beyond",musician,"['music_venue', 'arts_and_entertainment']",,,,,lancaster,PA,Lancaster,17603.0,Hershey Ave,40.0291639,-76.3225791,Microsoft,2025-05-22T05:35:02.420Z,0.77,,,,False
c895a5b9-d85b-4acb-96b0-59a3efa0b1d6,Hershey Co Manufacturing,candy_store,"['professional_services', 'convenience_store']",dd11b27d-2a60-4e30-ae9f-9b093f5d43e8,,,,lancaster,PA,Lancaster,17603.0,400 Running Pump Rd,40.049604,-76.376743,meta,2025-06-02T07:00:00.000Z,0.296943231441048,OpenStreetMap,2012-03-20T04:55:04.000Z,,False
2a5b63ac-3038-4c89-8334-c72bae337b53,Penn State Hershey Medical Center & Health System,maternity_centers,['surgical_center'],80565c91-e06c-4d28-9eb6-5c14c1475783,,commercial,retail,lancaster,PA,Lancaster,17603.0,2170 Noll Dr,40.047918,-76.362349,meta,2025-06-02T07:00:00.000Z,0.7548172757475083,OpenStreetMap,2022-10-30T20:28:41.000Z,,False
1da5b221-b758-4805-818a-ac4367823fb9,Jerome Hershey Studio,art_gallery,['arts_and_entertainment'],,,,,lancaster,PA,Lancaster,17603.0,34 N Queen St,40.0388854,-76.305903,meta,2025-06-02T07:00:00.000Z,0.9459263554653524,,,,False
240ffe99-4cf0-4112-a59a-2bbf55d33cbf,Hershey Park,park,"['amusement_park', 'arts_and_entertainment']",42aea04f-932e-41ac-8dcd-7840770468c8,,,,lancaster,PA,Lancaster,0.0,,40.0446923,-76.3072907,meta,2025-06-02T07:00:00.000Z,0.4929396662387676,Microsoft ML Buildings,2020-11-07T00:00:00.000Z,,False
02be869f-1f9a-46ae-af24-921bf8f24146,Hershey Real Estate Services,property_management,"['real_estate', 'real_estate_agent']",,,,,lancaster,PA,Lancaster,17602.0,231 N Shippen St,40.0433077,-76.2989847,meta,2025-06-02T07:00:00.000Z,0.9300613496932516,,,,False
3ede29cb-79e6-471b-b249-43803c5bae6f,Hershey Orthopedic-Spine Rehab,physical_therapy,"['doctor', 'health_and_medical']",098a58da-ee43-42ba-be73-190a4d633dc6,,,,lancaster,PA,Lancaster,17601.0,1693 Oregon Pike,40.067482,-76.303254,meta,2025-06-02T07:00:00.000Z,0.4929396662387676,OpenStreetMap,2021-03-08T23:47:40.000Z,,False
e5826193-fbd8-4967-8dd8-28ef1d84a297,Hershey Park,park,['arts_and_entertainment'],0d5d4b32-02e0-4ff1-b977-9b4a608f963a,Best Western Premier Eden Resort & Suites,,,lancaster,,,17601.0,Hershey Park,40.069001,-76.299595,meta,2025-06-02T07:00:00.000Z,0.7548172757475083,OpenStreetMap,2024-05-29T11:55:35.000Z,,False
dda35ab0-06d8-4ef8-927d-99c9f483dacf,Abbey Hershey,real_estate_agent,"['real_estate', 'professional_services']",,,,,lancaster,PA,Lancaster,17601.0,1770 Oregon Pike,40.0741124,-76.2981388,meta,2025-06-02T07:00:00.000Z,0.8860580325548478,,,,False
d0ab585c-386f-45dd-9218-a211db7a4008,Hershey BROS Transmission Service,transmission_repair,['automotive'],,,,,lancaster,PA,Lancaster,17602.0,265 Ranck Ave,40.0460651,-76.2837603,Microsoft,2025-04-21T23:14:17.920Z,0.77,,,,False
ea86858f-1195-4034-b7d8-5cde3b323ae2,Hershey Bros Transmission,automotive_repair,"['automotive', 'automotive_dealer']",ce21d867-3ad0-4649-8e21-04ecfa8739cb,,,,lancaster,PA,Lancaster,17602.0,265 Ranck Ave,40.0460198,-76.283326,meta,2025-06-02T07:00:00.000Z,0.9784508333782836,Microsoft ML Buildings,2020-11-07T00:00:00.000Z,,False
8ac00997-a246-4ab4-a750-04dc6d4a214f,Hershey Orthopedic & Spine Rehabilitation,orthopedist,"['doctor', 'physical_therapy', 'rehabilitation_center', 'health_and_medical']",,,,,lancaster,PA,Lancaster,17601.0,1905 Olde Homestead Lane Ste 101,40.0531467,-76.2437306,Microsoft,2024-05-29T12:54:17.250Z,0.77,,,,False
3e95e446-1273-4448-9a58-917b3e8709d4,Terry Hershey Parking on Highway 6,active_life,['attractions_and_activities'],,,,,houston,,,77079.0,"Parking lot, 978-1004 Addicks-Howell Rd",29.7701066,-95.6435867,meta,2025-06-02T07:00:00.000Z,0.9784508333782836,,,,False
e538d274-2b04-4307-9c11-96aff1e11cc0,Camp Gladiator Terry Hershey Park,park,"['gym', 'accommodation']",,,,,houston,TX,Houston,77079.0,998 Highway 6 S,29.7690559,-95.6424938,meta,2025-06-02T07:00:00.000Z,0.8860580325548478,,,,False
6aba6997-1007-40fb-b7bd-4b5862a40210,Hershey's Angels Child Care,home_service,"['day_care_preschool', 'social_service_organizations']",254ef615-4402-480b-aa4e-8c5ba38eabcb,,commercial,retail,houston,TX,Houston,77071.0,7630 Sanford Rd,29.6595478,-95.5099334,meta,2025-06-02T07:00:00.000Z,0.9784508333782836,OpenStreetMap,2022-06-01T23:46:32.000Z,,False
04ecb34a-c80b-4e8c-ad2d-e07859494588,Terry Hershey Park Hike & Bike Trail,park,"['dog_park', 'active_life']",,,,,houston,TX,Houston,77077.0,1001 S Dairy Ashford Rd,29.7614185,-95.6065285,meta,2025-06-02T07:00:00.000Z,0.9784508333782836,,,,False
634ac7c2-4495-4687-aa1d-f0c4446f2564,Terry Hershey Park Facilities,park,"['bridge', 'social_service_organizations']",,,,,houston,,,77077.0,"989 1/2, 989 N Eldridge Pkwy",29.7715512,-95.6204854,meta,2025-06-02T07:00:00.000Z,0.9415384615384615,,,,False
3c343b52-d87b-4322-b3c9-bd5783179907,Terry Hershey Anthills,hiking_trail,"['active_life', 'bicycle_shop']",2c380639-62eb-40f3-b9f5-50d0a5392b1b,,,,houston,TX,Houston,77024.0,"Buffalo Bayou Bike Trail, 150 W Sam Houston Pkwy N",29.761016,-95.589955,meta,2025-06-02T07:00:00.000Z,0.3961437335670464,Microsoft ML Buildings,2023-09-01T00:00:00.000Z,0.9527000188827516,False
796dd8d5-7600-4f92-8025-256b578f6143,Terry Hershey Hike Trail,active_life,['park'],,,,,houston,TX,Houston,77079.0,15200 Memorial Dr,29.7798546,-95.6235884,meta,2025-06-02T07:00:00.000Z,0.9459263554653524,,,,False
4ccf1259-b1d9-44c4-beda-6e2879cb26e8,Terry Hershey Park North Of i-10,park,['attractions_and_activities'],,,,,houston,,,77079.0,,29.7901124,-95.6248247,meta,2025-06-02T07:00:00.000Z,0.296943231441048,,,,False
a2ee88cb-6039-4fd2-ad35-9bf6adab5a2a,Terry Hershey Park,park,"['active_life', 'bicycle_shop']",,,,,houston,TX,Houston,77079.0,200 Southchester Ln,29.7666912,-95.5805736,meta,2025-06-02T07:00:00.000Z,0.4929396662387676,,,,False
52e6b503-d121-4b22-9979-0c1e2ad372f5,Terry Hershey Park - Boheme Entrance,park,"['active_life', 'nature_reserve']",a19bb68c-e1d3-4a94-844a-ca0839a94740,,,,houston,TX,Houston,77079.0,13143 Boheme Dr,29.76555,-95.573178,meta,2025-06-02T07:00:00.000Z,0.5662921348314607,Microsoft ML Buildings,2023-09-01T00:00:00.000Z,0.9785000085830688,False
081578b6-5e92-4d6f-9a00-4ff38143ca7f,Hershey parking,active_life,['skate_park'],,,,,houston,TX,Houston,77024.0,150 W Sam Houston Pkwy N,29.7634977,-95.5591564,meta,2025-06-02T07:00:00.000Z,0.9784508333782836,,,,False
77cd64c1-dbaf-47c4-89ca-94db943c7664,Terry Hershey Hike and Bike Trail Parking Lot,active_life,['bicycle_shop'],d2837f1d-d113-42b5-bfd7-2d0fbeb1a1dc,,,,houston,TX,Houston,77024.0,225 W Sam Houston Pkwy N,29.7632628,-95.5577602,meta,2025-06-02T07:00:00.000Z,0.9459263554653524,OpenStreetMap,2021-09-22T11:12:44.000Z,,False
b1da1bb6-45ec-496f-9d68-85abe9f3f3af,Terry Hershey Park Hike and Bike Trail,mountain_bike_trails,"['hiking_trail', 'park']",d2837f1d-d113-42b5-bfd7-2d0fbeb1a1dc,,,,houston,TX,Houston,77024.0,Texas 8 Beltway,29.7633354,-95.5577265,meta,2025-06-02T07:00:00.000Z,0.4929396662387676,OpenStreetMap,2021-09-22T11:12:44.000Z,,False
9309cfa9-6f16-4018-aff9-223115e05b6e,Terry Hershey Park,park,"['amusement_park', 'water_park']",,,,,houston,TX,Houston,77084.0,3535 War Memorial Dr,29.8218,-95.61331,meta,2025-06-02T07:00:00.000Z,0.4929396662387676,,,,False
66aa885f-dc42-45f4-8694-f3794de3ffef,Hershey's Enterprise,shopping,['community_services_non_profits'],67c1b0f2-4e26-46f1-99a6-8f7f1f526633,,,,houston,TX,Houston,77090.0,16354 Ella Blvd,30.0040717,-95.4421201,meta,2025-06-02T07:00:00.000Z,0.5662921348314607,OpenStreetMap,2020-08-24T21:35:31.000Z,,False
434af2c0-0215-4c82-890c-2ed71eb8741e,Hershey Chiropractic,chiropractor,"['naturopathic_holistic', 'health_and_medical']",,,,,provo,UT,Orem,84097.0,1156 S State St,40.2763879,-111.6878539,meta,2025-06-02T07:00:00.000Z,0.9784508333782836,,,,False
777ec5f7-6aa6-4d10-a95c-a7e7f1fffd6b,Hershey's Ice Cream,ice_cream_shop,"['candy_store', 'restaurant']",b6b1f2f7-debe-4840-b617-89aeea008dae,,,,pensacola,FL,Pensacola,32534.0,2600 W Nine Mile Rd,30.5349068,-87.3217731,meta,2025-06-02T07:00:00.000Z,0.9784508333782836,Microsoft ML Buildings,2022-03-26T00:00:00.000Z,,False
c2426d30-80db-4182-a17e-edc98863aa35,Hershey's Ice Cream,ice_cream_shop,"['restaurant', 'smoothie_juice_bar']",b7127c7a-044d-4601-b240-0ef170839820,,commercial,commercial,cape-coral,FL,Cape Coral,33991.0,1031 Santa Barbara Blvd,26.6316382,-81.97356,meta,2025-06-02T07:00:00.000Z,0.9879256218304756,OpenStreetMap,2022-08-10T01:09:34.000Z,,False
726c0621-9a09-48d2-903a-57229529a554,Hershey Super Sweet Adventure,arts_and_entertainment,['music_production'],c3eb3551-1cc8-4539-b9fc-22484cff601a,Water Tower Place,commercial,retail,chicago,IL,Chicago,60611.0,835 N Michigan Ave,41.8978674,-87.6237974,meta,2025-06-02T07:00:00.000Z,0.3313953488372093,OpenStreetMap,2024-07-23T21:38:21.000Z,,False
990b5d09-3282-4872-a277-43615d05a098,Hershey's Palace,american_restaurant,"['fast_food_restaurant', 'pizza_restaurant']",284ece1d-cc91-42c1-b79a-7963a40bdc26,,,,fort-worth,TX,Arlington,76013.0,1420 W Arkansas Ln,32.7064056,-97.1292265,meta,2025-06-02T07:00:00.000Z,0.9784508333782836,OpenStreetMap,2019-01-24T23:25:51.000Z,,False
f76105d5-90d9-4e7e-a8fb-751b8005d1d5,Hershey's Ice Cream,ice_cream_shop,"['restaurant', 'pop_up_shop']",,,,,providence,RI,Warwick,2888.0,2121 Elmwood Ave,41.7496546,-71.4231779,meta,2025-06-02T07:00:00.000Z,0.5662921348314607,,,,False
6b274e8c-909a-46a1-bb16-357d2f112928,Hershey's Shake,ice_cream_shop,"['desserts', 'fast_food_restaurant']",,,,,providence,RI,Providence,2903.0,1 Providence Pl,41.8276855,-71.4171865,meta,2025-06-02T07:00:00.000Z,0.5662921348314607,,,,False
af0e7063-0698-440d-a126-2ba6e9705df3,Hershey's Shake Shop Express,ice_cream_shop,['burger_restaurant'],60255ec8-64ec-4c7a-95a3-4ea25db60dee,Providence Place Mall,commercial,retail,providence,RI,Providence,2903.0,1 Providence Pl,41.8274516,-71.4165821,meta,2025-06-02T07:00:00.000Z,0.5662921348314607,OpenStreetMap,2023-10-03T00:24:29.000Z,,False
e51df81b-fec4-430e-b757-c2a4a0825359,Hershey's Ice Cream,ice_cream_shop,"['desserts', 'shopping']",5321ccb4-34e6-43b4-8e73-0817ba23f3fa,,,,providence,MA,Seekonk,2771.0,107 Pond St,41.8997863,-71.3276775,meta,2025-06-02T07:00:00.000Z,0.9297091412742382,OpenStreetMap,2019-05-17T13:04:04.000Z,,False
f5f871e2-9b96-4e0b-aa7a-9086a1727c29,The Hershey Company,candy_store,"['chocolatier', 'commercial_industrial']",3962b437-d0b4-4eeb-b975-2b3a5629c9fc,,,,memphis,TN,Memphis,38106.0,975 Kansas St,35.1209653,-90.0657111,meta,2025-06-02T07:00:00.000Z,0.9784508333782836,OpenStreetMap,2020-03-03T00:21:31.000Z,,True
4852ddc9-3301-4dca-8ef5-1ae7e05d53d9,Hershey Orthodontics,orthodontist,"['dentist', 'health_and_medical']",2405c60e-cd24-431f-b872-f2f0b1828c32,,,,durham,NC,Durham,27707.0,3206 Old Chapel Hill Rd,35.9666595458984,-78.9464263916016,Microsoft,2020-08-10T17:00:12.797Z,0.77,OpenStreetMap,2022-01-30T22:07:34.000Z,,False
19711ccb-7132-42e1-8fe3-c63a896044b5,Hershey Manor Apartments,real_estate_service,"['real_estate', 'landmark_and_historical_building']",57aa0857-7811-4afd-a073-b226f001fbbe,,,,rockford,IL,Rockford,61103.0,1832 N Main St,42.2920654,-89.0801096,meta,2025-06-02T07:00:00.000Z,0.9300613496932516,OpenStreetMap,2024-06-27T21:01:20.000Z,,False
ce15592b-c086-4ed9-b844-d2a34e595470,Hershey's Ice Cream and Coffee,ice_cream_shop,"['diner', 'smoothie_juice_bar']",20ef0b9f-dfab-4879-9ca4-e62f94bf56f3,,,,washington-dc,VA,Sterling,20164.0,156 Enterprise St,38.9977387,-77.4034572,meta,2025-06-02T07:00:00.000Z,0.9415384615384615,OpenStreetMap,2024-10-08T12:54:49.000Z,,False
bdf79a06-6a70-491d-bc5a-c960d47844b0,Hershey's Shake Shop,ice_cream_shop,"['restaurant', 'fast_food_restaurant']",a84df7d5-310b-452e-9fef-9e0f8ef954c9,Exeter Shopping Center,commercial,retail,washington-dc,VA,Leesburg,20176.0,700 Fieldstone Dr NE,39.1257361,-77.5460485,meta,2025-06-02T07:00:00.000Z,0.7548172757475083,OpenStreetMap,2021-11-02T01:46:57.000Z,,False
ee312868-6825-43ac-b4ef-eb966b4b3fd1,Hershey's Ice Cream,ice_cream_shop,"['desserts', 'grocery_store']",c72f448c-7396-4abd-a778-07796ca8e25a,,,,washington-dc,DC,Washington,20007.0,3151 K St NW,38.9026678,-77.0619128,meta,2025-06-02T07:00:00.000Z,0.9784508333782836,OpenStreetMap,2021-02-01T23:00:15.000Z,,False
17149240-2be1-4c73-ae08-19681b65afc8,Hershey's Ice Cream,ice_cream_shop,"['smoothie_juice_bar', 'desserts']",46c56a1d-02bc-4bf7-b650-4cf5a7e3056b,,,,washington-dc,DC,Washington,20005.0,925 15th St NW,38.9020876,-77.033491,meta,2025-06-02T07:00:00.000Z,0.909823677581864,OpenStreetMap,2024-02-15T23:34:36.000Z,,False
7be03171-ad0e-4f47-a6bc-eb782650dcbf,Delight Donuts Hershey Ice Cream,donuts,"['coffee_shop', 'ice_cream_shop']",,,,,washington-dc,MD,District Heights,20747.0,6027 Marlboro Pike,38.856175,-76.902888,meta,2025-06-02T07:00:00.000Z,0.3961437335670464,,,,False
beb8568a-e345-44f4-90f8-6f8800063e92,Hershey's Ice Cream,ice_cream_shop,"['smoothie_juice_bar', 'diner']",,,,,washington-dc,MD,Greenbelt,20770.0,8865 Greenbelt Rd,38.9906856,-76.8528766,meta,2025-06-02T07:00:00.000Z,0.9784508333782836,,,,False
95feb21e-fe55-4e36-b233-7f6e412b5d2e,Hershey's Restaurant,american_restaurant,"['bar', 'restaurant']",d64e63d0-edd0-487b-8b1e-3865895d46dd,Hershey's Restaurant,education,school,washington-dc,MD,Gaithersburg,20877.0,17030 Oakmont Ave,39.1357018,-77.177686,meta,2025-06-02T07:00:00.000Z,0.9784508333782836,OpenStreetMap,2023-02-12T18:08:52.000Z,,False
2e4d2887-32d0-4e71-b148-d76e3b6fbce3,Hershey Ice Cream,ice_cream_shop,"['desserts', 'restaurant']",47209e4f-d63c-4e70-a15f-06eb7cb0a52d,Westfield Wheaton Mall,commercial,retail,washington-dc,,,20902.0,11160 Veirs Mill Rd Spc B200,39.036957,-77.056124,meta,2025-06-02T07:00:00.000Z,0.7548172757475083,OpenStreetMap,2025-04-12T12:55:26.000Z,,False
d5c0f05d-4222-4e14-9032-46a7f87f20cd,Hershey Park,park,['arts_and_entertainment'],b34a4b13-aab7-4e6d-975b-9a50dce843d1,,residential,terrace,washington-dc,MD,Columbia,0.0,100 W Hershey Park Dr,39.2095541,-76.8816372,meta,2025-06-02T07:00:00.000Z,0.4929396662387676,OpenStreetMap,2023-09-15T01:19:31.000Z,,False
d5c0f05d-4222-4e14-9032-46a7f87f20cd,Hershey Park,park,['arts_and_entertainment'],8fe54b13-52ab-447b-8e2a-b9c11d4b5133,,residential,terrace,washington-dc,MD,Columbia,0.0,100 W Hershey Park Dr,39.2095541,-76.8816372,meta,2025-06-02T07:00:00.000Z,0.4929396662387676,OpenStreetMap,2023-09-15T01:19:31.000Z,,False
d5c0f05d-4222-4e14-9032-46a7f87f20cd,Hershey Park,park,['arts_and_entertainment'],dce61a1a-da4a-4736-8f84-7fdb697558f2,,residential,terrace,washington-dc,MD,Columbia,0.0,100 W Hershey Park Dr,39.2095541,-76.8816372,meta,2025-06-02T07:00:00.000Z,0.4929396662387676,OpenStreetMap,2023-09-15T01:19:31.000Z,,False
