id_left,primary_name_left,primary_category,alternate_category,id_right,primary_name_right,subtype,class,source_city,region,locality,zipcode,address,latitude,longitude,plc_source_dataset,plc_source_update_time,plc_source_confidence,bldg_dataset,bldg_update_time,bldg_confidence,is_office_by_pipeline
0ab98b3b-7ec1-4403-944e-bc19a2fe9441,Salon Lumen,hair_salon,"['beauty_salon', 'spas']",6c20be1c-cd5a-42bc-abf1-800b45902412,,commercial,retail,san-antonio,TX,San Antonio,78249.0,5860 De Zavala Rd,29.5624416,-98.5994132,meta,2025-06-02T07:00:00.000Z,0.9879256218304756,OpenStreetMap,2024-10-04T20:29:30.000Z,,False
413a33bc-95bd-4a69-9366-5c4a02a534fb,Lumen Events,event_planning,['topic_concert_venue'],8c061948-188f-4a94-8bb4-eff89d716e37,,,,san-antonio,TX,San Antonio,78258.0,18503 Sigma Rd,29.6107924,-98.4831387,meta,2025-06-02T07:00:00.000Z,0.9300613496932516,OpenStreetMap,2015-08-11T19:11:44.000Z,,False
170a8e3d-3e88-4ddd-95c2-50656f1cb54e,Lumen Income Tax,trusts,"['financial_service', 'professional_services']",d488c4c1-ab20-4d33-be59-6f45b27ec369,,,,san-antonio,TX,San Antonio,78217.0,13327 Nacogdoches Rd,29.5636469,-98.392059,meta,2025-06-02T07:00:00.000Z,0.9459263554653524,OpenStreetMap,2025-01-19T15:31:36.000Z,,False
378115f6-d896-437a-8464-581ca387ae23,CenturyLink,womens_clothing_store,"['fashion_accessories_store', 'clothing_store', 'retail']",474b87f2-058c-4d8d-8afd-f999f499fb76,,commercial,retail,tucson,AZ,Tucson,85705.0,4386 N Oracle Rd 156,32.285996,-110.974734,Microsoft,2017-07-18T21:42:08.203Z,0.77,OpenStreetMap,2024-12-24T23:37:26.000Z,,False
94a7a3d6-cb9e-4a87-aca8-059732f01c4c,Lumen Academy,school,['day_care_preschool'],367ae389-8fb0-4ec2-b3f7-ae753b89494e,,,,boston,MA,Waltham,2453.0,175 Main St,42.3760505,-71.2131,meta,2025-06-02T07:00:00.000Z,0.7548172757475083,OpenStreetMap,2020-03-14T12:44:55.000Z,,False
4b01d79f-7020-4ffa-a5b0-9de86edc6100,Lumen Charlestown,landmark_and_historical_building,"['real_estate', 'real_estate_agent']",,,,,boston,MA,Boston,2129.0,30 Polk St,42.379479,-71.0610622,meta,2025-06-02T07:00:00.000Z,0.9204819277108434,,,,False
1c13c887-528c-4b36-83e4-c65f43694c09,Lumen Wealth Management,financial_service,"['financial_advising', 'professional_services']",f1b87926-ea7a-476c-a7d9-63d91e403faa,Fifty Five Walkers Brook,commercial,commercial,boston,MA,Reading,1867.0,55 Walkers Brook Dr,42.5180502,-71.0942782,meta,2025-06-02T07:00:00.000Z,0.8831168831168831,OpenStreetMap,2018-09-16T03:18:28.000Z,,False
12f29fbf-8d61-4790-a62b-8bcc5c3facd0,Lumen Spa and Laser,beauty_and_spa,"['day_spa', 'beauty_salon']",75595f63-b39c-40d2-adad-69eff4c3fde2,,,,boston,MA,Tewksbury,1876.0,2297 Main St,42.5805134,-71.1946141,meta,2025-06-02T07:00:00.000Z,0.9415384615384615,OpenStreetMap,2023-01-31T18:59:29.000Z,,False
856d6327-56d0-421e-a2cd-9aa81be7cb93,Lumen Christi Health Care,home_health_care,['medical_supply'],53a4931e-3f15-4208-90d6-4c2804ac6088,,commercial,retail,boston,MA,Quincy,2169.0,1359 Hancock St,42.250187,-71.0031383,meta,2025-06-02T07:00:00.000Z,0.9297091412742382,OpenStreetMap,2020-09-20T23:20:35.000Z,,False
b38867d9-1cb0-4dc9-b187-bb8dd581ec86,The Lumen,real_estate_agent,['real_estate'],5f40ca32-c61c-448a-89c5-8daa1c90530b,The Lumen,residential,apartments,cleveland,OH,Cleveland,44115.0,1600 Euclid Ave,41.5008946,-81.6802938,meta,2025-06-02T07:00:00.000Z,0.9297091412742382,OpenStreetMap,2022-11-06T17:35:00.000Z,,False
408477c9-61fd-4f6a-8a38-69b31fd2dc49,Lumen on Ninth,landmark_and_historical_building,"['accommodation', 'social_service_organizations']",b925a717-64c1-4a43-b10c-3f4fae23869d,,residential,apartments,columbus-ohio,OH,Columbus,43201.0,76 E 9th Ave,39.9935687,-83.0046733,meta,2025-06-02T07:00:00.000Z,0.9688311688311688,OpenStreetMap,2023-05-04T16:39:55.000Z,,False
95db3817-7ec0-4dcf-b925-f39663948d2a,Centurylink,professional_services,['vietnamese_restaurant'],7e02279e-c8a9-40c9-82df-a5c33bfd19a0,,,,columbus-ohio,OH,Dublin,43016.0,6000 Parkwood Pl,40.088898,-83.139971,meta,2025-06-02T07:00:00.000Z,0.242152466367713,Esri Community Maps,2024-10-15T00:00:00.000Z,,False
1bda990e-2784-452b-ac60-bd66fb0d4b7c,Lumen Web Services,web_designer,,5669d138-2e96-4d67-93f6-3b4aed562694,220 West,commercial,office,detroit,MI,Detroit,48226.0,220 Congress St W,42.32927,-83.0486,meta,2025-06-02T07:00:00.000Z,0.8540983606557377,OpenStreetMap,2023-05-25T16:42:55.000Z,,False
1bda990e-2784-452b-ac60-bd66fb0d4b7c,Lumen Web Services,web_designer,,d50c9ec1-9154-4089-8b40-fb289230c26d,U.S. Mortgage Bond Building,commercial,office,detroit,MI,Detroit,48226.0,220 Congress St W,42.32927,-83.0486,meta,2025-06-02T07:00:00.000Z,0.8540983606557377,OpenStreetMap,2023-05-25T16:42:55.000Z,,False
1bda990e-2784-452b-ac60-bd66fb0d4b7c,Lumen Web Services,web_designer,,30cb1397-c7bc-4a85-8be1-405c78cc6bc5,,commercial,commercial,detroit,MI,Detroit,48226.0,220 Congress St W,42.32927,-83.0486,meta,2025-06-02T07:00:00.000Z,0.8540983606557377,OpenStreetMap,2023-05-25T16:42:55.000Z,,False
24dbd119-aab4-4512-88fe-a7375197fa2c,Lumen Detroit,american_restaurant,"['restaurant', 'bar']",47e1691e-e89f-4b27-acb1-ae7391265513,,,,detroit,MI,Detroit,48226.0,1903 Grand River Ave,42.3343839,-83.0548929,meta,2025-06-02T07:00:00.000Z,0.9879256218304756,OpenStreetMap,2023-08-19T22:02:22.000Z,,False
6bb68558-9d24-432b-88b3-bef424aeec55,Lumen North America,automotive_parts_and_accessories,"['automotive', 'laboratory_testing']",c33b927d-4df6-47d3-9d5e-67b02880f807,,,,detroit,MI,Rochester Hills,48309.0,2541 Leach Rd,42.640202,-83.197318,meta,2025-06-02T07:00:00.000Z,0.3961437335670464,Esri Community Maps,2024-10-15T00:00:00.000Z,,False
c3b3a7e7-6a02-44eb-8477-95769ede03ee,Lumen Pediatric Therapy LLC,counseling_and_mental_health,,7ae6787b-d495-4f80-aeb4-ba4ccab69c13,,commercial,retail,detroit,MI,St Clair Shores,48081.0,26210 Harper Ave,42.4857452,-82.8986023,meta,2025-06-02T07:00:00.000Z,0.9784508333782836,OpenStreetMap,2021-03-04T01:14:22.000Z,,False
8da2b664-e31e-48c5-bc98-16c0e836f52c,Lumen Solutions Inc.,real_estate_agent,,1305f4bf-aaa7-4c7a-9b22-9b13622da363,,,,mission-viejo,CA,Santa Ana,92706.0,1419 Freeman St,33.75739,-117.87895,meta,2025-06-02T07:00:00.000Z,0.2456896551724137,OpenStreetMap,2022-07-14T18:31:23.000Z,,False
9a815b2e-4812-4f91-a3a2-8db41bb7b92e,Lumen Direct,lighting_store,"['home_improvement_store', 'contractor']",73181451-346f-451e-aac4-583a249650fc,,,,el-paso,TX,El Paso,79925.0,1141 Larry Mahan Dr,31.768,-106.36649,meta,2025-06-02T07:00:00.000Z,0.9415384615384615,OpenStreetMap,2024-05-24T15:17:30.000Z,,False
0b90976d-206d-4120-abd5-8ce3fddd8ab9,Lumen Labs,art_gallery,"['arts_and_entertainment', 'topic_concert_venue']",,,,,oakland,CA,Berkeley,94710.0,905 Parker St,37.8586708,-122.2932492,meta,2025-06-02T07:00:00.000Z,0.9784508333782836,,,,False
f00dc8a1-7250-48ba-8fea-543ab2e0f1b2,CenturyLink,electronics,['retail'],23c8b7ee-ec42-486a-a2d3-1dfe25138329,,,,kissimmee,FL,Kissimmee,34744.0,1359 E Vine St,28.3054601,-81.3889515,Microsoft,2017-07-18T21:42:08.203Z,0.77,OpenStreetMap,2014-10-24T05:05:55.000Z,,False
5b60b337-8661-4fad-a61b-d4995d32ec40,CenturyLink,professional_services,['office_equipment'],affb02fe-075f-4d5c-953c-4b2381c9e601,Centersquare Atlanta ATL1,,,atlanta,GA,Lithia Springs,30122.0,375 Riverside Pkwy,33.744235,-84.581152,meta,2025-06-02T07:00:00.000Z,0.296943231441048,OpenStreetMap,2024-08-11T17:58:10.000Z,,False
2501a7dd-c7ba-4bff-bc6b-671b3dea9da3,Lumen Grant Park,landmark_and_historical_building,['real_estate'],d75b1c42-92cd-4758-903b-558545b6fb15,,transportation,parking,atlanta,GA,Atlanta,30312.0,465 Memorial Dr SE,33.7460408,-84.3723269,meta,2025-06-02T07:00:00.000Z,0.9784508333782836,OpenStreetMap,2020-10-28T02:23:52.000Z,,False
2501a7dd-c7ba-4bff-bc6b-671b3dea9da3,Lumen Grant Park,landmark_and_historical_building,['real_estate'],7d64c74e-4734-49df-9cbb-85bf53cb2d32,Lumen Grant Park Apartments,residential,apartments,atlanta,GA,Atlanta,30312.0,465 Memorial Dr SE,33.7460408,-84.3723269,meta,2025-06-02T07:00:00.000Z,0.9784508333782836,OpenStreetMap,2022-05-27T21:48:37.000Z,,False
a9efaf7a-3146-4ad6-ae3f-47053394ebec,Lumen Bar,lounge,"['bar', 'cocktail_bar']",74911c46-8821-4b61-95d0-c571563d795d,"The Ritz-Carlton, Atlanta",,,atlanta,GA,Atlanta,30303.0,181 Peachtree St NE,33.758668,-84.38742,meta,2025-06-02T07:00:00.000Z,0.7548172757475083,OpenStreetMap,2024-07-08T22:31:51.000Z,,False
04208ced-e324-407b-8635-cf15ff7967a7,Lumen Briarcliff,apartments,,2419b947-5f63-4854-80ea-fadf60cdd947,,,,atlanta,GA,Atlanta,30329.0,3070 Briarcliff Rd,33.83765884,-84.3127184,Microsoft,2025-04-23T06:40:50.240Z,0.77,Microsoft ML Buildings,2023-09-01T00:00:00.000Z,0.9715999960899352,False
9a0fb4b5-0167-4fe7-84cd-ea8cd1b873cc,Sugar Polish Nail Bar Lumen,nail_salon,['beauty_and_spa'],2419b947-5f63-4854-80ea-fadf60cdd947,,,,atlanta,,,30329.0,3060 Briarcliff Rd NE Suite 1102,33.8378638,-84.3127557,meta,2025-06-02T07:00:00.000Z,0.8253968253968254,Microsoft ML Buildings,2023-09-01T00:00:00.000Z,0.9715999960899352,False
7b07c580-8204-4de0-a917-7c2e5f5a0be8,Lumen Chamblee,apartments,,9cbb3f40-d565-4a38-9c01-3cfe5d43ba86,,,,atlanta,GA,Chamblee,30341.0,2175 American Way,33.8942578,-84.30169,Microsoft,2023-10-02T20:00:37.607Z,0.77,OpenStreetMap,2016-06-01T23:03:53.000Z,,False
eb14f924-8308-402a-8426-09236fafa0dc,Lumen Doraville,landmark_and_historical_building,['social_service_organizations'],,,,,atlanta,GA,Doraville,30360.0,4256 Tilly Mill Rd,33.9199321,-84.2805159,meta,2025-06-02T07:00:00.000Z,0.9459263554653524,,,,False
a4a9bca6-fb2e-4dcb-87ab-bf27365fbd1d,Centurylink,mobile_phone_store,"['internet_service_provider', 'television_service_providers']",0a68b7de-b27c-47f9-ac03-0d7b99b0b776,,,,miami,,,33030.0,NW 1st Ave,25.7794113,-80.1952362,meta,2025-06-02T07:00:00.000Z,0.8860580325548478,OpenStreetMap,2023-08-09T21:32:09.000Z,,False
c01a2a23-1cca-4364-9939-fc74c5deb1bd,Lumen cabinetry inc.,construction_services,"['contractor', 'home_improvement_store']",91256b8a-de14-45c0-b212-25aee54831b1,,,,miami,FL,Hialeah Gardens,33016.0,9807 NW 80th Ave,25.8636114,-80.3270145,meta,2025-06-02T07:00:00.000Z,0.8831168831168831,OpenStreetMap,2013-03-08T06:14:41.000Z,,False
b00e7c47-9c6a-4e70-a313-bdf97c52c1da,Lumen Vitae,community_services_non_profits,,cee3460d-c6cb-40c4-ae45-66e60daa9edd,,,,miami,FL,Boynton Beach,33473.0,8748 Baystone Cv,26.50912,-80.1838,meta,2025-06-02T07:00:00.000Z,0.2456896551724137,OpenStreetMap,2022-03-26T11:34:01.000Z,,False
30c48558-f2a4-42b4-a7c8-f992b5a3d93a,Lumen Mundi,wholesale_store,"['fashion_accessories_store', 'jewelry_store']",17b2327c-0fe7-42bb-b47e-e6efc775b13d,,,,miami,FL,Deerfield Beach,33442.0,762 S Military Trl,26.306779,-80.1265223,meta,2025-06-02T07:00:00.000Z,0.9459263554653524,OpenStreetMap,2016-08-31T04:35:30.000Z,,False
f5df5477-7964-489c-9bb1-7ee1dbe9ad9c,Lumen Tax Resolution,professional_services,"['financial_service', 'trusts']",6d7d54ed-cf05-43d7-8186-96335ceca1be,The Fresh Market,,,miami,FL,Boca Raton,33432.0,160 W Camino Real,26.3400774,-80.0906065,meta,2025-06-02T07:00:00.000Z,0.8540983606557377,OpenStreetMap,2022-07-27T22:17:41.000Z,,False
08515b27-fad3-4bf6-be68-064d83622633,Instituto Lumen,day_care_preschool,"['school', 'preschool']",2acebbbf-d8e0-45c5-8165-9ae3d7acdd6b,,commercial,commercial,mcallen,TX,McAllen,78504.0,4108 N 10th St,26.2407359,-98.2227008,meta,2025-06-02T07:00:00.000Z,0.9784508333782836,OpenStreetMap,2022-05-25T18:39:55.000Z,,False
fa5c06c4-0892-4592-87a3-c61daf6334e1,Lumen Residential,real_estate,['accommodation'],6d854a35-7dce-4fc4-b2f5-7828e383582c,,,,mcallen,TX,Edinburg,78542.0,1911 Lago Huron,26.27946,-98.13376,meta,2025-06-02T07:00:00.000Z,0.4929396662387676,Microsoft ML Buildings,2022-01-14T00:00:00.000Z,,False
679ed061-f75e-4114-8c30-d20cec9d0741,CenturyLink,telecommunications_company,"['professional_services', 'real_estate']",b4d73333-d2cc-4fda-b787-df6ee89ad671,,commercial,retail,denver,CO,Littleton,80126.0,9370 S Colorado Blvd,39.5458069,-104.9424488,meta,2025-06-02T07:00:00.000Z,0.3961437335670464,OpenStreetMap,2019-01-23T01:25:52.000Z,,False
39212992-3926-4bd3-b57d-43e159e64f3e,CenturyLink,internet_service_provider,"['public_utility_company', 'event_planning']",539ebe21-4565-4e5c-ab7a-7f4a5ecfe726,,commercial,commercial,denver,CO,Littleton,80120.0,700 W Mineral Ave,39.5718011,-104.9977051,meta,2025-06-02T07:00:00.000Z,0.9204819277108434,OpenStreetMap,2024-03-26T20:52:55.000Z,,True
b171b241-d8af-49ae-99a3-0f830850b99a,Centurylink,professional_services,['telecommunications_company'],acbb8ec3-c9ee-4163-9e3a-bd5237baa5f6,,,,denver,CO,Englewood,80112.0,125 Inverness Dr E,39.581053,-104.866514,meta,2025-06-02T07:00:00.000Z,0.242152466367713,Esri Community Maps,2024-10-15T00:00:00.000Z,,False
19894840-6ea6-44c1-ad33-c6fa934c9e1a,Lumen Therapy Services,marriage_or_relationship_counselor,"['doctor', 'health_and_medical']",c03328ca-7ffd-45a8-8e33-60abd9e1d643,Bellaire Place,commercial,office,denver,CO,Denver,80222.0,1780 S Bellaire St Ste 600,39.68464,-104.93704,Microsoft,2025-05-24T04:38:43.540Z,0.77,OpenStreetMap,2025-03-18T21:33:02.000Z,,False
4844372d-5a23-4227-8a53-b0ede9163459,Lumen Biblical Counseling,community_services_non_profits,"['counseling_and_mental_health', 'printing_services']",192d4128-3002-476d-9f2a-c8a5adbb0d30,,,,denver,CO,Lakewood,80215.0,10085 W 18th Ave,39.7458356,-105.1110976,meta,2025-06-02T07:00:00.000Z,0.8860580325548478,Microsoft ML Buildings,2020-07-02T00:00:00.000Z,,False
83e35003-8a68-49e5-8cd5-e339db7fce9f,Centurylink Q C,telecommunications_company,"['professional_services', 'real_estate']",736a0cd1-7df5-45aa-adc8-99e5b4687e2f,Mountain States Telephone Building,commercial,commercial,denver,CO,Denver,80202.0,931 14th St,39.74533,-104.996646,meta,2025-06-02T07:00:00.000Z,0.296943231441048,OpenStreetMap,2020-03-19T15:51:51.000Z,,False
b4ef23bb-04cd-42e0-947f-3bd216c88253,CenturyLink,mobile_phone_store,"['internet_service_provider', 'shopping']",0996a256-d3fe-473f-92fc-89c5e2b778d9,,commercial,commercial,denver,CO,Denver,80203.0,1850 N Pearl St,39.7455585,-104.9796905,meta,2025-06-02T07:00:00.000Z,0.296943231441048,OpenStreetMap,2019-08-05T22:45:52.000Z,,False
0ecae2ed-2005-4895-a2f9-163016c3d69e,CenturyLink,telecommunications_company,"['professional_services', 'mass_media']",26e067c3-0c0a-421c-84b9-5dce1d4d63ce,,,,denver,CO,Denver,80221.0,5325 Zuni St,39.7930776,-105.0170018,meta,2025-06-02T07:00:00.000Z,0.242152466367713,OpenStreetMap,2015-08-15T13:02:33.000Z,,False
ea62e3f3-3254-4252-9a3e-9b70a1781bf8,CenturyLink,professional_services,"['internet_service_provider', 'television_service_providers']",2fb4bd20-396d-47b5-9a77-10aa29fe8b69,Zupan's,,,portland,OR,Portland,97219.0,7121 S Macadam Ave,45.472343,-122.672344,meta,2025-06-02T07:00:00.000Z,0.3961437335670464,OpenStreetMap,2020-06-18T07:18:12.000Z,,False
dcb77500-5dc3-48df-be68-5c433ad183b1,CenturyLink,telecommunications_company,,07aeae70-40f7-4bcf-a46f-efe375fd8fd9,Cascade Building,commercial,office,portland,OR,Portland,97205.0,779 SW Stark St,45.5199834,-122.6780056,meta,2025-06-02T07:00:00.000Z,0.3961437335670464,OpenStreetMap,2020-04-10T21:33:11.000Z,,False
e5afc3a2-e61e-4a2e-8e8c-f68d9680b7b9,Lumen Learning,professional_services,"['tutoring_center', 'event_planning']",1a2c4640-650a-4ab4-9208-2dfe483504a6,,,,portland,OR,Portland,97209.0,600 NW 14th Ave,45.52739,-122.684792,meta,2025-06-02T07:00:00.000Z,0.296943231441048,OpenStreetMap,2019-03-18T06:35:16.000Z,,False
d95ca3cf-d366-4dff-92b5-792d85f1c371,CenturyLink - TV Service,telecommunications_company,"['professional_services', 'broadcasting_media_production']",1bfe0c92-df73-4ecc-86cd-98e9463717ca,,transportation,parking,portland,OR,Portland,97213.0,4212 NE Halsey St,45.533163,-122.619851,meta,2025-06-02T07:00:00.000Z,0.296943231441048,OpenStreetMap,2025-03-25T23:41:55.000Z,,False
d95ca3cf-d366-4dff-92b5-792d85f1c371,CenturyLink - TV Service,telecommunications_company,"['professional_services', 'broadcasting_media_production']",8df4b577-d589-413e-9454-2ef4b38a26f9,24 Hour Fitness Super Sport,,,portland,OR,Portland,97213.0,4212 NE Halsey St,45.533163,-122.619851,meta,2025-06-02T07:00:00.000Z,0.296943231441048,OpenStreetMap,2025-03-25T23:41:55.000Z,,False
94385caa-2031-476a-8476-63b1b2397e41,CenturyLink,it_service_and_computer_repair,,2b31a959-6844-4071-9999-dc172b70bcf3,,,,portland,WA,Vancouver,98684.0,2707 NE 114th Ave Ste C3,45.642499,-122.555247,Microsoft,2017-07-18T21:42:08.203Z,0.77,OpenStreetMap,2016-03-23T22:13:18.000Z,,False
e74a8ed5-35fd-4ddc-b12f-026e836a3158,The Lumen Room Austin,professional_services,['event_photography'],77d43dc8-d80f-4d22-9e1d-f9dc0d461ac9,,,,austin,TX,Austin,78704.0,2307 Thornton Rd,30.2446357,-97.7708063,meta,2025-06-02T07:00:00.000Z,0.909823677581864,OpenStreetMap,2019-10-14T10:18:25.000Z,,False
8d981bf4-4707-4335-9fc5-2e4b17542e5c,Spa Lumen,waxing,"['beauty_salon', 'beauty_and_spa']",cbf58004-7cdc-4543-afe7-5f61050966ee,Vintage Plaza 3,commercial,retail,austin,TX,Round Rock,78681.0,2711 La Frontera Blvd,30.4803832,-97.6846968,meta,2025-06-02T07:00:00.000Z,0.9297091412742382,OpenStreetMap,2024-02-17T14:56:12.000Z,,False
8402ad29-e295-47d7-aa70-4c96bfdeb431,Lumen Right,lighting_store,['appliance_manufacturer'],43743eb8-b5e1-4ef1-87da-47e4cdc6f163,,,,austin,TX,Round Rock,78664.0,2700 Louis Henna Blvd,30.4895725,-97.6312167,meta,2025-06-02T07:00:00.000Z,0.8860580325548478,OpenStreetMap,2023-07-18T03:50:08.000Z,,False
062d071a-e9f8-4543-b684-f362f1e6f4c0,Lumen Advisory & Finance,financial_service,['accountant'],3f0105e8-5b01-4b02-9c51-0a871cc319b2,Clift Building,commercial,office,salt-lake-city,UT,Salt Lake City,84101.0,10 W 300 S,40.763099,-111.891624,meta,2025-06-02T07:00:00.000Z,0.2456896551724137,OpenStreetMap,2024-11-13T22:09:48.000Z,,False
4a9bde67-cd7d-4824-9455-e7b804d884b3,Centurylink,telecommunications_company,"['internet_service_provider', 'professional_services']",f915dc1a-8acf-49be-91ca-0f30f27df996,CenturyLink,,,des-moines,IA,Des Moines,50309.0,925 High St,41.5878702,-93.6303337,meta,2025-06-02T07:00:00.000Z,0.9204819277108434,OpenStreetMap,2021-07-20T02:38:40.000Z,,False
849d1601-f182-4aa0-abd6-21d57ef0bdf3,CenturyLink,mobile_phone_store,"['professional_services', 'office_equipment']",4183ba46-2fbe-4459-aa2d-c193e78c1b4a,,,,youngstown,OH,Warren,44483.0,2169 Elm Rd NE,41.254801,-80.790737,meta,2025-06-02T07:00:00.000Z,0.3961437335670464,Microsoft ML Buildings,2020-08-09T00:00:00.000Z,,False
4a5179ff-d5c6-4769-95ba-d3a1c524cb46,Lumen Financial Group,financial_advising,"['financial_service', 'trusts']",917794a4-e8ab-4999-a1ee-de77e4ec3ea9,,,,trenton,PA,Morrisville,19067.0,800 Township Line Rd,40.2244713,-74.8836016,meta,2025-06-02T07:00:00.000Z,0.9459263554653524,OpenStreetMap,2016-04-25T14:53:44.000Z,,False
84a47169-baaf-4c68-ab1b-674638dce3e2,The Lumen Room Dallas : White & Lifestyle,event_photography,['event_planning'],f0a51bc6-c6d4-4d73-9a5e-f8f993a2614d,,commercial,commercial,dallas,TX,Dallas,75204.0,4301 Bryan St,32.7991917,-96.7796236,meta,2025-06-02T07:00:00.000Z,0.9784508333782836,OpenStreetMap,2019-08-05T15:00:41.000Z,,False
3dd90a38-c12f-4a93-b84a-01f42cc92c47,The Lumen,hotel,['travel'],979ddf06-6e94-4016-841c-d76b2ba61043,Graduate by Hilton Dallas,,,dallas,TX,Dallas,75205.0,6101 Hillcrest Ave,32.8411635,-96.787302,meta,2025-06-02T07:00:00.000Z,0.9784508333782836,OpenStreetMap,2025-05-20T13:30:29.000Z,,False
087fa08f-f298-4229-8e80-61dec03d2350,Lumen,landmark_and_historical_building,['social_service_organizations'],,,,,dallas,TX,Irving,75039.0,515 Promenade,32.8757579,-96.9393075,meta,2025-06-02T07:00:00.000Z,0.9688311688311688,,,,False
5884ae09-b6d3-4692-a714-8ca3dcf57354,KofC Lumen Christi Council 13520,religious_organization,"['community_services_non_profits', 'charity_organization']",,,,,dallas,TX,Dallas,75248.0,5231 Meadowcreek Dr,32.96355,-96.79236,meta,2025-06-02T07:00:00.000Z,0.3376623376623376,,,,False
da7f71fa-12e0-4a5f-804a-857e8093bcd4,The Lumen Room,event_photography,['professional_services'],,,,,dallas,TX,Plano,75074.0,703 K Ave,33.0082791,-96.6996553,meta,2025-06-02T07:00:00.000Z,0.9784508333782836,,,,False
3e792590-64ca-47b5-aff8-96038e9ccdc0,Lumen Construction - Roofing,roofing,"['siding', 'ceiling_and_roofing_repair_and_service']",ed9f9df5-2ba0-45bf-bffa-7bc915bbb661,,commercial,office,dallas,TX,Plano,75024.0,5700 Tennyson Pkwy #300,33.0708163,-96.8199434,Microsoft,2020-01-07T01:31:57.407Z,0.77,OpenStreetMap,2018-11-24T21:05:35.000Z,,False
52cd3a6d-8bc1-4a77-8141-baef71d59ac5,LUMEN,shopping,,,,,,charlotte,NC,Charlotte,0.0,,35.11485,-80.87372,meta,2025-06-02T07:00:00.000Z,0.3313953488372093,,,,False
fd7fdd28-a9c9-4151-aa1c-88e7b5099a83,CenturyLink,mobile_phone_store,"['information_technology_company', 'shopping']",e077e2c0-3afb-4193-a278-8d91693a36d1,Lumen,commercial,commercial,charlotte,NC,Charlotte,28217.0,4021 Rose Lake Dr,35.1786895,-80.9283093,meta,2025-06-02T07:00:00.000Z,0.3961437335670464,OpenStreetMap,2023-12-25T20:46:52.000Z,,False
098b4e04-2e84-4b3d-b4f4-e151cddeb625,Lumen High School,high_school,['elementary_school'],7e2c49ab-1b46-4910-a7be-35e80589a6f2,,commercial,retail,spokane,WA,Spokane,99201.0,718 W Riverside Ave,47.6580335,-117.4228988,meta,2025-06-02T07:00:00.000Z,0.9459263554653524,OpenStreetMap,2024-12-17T21:27:36.000Z,,False
cc762b9f-9f56-4f5f-930a-3ba8056b4364,CenturyLink,internet_service_provider,['telecommunications_company'],33a2d100-649a-4b25-b1d8-071d497d4011,CenturyLink,,,spokane,WA,Spokane,99202.0,924 N Columbus St,47.6658945,-117.3951865,meta,2025-06-02T07:00:00.000Z,0.242152466367713,OpenStreetMap,2022-10-31T19:33:48.000Z,,False
bbb8c168-dfff-4f44-923c-b59055c61a84,CenturyLink,corporate_office,['private_establishments_and_corporates'],58c7ba3e-74bd-400c-a4cd-43e0a46efda7,,commercial,retail,omaha,NE,Omaha,68116.0,15825 W Maple Rd,41.2914915,-96.1611024,Microsoft,2017-07-18T21:42:08.203Z,0.77,OpenStreetMap,2016-03-16T04:00:43.000Z,,True
45ef5a0f-2803-42e5-a1f7-8e4e32ff441d,CenturyLink,professional_services,"['television_service_providers', 'internet_service_provider']",c4cfba49-324a-4113-b1bb-7dadffa98676,Valentino's To Go,commercial,commercial,omaha,NE,Omaha,68106.0,5070 Leavenworth St,41.252716,-95.992299,meta,2025-06-02T07:00:00.000Z,0.3376623376623376,OpenStreetMap,2020-06-20T17:50:42.000Z,,False
d5623aa3-9305-40e0-99e1-84c71a2a0a85,Lumen Beer,brewery,"['pub', 'bar']",a44a94d1-f0c6-4c3d-a8d8-e8da9fc5ccad,,,,omaha,NE,Omaha,68108.0,1433 S 13th St,41.2442424,-95.9331649,meta,2025-06-02T07:00:00.000Z,0.9784508333782836,OpenStreetMap,2025-02-01T20:31:08.000Z,,False
7467225f-227c-43dc-9de5-3978f45104ee,CenturyLink Plaza,cafe,['coffee_shop'],e06fefc4-3af7-462a-9063-bd2a63698e0e,,,,omaha,NE,Omaha,0.0,,41.227481,-95.926781,meta,2025-06-02T07:00:00.000Z,0.3376623376623376,Esri Community Maps,2024-10-15T00:00:00.000Z,,False
6c3bf403-e9ee-4395-b4ed-706c324d48c0,CenturyLink Center,stadium_arena,"['arts_and_entertainment', 'event_planning']",,,,,omaha,NE,Omaha,68102.0,455 N 10th St,41.2609088,-95.9262225,meta,2025-06-02T07:00:00.000Z,0.3961437335670464,,,,True
dbfa6e82-57c2-4037-952a-f176ba126233,Lumen Nation,lighting_store,['retail'],f4f626a7-7acf-4704-951d-1e96d5d374d2,,,,akron,OH,Akron,44333.0,3900 Medina Rd Ste R,41.1345918,-81.6387296,Microsoft,2023-02-03T13:44:02.213Z,0.77,OpenStreetMap,2014-10-18T06:54:12.000Z,,False
3052d553-3fc4-4ed1-8885-017a7ae29ce3,Lumen Apartments,landmark_and_historical_building,"['real_estate', 'real_estate_agent']",b4e47e96-5fdc-4eea-8d91-b33854b386f5,Lumen Apartments,residential,apartments,birmingham,AL,Birmingham,35233.0,10 14th St S,33.5085122,-86.8132246,meta,2025-06-02T07:00:00.000Z,0.9879256218304756,OpenStreetMap,2023-03-20T19:45:06.000Z,,False
608df837-597e-4177-8fea-1e8ef6444445,Lumen Interactive,advertising_agency,['web_designer'],,,,,birmingham,AL,Birmingham,35203.0,1500 1st Ave N Unit 35,33.51107322849143,-86.8126163482666,Microsoft,2014-11-22T00:22:22.253Z,0.77,,,,False
0bfd785b-47d0-485a-bb59-80ba584f729f,Ad Lumen Press,topic_publisher,"['college_university', 'campus_building']",,,,,sacramento,CA,Sacramento,95841.0,4700 College Oak Dr,38.6496993,-121.3493457,meta,2025-06-02T07:00:00.000Z,0.8831168831168831,,,,True
03ea8403-2245-46d1-b6e4-b3b9c565e86e,Lumen Auto,car_dealer,['used_car_dealer'],9f8634fe-869f-4a83-ba02-8c01c7b36b2f,,commercial,commercial,daytona-beach-port-orange,FL,Holly Hill,32117.0,433 Walker St,29.2472171,-81.0469574,meta,2025-06-02T07:00:00.000Z,0.9879256218304756,OpenStreetMap,2021-09-24T01:25:12.000Z,,False
e53c07b1-e5b3-4bd5-a88d-bb6603902e7a,Lumen Integrative Therapy,spas,"['beauty_and_spa', 'massage_therapy']",8bac20f3-cb5d-41bd-851d-e23805124cc2,,,,greenville,SC,Greenville,29615.0,319 Garlington Rd,34.8354598,-82.2887249,meta,2025-06-02T07:00:00.000Z,0.9415384615384615,OpenStreetMap,2021-02-13T12:51:29.000Z,,False
5884ae09-b6d3-4692-a714-8ca3dcf57354,KofC Lumen Christi Council 13520,religious_organization,"['community_services_non_profits', 'charity_organization']",,,,,denton-lewisville,TX,Dallas,75248.0,5231 Meadowcreek Dr,32.96355,-96.79236,meta,2025-06-02T07:00:00.000Z,0.3376623376623376,,,,False
3e792590-64ca-47b5-aff8-96038e9ccdc0,Lumen Construction - Roofing,roofing,"['siding', 'ceiling_and_roofing_repair_and_service']",ed9f9df5-2ba0-45bf-bffa-7bc915bbb661,,commercial,office,denton-lewisville,TX,Plano,75024.0,5700 Tennyson Pkwy #300,33.0708163,-96.8199434,Microsoft,2020-01-07T01:31:57.407Z,0.77,OpenStreetMap,2018-11-24T21:05:35.000Z,,False
15b29e78-8098-4e50-bb00-defc4cf17049,Lumen Fox Valley,real_estate,"['landmark_and_historical_building', 'professional_services']",,,,,chicago,IL,Aurora,60504.0,4450 Fox Valley Center Dr,41.7582813,-88.2095675,meta,2025-06-02T07:00:00.000Z,0.9784508333782836,,,,False
1ec4ca8b-95cc-4f9d-88f7-e098506828f4,Lumen Fox Valley,apartments,,,,,,chicago,IL,Aurora,60504.0,4450 Fox Valley Center Dr,41.7595517,-88.20775845,Microsoft,2025-05-22T08:33:45.123Z,0.77,,,,False
5116eed6-c553-4a50-816a-acedbd4799ee,Lumen Cardiovascular Specialists,hospital,"['health_and_medical', 'pharmacy']",5c89a057-d57c-4239-8fc2-6d7a083b0894,,,,chicago,IL,Elmhurst,60126.0,340 W Butterfield Rd,41.86502,-87.9496301,meta,2025-06-02T07:00:00.000Z,0.9784508333782836,Microsoft ML Buildings,2023-09-01T00:00:00.000Z,0.995299994945526,False
beaec068-06a1-443a-aecc-d4c935919647,Lumen Optical,optometrist,"['eye_care_clinic', 'health_and_medical', 'retail']",5fac4cdc-c818-41dd-a503-9d7ecdf03302,Randhurst Village,commercial,retail,chicago,IL,Mount Prospect,60056.0,182 Randhurst Village Dr,42.08565544223123,-87.93237179138352,Microsoft,2017-12-01T20:32:44.397Z,0.77,OpenStreetMap,2024-07-30T19:44:49.000Z,,False
e5dce3b6-ec99-4717-84f5-5cf4781cdd59,Lumen Optical,optometrist,"['health_and_medical', 'retail']",,,,,chicago,IL,Kildeer,60047.0,20505 N Rand Rd 500,42.16086137532852,-88.0494468840171,Microsoft,2017-12-01T20:33:34.147Z,0.77,,,,False
e7075855-a000-450c-849e-e63cc9865fc0,Lumen Christi Institute,religious_organization,"['charity_organization', 'college_university']",,,,,chicago,IL,Chicago,60637.0,1220 E 58th St,41.7897165,-87.5954523,meta,2025-06-02T07:00:00.000Z,0.9784508333782836,,,,False
01541b0a-8501-4fd6-a8dc-50f7a781c41e,Lumen Property Management,property_management,['professional_services'],5fc65e4e-c8b1-4118-b081-716e4760d67e,Knight Building,commercial,office,chicago,IL,Chicago,60661.0,549 W Randolph St,41.8843745,-87.6418578,meta,2025-06-02T07:00:00.000Z,0.8860580325548478,OpenStreetMap,2024-06-28T23:38:01.000Z,,False
95dfcf8d-0291-481c-9687-cfb97d2a7b6d,Lumen Optical,optometrist,"['eye_care_clinic', 'health_and_medical', 'retail']",,,,,chicago,IL,Chicago,60647.0,2520 N Elston Ave,41.927188873291,-87.6807403564453,Microsoft,2017-12-01T20:28:58.560Z,0.77,,,,False
9c916086-4cf4-4ad2-a12f-ddc8a3c01f78,Lumen Optical,optometrist,"['eye_care_clinic', 'health_and_medical', 'retail']",092af67c-2677-4df2-93d7-90fc9897cf84,Evanston Galleria,commercial,retail,chicago,IL,Evanston,60201.0,809 Church St,42.04855551896865,-87.68238721252243,Microsoft,2017-12-01T20:30:25.343Z,0.77,OpenStreetMap,2023-06-19T10:33:14.000Z,,False
83d2f560-2bed-45f8-ac67-152f1a39bc23,Lumen,professional_services,"['event_photography', 'arts_and_entertainment']",3cc6a25c-b29e-4219-94f4-8bf402fe1d88,,,,san-diego,CA,San Diego,92101.0,2400 Kettner Blvd,32.72893,-117.17191,meta,2025-06-02T07:00:00.000Z,0.242152466367713,OpenStreetMap,2017-12-27T22:04:35.000Z,,False
a11d2b9b-8eb4-4924-b0be-fac553ebc84c,CenturyLink,information_technology_company,"['it_service_and_computer_repair', 'business_to_business_services', 'business_to_business']",b37b5570-3cc7-419e-98ca-0c7f00406056,,,,fayetteville,NC,Fayetteville,28314.0,5115 Morganton Rd,35.0710378,-78.9673014,Microsoft,2017-07-18T21:42:08.203Z,0.77,OpenStreetMap,2024-10-18T14:50:46.000Z,,False
c9a06598-e479-4fef-96b4-98c458ea463a,Centurylink,television_service_providers,"['internet_service_provider', 'professional_services']",12ad620d-f750-4e5d-bc65-0b9b7726de91,,,,fayetteville,NC,Fayetteville,28301.0,717 McGilvary St,35.052839,-78.8906636,meta,2025-06-02T07:00:00.000Z,0.9297091412742382,OpenStreetMap,2020-12-13T00:53:33.000Z,,False
4bfed602-9103-4f62-a494-8ab3a8af51ff,Lumen Studios,professional_services,"['event_photography', 'photography_store_and_services']",096692a6-8617-48c9-abca-4c34f0f16271,,,,pittsburgh,PA,Pittsburgh,15226.0,1420 W Liberty Ave,40.4110443,-80.0138727,meta,2025-06-02T07:00:00.000Z,0.242152466367713,OpenStreetMap,2025-05-29T17:58:43.000Z,,False
c3e8ba83-2fe8-4501-ae48-2899e9afd9ce,Lumen Digital Corporation,education,"['college_university', 'automotive_repair']",b0839359-faac-4e51-a4c5-578c3296e881,,,,houston,TX,Houston,77077.0,2305 TX-6 S,29.739328,-95.643512,meta,2025-06-02T07:00:00.000Z,0.296943231441048,OpenStreetMap,2020-09-20T16:59:47.000Z,,False
2d3a9bc4-e8e7-4db3-9b20-1d551ebc0a0f,Lumen Lounge,dance_club,"['lounge', 'bar']",f96bc141-4e23-4dd5-9409-dd13fe69088b,,,,houston,TX,Houston,77098.0,5020 Kirby Dr,29.7273204,-95.4189938,meta,2025-06-02T07:00:00.000Z,0.9784508333782836,OpenStreetMap,2024-02-02T01:59:42.000Z,,False
a306a1bd-1a3f-4cc4-b9b5-7a46919ea0ca,Lumen,landmark_and_historical_building,"['real_estate', 'real_estate_agent']",55aa912d-e152-4da0-8cd0-34cb0f19efaf,,,,houston,TX,Houston,77019.0,2400 W Dallas St,29.7576027,-95.3927009,meta,2025-06-02T07:00:00.000Z,0.9784508333782836,OpenStreetMap,2024-04-28T21:19:45.000Z,,False
436d0f19-7c0b-43d7-b8f1-4f5fb583df49,Lumen Studio & Gallery,art_gallery,,,,,,philadelphia,DE,Wilmington,19803.0,"Concord Pk & Independence Mall, 1613 Concord Pike",39.78074,-75.54373,meta,2025-06-02T07:00:00.000Z,0.3376623376623376,,,,False
afa1489b-0d2f-4b94-9684-4af6bd32db35,The Lumen Center,hospital,"['hair_replacement', 'spas']",,,,,philadelphia,PA,Bryn Mawr,19010.0,919 Conestoga Rd,40.025358,-75.3362325,meta,2025-06-02T07:00:00.000Z,0.9784508333782836,,,,False
12df10d8-6bb4-4538-9c17-d0be631c94eb,Hair Transplant Philadelphia | The Lumen Center,plastic_surgeon,"['doctor', 'health_and_medical']",,,,,philadelphia,PA,Bryn Mawr,19010.0,919 Conestoga Rd Unit 305,40.0249888,-75.3352798,Microsoft,2025-02-10T23:11:55.937Z,0.77,,,,False
4a5179ff-d5c6-4769-95ba-d3a1c524cb46,Lumen Financial Group,financial_advising,"['financial_service', 'trusts']",917794a4-e8ab-4999-a1ee-de77e4ec3ea9,,,,philadelphia,PA,Morrisville,19067.0,800 Township Line Rd,40.2244713,-74.8836016,meta,2025-06-02T07:00:00.000Z,0.9459263554653524,OpenStreetMap,2016-04-25T14:53:44.000Z,,False
a4765f8c-b13c-41f6-97b3-b7b16222cde2,Centurylink,professional_services,['hotel'],8b48df10-98df-43c6-a259-37dbf79d7c73,,,,memphis,TN,Memphis,38120.0,1661 International Dr,35.103206,-89.848981,meta,2025-06-02T07:00:00.000Z,0.296943231441048,OpenStreetMap,2019-01-30T16:26:24.000Z,,False
241e1cf2-c3fc-4c2d-aecb-09e1bc02feb2,CenturyLink,mobile_phone_store,"['telecommunications_company', 'shopping']",,,,,tulsa,OK,Tulsa,74103.0,100 S Cincinnati Ave,36.1551633,-95.9894605,meta,2025-06-02T07:00:00.000Z,0.3376623376623376,,,,False
2c2dd46a-2dca-4fee-89c8-e1317438470c,CenturyLink,corporate_office,['private_establishments_and_corporates'],e53b3aba-0c7d-419c-88b8-587f0a1b8bca,,,,las-vegas,NV,Las Vegas,89123.0,9771 S Eastern Ave Ste 105,36.011501,-115.119932,Microsoft,2017-07-18T21:42:08.203Z,0.77,OpenStreetMap,2018-01-23T03:57:14.000Z,,True
fa2a58da-9cc1-4962-8abd-f38e6e14c599,Lumen and Forge,event_planning,,4a072fb5-4355-42c8-b0db-b48d5e308893,Polaris Business Plaza,industrial,industrial,las-vegas,NV,Las Vegas,89103.0,4625 Polaris Ave,36.1060557,-115.1862413,meta,2025-06-02T07:00:00.000Z,0.9204819277108434,OpenStreetMap,2017-05-27T13:52:57.000Z,,True
fa2a58da-9cc1-4962-8abd-f38e6e14c599,Lumen and Forge,event_planning,,1fc8a869-22c3-4c19-b25f-dff4eb8b8ecd,,industrial,industrial,las-vegas,NV,Las Vegas,89103.0,4625 Polaris Ave,36.1060557,-115.1862413,meta,2025-06-02T07:00:00.000Z,0.9204819277108434,OpenStreetMap,2024-10-02T01:06:03.000Z,,True
0a3f085b-4b6a-4eb8-9902-91abb7dd1c1d,CenturyLink,telecommunications,['it_service_and_computer_repair'],a9c20f03-49ac-4d2c-be9d-8f10dff0392a,China A Go Go,commercial,,las-vegas,NV,Las Vegas,89108.0,2101 N Rainbow Blvd Ste 100,36.199445,-115.242678,Microsoft,2017-07-18T21:42:08.203Z,0.77,OpenStreetMap,2025-03-02T02:37:54.000Z,,False
b892dd88-33e4-4937-bea6-f4fc2535af2a,CenturyLink,corporate_office,['private_establishments_and_corporates'],,,,,las-vegas,NV,Las Vegas,89102.0,3441 W Sahara Ave Ste A6,36.1442691832781,-115.187275037169,Microsoft,2013-01-28T00:25:25.000Z,0.77,,,,True
3bc91e7a-36bb-4732-8e28-f6de5d60f800,Centurylink,telecommunications_company,"['mobile_phone_store', 'information_technology_company']",1c87ea4e-8423-47fe-852b-6f5aca0a930d,,,,las-vegas,NV,Las Vegas,89101.0,811 E Bridger Ave,36.165894,-115.138041,meta,2025-06-02T07:00:00.000Z,0.242152466367713,OpenStreetMap,2016-02-14T22:47:31.000Z,,False
d237abd5-b695-47e9-a67d-ef74ad5db292,CenturyLink,electronics,['retail'],,,,,las-vegas,NV,Las Vegas,89119.0,2340 E Tropicana Ave Unit 32,36.100131,-115.120617,Microsoft,2017-07-18T21:42:08.203Z,0.77,,,,False
1295ea00-7521-4b90-9684-89cb058d4706,CenturyLink,electronics,['retail'],4759919b-4003-4411-8d47-d3dbaa67023a,,,,las-vegas,NV,Las Vegas,89131.0,6592 N Decatur Blvd Ste 110,36.2794955,-115.2061309,Microsoft,2017-07-18T21:42:08.203Z,0.77,OpenStreetMap,2024-01-04T08:58:33.000Z,,False
f3301042-9e63-4d4b-892c-b018ad380eb7,Centurylink Cecile Yard,storage_facility,,aa0e4f02-79e3-4dd2-90a2-785107bbc42c,,,,las-vegas,NV,Las Vegas,89115.0,4760 Cecile Ave,36.214582,-115.069494,meta,2025-06-02T07:00:00.000Z,0.296943231441048,OpenStreetMap,2023-12-30T20:35:22.000Z,,False
5df808cd-b511-4bc0-88ec-9ad9dfcae100,Lumen Scholar Institute,school,"['elementary_school', 'high_school']",,,,,provo,UT,Orem,84057.0,1353 W 760 N,40.3109264,-111.728737,meta,2025-06-02T07:00:00.000Z,0.9784508333782836,,,,False
daf1f149-f785-4d81-b086-563d1da6b3d8,Broadband Internet Providers - Authorized CenturyLink Sales Agent,internet_service_provider,"['television_service_providers', 'mobile_phone_store']",fb4a70fa-336c-4037-8379-89078aee2334,,,,provo,UT,Provo,84604.0,3651 N 100 E,40.281914,-111.6570579,meta,2025-06-02T07:00:00.000Z,0.296943231441048,Esri Community Maps,2024-10-15T00:00:00.000Z,,False
a45fc184-9688-41ba-814f-f18af87c0eaf,Lumen Lighting,event_planning,"['contractor', 'lighting_store']",8e73e12c-d921-4971-b8b5-0bdb9273fafe,,,,provo,UT,Orem,84057.0,245 W 990 N,40.3149053,-111.7011412,meta,2025-06-02T07:00:00.000Z,0.9300613496932516,Esri Community Maps,2024-10-15T00:00:00.000Z,,True
22e21268-e68b-4e70-bb6f-41a9669ee089,Lumen Hair Salon,hair_salon,"['beauty_salon', 'beauty_and_spa']",64bcdbae-d857-438c-9c83-cbe7f3f6c719,,residential,apartments,madison,WI,Madison,53703.0,845 E Johnson St,43.0841177,-89.3765443,meta,2025-06-02T07:00:00.000Z,0.9784508333782836,OpenStreetMap,2022-11-03T09:12:48.000Z,,False
884c129c-259c-47e6-9fa8-daf5a112c853,CenturyLink,mobile_phone_store,['shopping'],72c35011-a14d-40ee-b133-47db2dad1679,,,,seattle,WA,Spanaway,98387.0,17316 Pacific Ave S,47.09867,-122.43379,meta,2025-06-02T07:00:00.000Z,0.3961437335670464,OpenStreetMap,2024-11-02T06:37:56.000Z,,False
4717caba-b38f-48fa-9c8e-37a10dd096ae,CenturyLink,mobile_phone_store,['retail'],6034af34-d067-4644-b625-dc9369c0ae54,Desert Sun,,,seattle,WA,Tacoma,98409.0,2505 S 38th St Ste A114,47.2232104,-122.4702313,Microsoft,2017-07-18T21:42:08.203Z,0.77,OpenStreetMap,2023-07-03T18:09:27.000Z,,False
4717caba-b38f-48fa-9c8e-37a10dd096ae,CenturyLink,mobile_phone_store,['retail'],6a129357-da23-4c71-89af-a50e2e395c39,,,,seattle,WA,Tacoma,98409.0,2505 S 38th St Ste A114,47.2232104,-122.4702313,Microsoft,2017-07-18T21:42:08.203Z,0.77,OpenStreetMap,2022-02-25T05:33:45.000Z,,False
5284b52d-8e14-423c-a3f0-8f448219d84c,Studio Lumen,flowers_and_gifts_shop,['professional_services'],d55c9a86-3f51-4585-bd12-cf120db7b968,,,,seattle,WA,Seattle,98126.0,3400 Harbor Ave SW,47.5729576,-122.3707064,meta,2025-06-02T07:00:00.000Z,0.8540983606557377,OpenStreetMap,2024-03-28T22:33:44.000Z,,False
a9061617-4da7-45a1-b5f6-b7bff0df2590,Lumen Condominiums,landmark_and_historical_building,"['accommodation', 'real_estate']",9e23000b-4c28-4d64-93c6-820c3a86563d,Lumen,residential,apartments,seattle,WA,Seattle,98109.0,501 Roy St,47.6252862,-122.3465535,meta,2025-06-02T07:00:00.000Z,0.9459263554653524,OpenStreetMap,2024-08-06T04:37:55.000Z,,False
12a45d5f-2c95-43a5-87e2-f52472f26702,CenturyLink Store,telecommunications_company,"['mobile_phone_store', 'professional_services']",9e8d6d8a-cff1-4055-92d8-4a7f35478cff,,commercial,commercial,seattle,WA,Seattle,98103.0,8528 Palatine Ave N,47.691288,-122.355805,meta,2025-06-02T07:00:00.000Z,0.3376623376623376,OpenStreetMap,2017-05-07T19:57:13.000Z,,False
6ff6255d-c1e9-4ee5-a853-4013eaaba2ae,Centurylink,professional_services,['electronics'],4ec52ece-7d06-4cde-b934-25b5d087b06b,,,,seattle,WA,Puyallup,98372.0,1011 E Main Ave,47.192472,-122.280824,meta,2025-06-02T07:00:00.000Z,0.242152466367713,OpenStreetMap,2024-02-14T21:40:09.000Z,,False
d509f409-5a20-4bb8-8a9a-320fe6333ea6,CenturyLink,electronics,['retail'],dc842506-d74f-43b8-afa1-f53d124e5688,,commercial,retail,seattle,WA,Tukwila,98188.0,17185 Southcenter Pkwy,47.4498702,-122.2633521,Microsoft,2017-07-18T21:42:08.203Z,0.77,OpenStreetMap,2022-06-07T20:00:33.000Z,,False
0d1284df-5fc7-4670-9b17-5f43a67e2ff9,Centurylink,mobile_phone_store,"['telecommunications_company', 'stadium_arena']",c7c35eb8-7059-468c-bca9-c65ca97e18b0,Westfield Southcenter,,,seattle,WA,Tukwila,98188.0,913 Southcenter Mall,47.4591236,-122.259749,meta,2025-06-02T07:00:00.000Z,0.296943231441048,OpenStreetMap,2024-03-28T19:36:00.000Z,,False
ffe49471-2a50-4b97-a6f1-c5ac89f62b57,CenturyLink,telecommunications_company,"['professional_services', 'arts_and_entertainment']",a82e4f2a-38cd-4982-8917-e9d0cfa9d5ee,,,,seattle,WA,Kent,98032.0,23315 66th Ave S,47.3926,-122.25224,meta,2025-06-02T07:00:00.000Z,0.296943231441048,OpenStreetMap,2018-12-09T00:11:57.000Z,,False
5bb17177-b069-48ae-83d3-1913995e88fa,CenturyLink,telecommunications_company,"['mass_media', 'office_equipment']",99263af9-86d6-46fe-b27b-fca369b16001,Centerpointe,,,seattle,WA,Kent,98032.0,18000 72nd Ave S,47.440382,-122.242647,meta,2025-06-02T07:00:00.000Z,0.242152466367713,OpenStreetMap,2018-12-09T07:13:37.000Z,,False
9a5003d3-64f7-44dc-95bd-0c574a68eeda,Lumen Field,stadium_arena,"['attractions_and_activities', 'football_stadium']",ac0803e4-7945-47f0-8c40-1ba6113bb8a0,Alaska Building,,,seattle,WA,Seattle,98104.0,"Alaska Building Deli, 624 2nd Ave",47.6028823,-122.3328028,meta,2025-06-02T07:00:00.000Z,0.8831168831168831,OpenStreetMap,2022-01-21T08:28:14.000Z,,False
a4768535-abdd-48df-8f08-005941d56eeb,CenturyLink Field Event Center,stadium_arena,"['topic_concert_venue', 'event_planning']",398d353c-9d9b-443e-ab32-3da400b75bcc,Lumen Field Event Center,entertainment,,seattle,WA,Seattle,98134.0,1000 Occidental Ave S,47.5937239,-122.3323998,meta,2025-06-02T07:00:00.000Z,0.4929396662387676,OpenStreetMap,2020-11-19T18:24:40.000Z,,False
7f4bb2a7-1b27-421d-be1b-a55618e50a11,Lumen Field,football_stadium,"['stadium_arena', 'active_life']",,,,,seattle,WA,Seattle,98134.0,800 Occidental Ave S,47.5950994,-122.3316664,meta,2025-06-02T07:00:00.000Z,0.9879256218304756,,,,False
d6ab016b-dc5f-46ed-8c90-3cbf65c90b52,Lumen Field North Lot Parking,parking,"['attractions_and_activities', 'travel']",,,,,seattle,WA,Seattle,98104.0,521 Stadium Pl S,47.5970268,-122.3316142,meta,2025-06-02T07:00:00.000Z,0.9459263554653524,,,,False
d4a7768b-b0ae-4f27-bdde-3bd807ba8e39,CenturyLink,professional_services,"['topic_concert_venue', 'information_technology_company']",bf960bfe-2743-4545-b563-e6ba9aeed600,Qwest Plaza,,,seattle,WA,Seattle,98101.0,1600 7th Ave,47.61335,-122.33467,meta,2025-06-02T07:00:00.000Z,0.242152466367713,OpenStreetMap,2022-02-14T07:50:58.000Z,,False
455ad2a6-6ce7-4caa-a8cf-d07570e0df3f,CenturyLink,professional_services,"['internet_service_provider', 'bar']",8e8dc3cd-a7b2-461f-899f-5f27a4b199a3,The Seattle Times,commercial,commercial,seattle,WA,Seattle,98109.0,1000 Denny Way,47.61904,-122.336438,meta,2025-06-02T07:00:00.000Z,0.242152466367713,OpenStreetMap,2024-07-15T21:44:21.000Z,,False
fde67520-46ea-43f3-8eb0-fde59a4eba12,CenturyLink,professional_services,['shopping'],670d27b4-3820-47b0-948e-8ec411702989,Bellevue Square Mall,commercial,retail,seattle,WA,Bellevue,98004.0,160 Bellevue Sq,47.61552,-122.20463,meta,2025-06-02T07:00:00.000Z,0.242152466367713,OpenStreetMap,2025-02-15T05:00:14.000Z,,False
40273bce-f159-473a-aab9-b9c4e402838d,CenturyLink Small Business,mobile_phone_store,"['telecommunications_company', 'electronics']",f124c694-1070-4b74-9f99-6e3230c38a7f,,,,seattle,WA,Bellevue,98004.0,10200 NE 10th St,47.619481,-122.203974,meta,2025-06-02T07:00:00.000Z,0.3376623376623376,OpenStreetMap,2024-07-20T04:24:03.000Z,,False
335b4ea1-761e-420f-89dd-eed03db7be3c,99 Lumen Photography,session_photography,,c468429b-5930-4e72-98ff-758fd07d210a,,residential,detached,seattle,WA,Redmond,98052.0,8081 142nd Ave NE #301,47.67608,-122.15168,Microsoft,2019-09-11T02:01:00.817Z,0.77,OpenStreetMap,2024-08-17T21:55:24.000Z,,False
7afcfe8c-9f31-498b-8142-9e03da7a05d1,Lumen Counseling,counseling_and_mental_health,,2bbf6d79-305d-4867-af1b-75a65bd3a888,,,,seattle,WA,Lynnwood,98036.0,4208 198th St SW,47.8185274,-122.2900823,meta,2025-06-02T07:00:00.000Z,0.8831168831168831,OpenStreetMap,2018-05-18T05:36:58.000Z,,False
2d267baa-d1bb-48c7-96c8-f733e230e6e1,CenturyLink Store,professional_services,['internet_service_provider'],7e2ce8c4-5ecd-4e5b-b4b0-d2b176503558,,,,colorado-springs,CO,Colorado Springs,80909.0,1157 N Circle Dr,38.849189,-104.772865,meta,2025-06-02T07:00:00.000Z,0.242152466367713,OpenStreetMap,2013-02-12T20:03:33.000Z,,False
da48b081-b149-4f04-acbd-76ad9fcc6029,Lumen Exteriors,contractor,,,,,,oklahoma-city,OK,Oklahoma City,0.0,,35.4824441,-97.497139,meta,2025-06-02T07:00:00.000Z,0.3313953488372093,,,,False
52f59672-58d8-4606-ab70-6057693e3178,Centurylink,professional_services,['internet_service_provider'],27eb11a7-f32c-48fa-a887-8de5730f7627,,residential,apartments,phoenix,AZ,Phoenix,85042.0,3143 E Legacy Dr,33.384268,-112.014704,meta,2025-06-02T07:00:00.000Z,0.296943231441048,OpenStreetMap,2022-06-26T17:27:32.000Z,,False
02d11348-231b-4306-80a2-5e85637f1000,CenturyLink,electronics,['retail'],55283c3a-599b-4148-86d7-c2201979b5a7,,commercial,retail,phoenix,AZ,Chandler,85224.0,2780 W Chandler Blvd Ste 5,33.306349,-111.891192,Microsoft,2017-07-18T21:42:08.203Z,0.77,OpenStreetMap,2022-06-03T15:49:28.000Z,,False
3e946258-a803-45cf-966f-0bff99370dc7,Centurylink,professional_services,['hotel'],fb6995f9-8faf-4ac9-95b5-fa52e5f9f3fc,,,,phoenix,AZ,Chandler,85286.0,2175 W Willis Rd,33.24892,-111.86541,meta,2025-06-02T07:00:00.000Z,0.242152466367713,OpenStreetMap,2023-06-25T22:04:13.000Z,,False
06e218a4-4af8-43be-b903-ff1f834d73a9,CenturyLink Store,professional_services,"['internet_service_provider', 'shopping']",3e66b70c-2e0c-4b53-839b-c7fb25fc69ed,Staples,,,phoenix,AZ,Peoria,85382.0,7857 W Bell Rd,33.637175,-112.226764,meta,2025-06-02T07:00:00.000Z,0.296943231441048,OpenStreetMap,2024-07-10T10:49:09.000Z,,False
ab860d40-e365-4ec7-9611-8887c86bb76f,Centurylink,professional_services,['telecommunications_company'],,,,,phoenix,AZ,Phoenix,85014.0,1221 E Osborn Rd,33.47512,-112.11049,meta,2025-06-02T07:00:00.000Z,0.296943231441048,,,,False
46bcdbf0-566e-482f-b3af-b6481257e7ad,Lumen Strategies,public_relations,"['advertising_agency', 'professional_services']",3a087cad-19ca-4d3f-9f64-a9af24205ef4,,,,phoenix,AZ,Phoenix,85004.0,106 E Buchanan St,33.4433745,-112.0720821,meta,2025-06-02T07:00:00.000Z,0.909823677581864,OpenStreetMap,2022-04-29T02:49:37.000Z,,False
24db2330-a40b-421e-b0e6-afa52a8baa31,Centurylink,telecommunications_company,"['television_service_providers', 'internet_service_provider']",8ebbffbb-7809-4c3b-8eb2-e8e76d23645f,,,,phoenix,AZ,Phoenix,85004.0,2120 N Central Ave,33.471401,-112.07437,meta,2025-06-02T07:00:00.000Z,0.242152466367713,OpenStreetMap,2022-10-12T18:11:16.000Z,,False
7c04b67a-26d6-4b45-80a6-18e694fa018f,Centurylink,television_service_providers,"['event_planning', 'professional_services']",6035dbef-3835-4db8-93a5-8acf031ec921,,,,phoenix,AZ,Phoenix,85012.0,20 E Thomas Rd,33.480601,-112.071449,meta,2025-06-02T07:00:00.000Z,0.3961437335670464,OpenStreetMap,2024-03-26T17:35:05.000Z,,True
1dcf6d66-c40f-471c-a1a4-79ba1b4b1f16,CenturyLink's Store,e_commerce_service,,,,,,phoenix,AZ,Mesa,85203.0,1136 E University Dr,33.42244821,-111.80669735,Microsoft,2024-09-06T11:46:07.363Z,0.77,,,,False
fbcf4ebf-0f95-418a-be5c-ce31294c3c89,Lumen + Bevel Aesthetics,medical_spa,"['plastic_surgeon', 'skin_care', 'doctor', 'spas', 'beauty_and_spa', 'health_and_medical']",a764a367-1b2c-48f1-965f-ba008c42e835,,,,phoenix,AZ,Phoenix,85054.0,7000 E Mayo Blvd #1062,33.6583557128906,-111.931701660156,Microsoft,2022-04-20T00:08:45.583Z,0.77,OpenStreetMap,2020-10-12T19:36:40.000Z,,False
971f3368-86f1-4deb-8a67-73725bd54efb,CenturyLink,utility_service,,dd428910-ad62-4f44-9bdd-9b0e72708125,,commercial,retail,phoenix,AZ,Mesa,85206.0,1229 S Power Rd Ste 107,33.3925994,-111.6838716,Microsoft,2017-07-18T21:42:08.203Z,0.77,OpenStreetMap,2022-04-08T01:46:25.000Z,,False
3b8041c8-28d0-4186-9e8d-d24a44e50ad8,Lumen Wellness and Counseling,counseling_and_mental_health,['womens_health_clinic'],3fc099dc-22bb-4605-99fb-3a30c9777841,,,,st-louis,MO,Chesterfield,63005.0,125 Chesterfield Towne Ctr,38.6619693,-90.6197709,meta,2025-06-02T07:00:00.000Z,0.9784508333782836,Microsoft ML Buildings,2022-08-25T00:00:00.000Z,,False
92c1fbbf-4145-4dcb-92aa-3d1c15a71970,Lumen,information_technology_company,"['telecommunications_company', 'business']",,,,,st-louis,,,63017.0,1 Solutions Pkwy,38.6409155,-90.5066216,meta,2025-06-02T07:00:00.000Z,0.9415384615384615,,,,True
08ead8f4-ee07-4a07-9c3e-118cc5a723d2,CenturyLink,internet_service_provider,"['software_development', 'professional_services']",0dd2037a-f501-4f60-9024-340c5e5e2023,,,,st-louis,MO,Town and Country,63141.0,575 Maryville Centre Dr,38.644716,-90.4986404,meta,2025-06-02T07:00:00.000Z,0.9300613496932516,OpenStreetMap,2023-09-01T19:21:55.000Z,,True
a51ff88d-76b1-4e2b-a3fe-cec6148b4802,Lumen Stl,event_planning,,17d552b1-43ce-4b5f-8abd-e96fae466912,Halsey-Packard Building,,,st-louis,MO,St Louis,63103.0,2201 Locust St,38.6337031,-90.2110107,meta,2025-06-02T07:00:00.000Z,0.9459263554653524,OpenStreetMap,2022-04-20T21:31:11.000Z,,True
3a48e1ec-838c-4f3b-a15b-00f9fc464ed0,Centurylink,professional_services,"['public_utility_company', 'internet_service_provider']",,,,,st-louis,MO,O'Fallon,63368.0,5551 Winghaven Blvd,38.751846,-90.747602,meta,2025-06-02T07:00:00.000Z,0.296943231441048,,,,False
d93b043b-ddc2-4921-8d27-1dab377f6785,CenturyLink St Louis,telecommunications_company,"['professional_services', 'fashion_accessories_store']",c88fb4e1-13bd-48c7-85ee-ef63fcbf07bb,,,,st-louis,MO,St Louis,63132.0,1033 Corporate Square Dr,38.675991,-90.401978,meta,2025-06-02T07:00:00.000Z,0.3961437335670464,OpenStreetMap,2023-06-27T23:03:50.000Z,,False
64c59561-baed-4fe2-82d3-22028a50a617,Lumen Touch,software_development,"['it_service_and_computer_repair', 'education']",1b576ec1-ffd1-41c0-af55-f56ccb9d6da6,,,,kansas-city,MO,Kansas City,64153.0,10502 N Ambassador Dr,39.2824967,-94.6720085,meta,2025-06-02T07:00:00.000Z,0.9784508333782836,OpenStreetMap,2020-09-03T20:33:05.000Z,,False
74991841-108c-4422-9f0a-58f7e3d17610,Lumen Patent Firm,lawyer,,05a03901-24e1-458b-98f0-e0c5a680f996,,,,san-jose,CA,Palo Alto,94306.0,438 Cambridge Ave,37.4268,-122.14609,meta,2025-06-02T07:00:00.000Z,0.242152466367713,OpenStreetMap,2015-11-19T15:32:13.000Z,,False
e4859a5e-a6fd-43be-86b1-b4439eff2c53,Lumen Learning Center,tutoring_center,"['college_university', 'education']",25b36f18-6c74-4d66-9ffb-97d483282341,Clearwater Office Building,,,san-jose,CA,Sunnyvale,94086.0,1021 S Wolfe Rd,37.3551983,-122.0147326,meta,2025-06-02T07:00:00.000Z,0.9784508333782836,OpenStreetMap,2014-05-10T17:43:50.000Z,,False
d3b8efe6-2198-4bc1-a572-67454c11da17,99 Lumen Photography,professional_services,['event_photography'],51b40d8a-1cbf-4133-9c88-82f952de8dd2,,,,san-jose,CA,Sunnyvale,94089.0,205 W Weddell Dr,37.3986181,-122.0241469,meta,2025-06-02T07:00:00.000Z,0.8831168831168831,OpenStreetMap,2016-01-18T21:17:09.000Z,,False
dbb36483-fa98-4ba1-9d15-29feaae398a7,Lumen Patent Firm,ip_and_internet_law,"['lawyer', 'advertising_agency']",21e0d341-b900-42d1-8326-a294c04d3c06,Holiday Cleaners,,,san-jose,CA,Palo Alto,94301.0,555 Bryant St,37.44544,-122.16031,meta,2025-06-02T07:00:00.000Z,0.909823677581864,OpenStreetMap,2022-07-27T07:36:31.000Z,,False
dbb36483-fa98-4ba1-9d15-29feaae398a7,Lumen Patent Firm,ip_and_internet_law,"['lawyer', 'advertising_agency']",fe271552-8abe-46a9-bc15-ff3b2f5bf5e1,Bella Beauty Salon,,,san-jose,CA,Palo Alto,94301.0,555 Bryant St,37.44544,-122.16031,meta,2025-06-02T07:00:00.000Z,0.909823677581864,OpenStreetMap,2022-07-27T07:36:31.000Z,,False
dbb36483-fa98-4ba1-9d15-29feaae398a7,Lumen Patent Firm,ip_and_internet_law,"['lawyer', 'advertising_agency']",f271df51-29c0-4622-b8ef-7b137343f13d,Zola,commercial,,san-jose,CA,Palo Alto,94301.0,555 Bryant St,37.44544,-122.16031,meta,2025-06-02T07:00:00.000Z,0.909823677581864,OpenStreetMap,2022-07-27T07:36:31.000Z,,False
dbb36483-fa98-4ba1-9d15-29feaae398a7,Lumen Patent Firm,ip_and_internet_law,"['lawyer', 'advertising_agency']",5ab1c88d-9a03-4904-814d-443339d6a8b5,,,,san-jose,CA,Palo Alto,94301.0,555 Bryant St,37.44544,-122.16031,meta,2025-06-02T07:00:00.000Z,0.909823677581864,OpenStreetMap,2022-07-27T07:36:31.000Z,,False
af048adb-b14c-4eba-babb-03f819f95577,Lumen Optometric Center,optometrist,['professional_services'],,,,,san-jose,CA,San Jose,95133.0,1599 Berryessa Rd,37.3712444,-121.8771337,meta,2025-06-02T07:00:00.000Z,0.9879256218304756,,,,False
5d206903-f5c8-4150-9643-8a5e0091bd46,Lumen Christi Catholic School,school,"['library', 'pub']",3d41ee49-f9f9-4338-96c6-d18387de4b6a,,,,milwaukee,WI,Thiensville,53092.0,116 N Orchard St,43.2311463,-87.9874309,meta,2025-06-02T07:00:00.000Z,0.3961437335670464,OpenStreetMap,2023-11-23T03:48:47.000Z,,False
2397342e-fe36-4678-9d27-f6058a94a5cc,Lumen Christi Catholic School,religious_school,"['school', 'elementary_school']",1bc9e124-51c7-4768-bf6e-43f7969b9700,Lumen Christi Catholic Church,religious,,milwaukee,WI,Mequon,53092.0,11300 N St James Ln,43.2219467,-87.9446456,meta,2025-06-02T07:00:00.000Z,0.9784508333782836,OpenStreetMap,2023-07-24T07:38:49.000Z,,False
7622e039-5b28-406c-94c9-23a34b25cd07,Centurylink,professional_services,['event_planning'],a63ef8b0-f0d7-4040-8320-1c960b3d0bec,,,,orlando,FL,Altamonte Springs,32714.0,916 Sand Lake Rd,28.679782,-81.419404,meta,2025-06-02T07:00:00.000Z,0.296943231441048,OpenStreetMap,2021-03-21T19:42:27.000Z,,True
b73611d5-d5e7-4f0f-9380-3a18ec82f3b0,Lumen Pilates,pilates_studio,"['gym', 'active_life']",cea22b69-d533-4f4b-bb72-840aebe62a6d,Hickory Square shopping center,commercial,retail,new-york,NJ,Chatham,7928.0,641 Shunpike Rd,40.7454136,-74.4311865,meta,2025-06-02T07:00:00.000Z,0.9784508333782836,OpenStreetMap,2021-11-08T21:46:50.000Z,,False
410b6361-4e10-4d98-b5c7-4484a51ecd93,Lumen Pilates,pilates_studio,"['gym', 'active_life']",f663f42b-cc2b-4ae5-8dd1-92794ee583ed,,commercial,retail,new-york,NY,New York,11235.0,1424 Sheepshead Bay Rd,40.5873721,-73.9544194,meta,2025-06-02T07:00:00.000Z,0.9784508333782836,OpenStreetMap,2021-11-16T20:38:32.000Z,,False
58a2f614-bd07-4df0-b154-4f2d00e06526,Lumen Architecture,professional_services,['architectural_designer'],e96c3f30-6d86-4fc1-8ed1-90b1462b87f4,,,,new-york,NY,New York,10003.0,108 E 16th St,40.7355774,-73.9887344,meta,2025-06-02T07:00:00.000Z,0.9204819277108434,OpenStreetMap,2014-01-30T06:30:58.000Z,,False
58a2f614-bd07-4df0-b154-4f2d00e06526,Lumen Architecture,professional_services,['architectural_designer'],ccec75ef-b51a-4ab3-adca-674c001823c6,,,,new-york,NY,New York,10003.0,108 E 16th St,40.7355774,-73.9887344,meta,2025-06-02T07:00:00.000Z,0.9204819277108434,OpenStreetMap,2013-12-03T02:32:39.000Z,,False
243a6b54-cc6e-4eba-8913-4e37ecf14705,Lumen Gallery,art_gallery,"['arts_and_entertainment', 'art_museum']",762385de-4dcc-4791-9d90-130c211b47f3,,,,new-york,NY,New York,10022.0,221 E 60th St,40.761975,-73.965011,meta,2025-06-02T07:00:00.000Z,0.296943231441048,OpenStreetMap,2014-03-14T22:35:42.000Z,,False
243a6b54-cc6e-4eba-8913-4e37ecf14705,Lumen Gallery,art_gallery,"['arts_and_entertainment', 'art_museum']",76d6840c-7275-442a-9427-2a4097c21fec,,,,new-york,NY,New York,10022.0,221 E 60th St,40.761975,-73.965011,meta,2025-06-02T07:00:00.000Z,0.296943231441048,OpenStreetMap,2014-03-14T22:35:42.000Z,,False
2ae58a89-6812-46d2-b487-f1ccfefc7d41,Lumen Window and Door Systems,contractor,['windows_installation'],935ea4a6-bc0d-46ab-aad1-3950786ad273,,,,new-york,AZ,Peoria,85345.0,9299 W Olive Ave,40.7602068,-73.549474,meta,2025-06-02T07:00:00.000Z,0.9297091412742382,OpenStreetMap,2018-03-02T03:25:13.000Z,,False
6086bc8a-8317-4145-8826-5acfb44d9f88,Lumen Gentium Academy,high_school,"['catholic_church', 'elementary_school']",,,,,new-york,NJ,Boonton,7005.0,513 Birch St,40.9064611,-74.4099546,meta,2025-06-02T07:00:00.000Z,0.9784508333782836,,,,False
762591d7-b101-4e77-a04d-12ddea6716a3,CenturyLink,professional_services,"['internet_service_provider', 'real_estate']",b7264d18-64ea-4b8a-89cd-e84e292e37f6,One Capital Center,commercial,office,boise-city,ID,Boise,83702.0,999 W Main St,43.6163887,-116.2058319,meta,2025-06-02T07:00:00.000Z,0.4929396662387676,OpenStreetMap,2024-04-03T03:11:05.000Z,,True
81e434e0-ba68-49c8-afb3-933fc13da1d5,Lumen Creative,graphic_designer,"['web_designer', 'marketing_agency']",0e1bf978-ae54-45d8-bb5b-73dc613601de,Wells Fargo Center,commercial,office,boise-city,ID,Boise,83702.0,877 W Main St,43.6159194,-116.2045089,meta,2025-06-02T07:00:00.000Z,0.909823677581864,OpenStreetMap,2021-05-15T18:53:15.000Z,,False
0958fb1b-787e-442b-8921-eb9cff97ec07,Lumen Industries Corp,lighting_store,"['appliance_manufacturer', 'building_supply_store']",737f0195-69be-4d65-b1bd-db22d6364a79,,,,cape-coral,FL,Cape Coral,33904.0,3048 Del Prado Blvd,26.5952078,-81.9419985,meta,2025-06-02T07:00:00.000Z,0.9415384615384615,OpenStreetMap,2016-01-02T17:50:17.000Z,,False
b1e2193e-0a4f-4df7-ae1e-51dc4cecd364,CenturyLink Sports Complex,stadium_arena,"['active_life', 'football_stadium']",9ec6f69f-f0e0-4ea2-a866-c0d8b466e6bb,,,,cape-coral,FL,Fort Myers,33912.0,14100 Ben C Pratt/6 Mile Cypress Pkwy,26.5374811,-81.842315,meta,2025-06-02T07:00:00.000Z,0.9415384615384615,OpenStreetMap,2019-05-24T13:44:23.000Z,,False
b165993b-ffaf-4adc-895f-0bedd9d2b694,Centurylink,telecommunications_company,"['professional_services', 'internet_service_provider']",fd90c0f1-015b-45e3-8cd5-f329fb7286ac,,,,cape-coral,FL,Fort Myers,33912.0,5100 Daniels Pkwy,26.5457379,-81.8683692,meta,2025-06-02T07:00:00.000Z,0.296943231441048,OpenStreetMap,2021-02-08T20:28:50.000Z,,False
8512f5ac-afe8-4f74-9ec3-eec0b0601f78,Centurylink,financial_advising,"['information_technology_company', 'investing']",22e5cf8a-d17e-49ea-a78a-884b31b9406f,,commercial,commercial,cape-coral,FL,Fort Myers,33901.0,1520 Lee St,26.644485,-81.86799,meta,2025-06-02T07:00:00.000Z,0.3961437335670464,OpenStreetMap,2021-05-06T04:45:24.000Z,,True
8512f5ac-afe8-4f74-9ec3-eec0b0601f78,Centurylink,financial_advising,"['information_technology_company', 'investing']",afe665ba-9ef7-49c2-91e3-d68f45fb8562,CenturyLink,,,cape-coral,FL,Fort Myers,33901.0,1520 Lee St,26.644485,-81.86799,meta,2025-06-02T07:00:00.000Z,0.3961437335670464,OpenStreetMap,2020-08-01T22:29:56.000Z,,True
d373e432-644e-4fb0-82a9-d2fe479bdac5,Lumen Lamps,lighting_store,"['home_goods_store', 'furniture_store']",0dd1c31d-15a5-443a-baa2-a79e85373f20,,,,nashville-davidson,TN,Nashville,37209.0,280 White Bridge Pike,36.1436059,-86.8575274,meta,2025-06-02T07:00:00.000Z,0.9784508333782836,OpenStreetMap,2020-09-28T18:05:52.000Z,,False
5e4adebb-09ef-4ecf-9271-c8eeb9dd3ed6,CenturyLink,telecommunications_company,"['internet_service_provider', 'professional_services']",d5797018-301c-4e41-83e4-efe04b475275,,,,minneapolis,MN,Minneapolis,55423.0,301 W 65th St,44.884261,-93.283838,meta,2025-06-02T07:00:00.000Z,0.242152466367713,OpenStreetMap,2020-02-12T05:33:17.000Z,,False
fd0ca78f-a995-4e31-aaf6-37e045180ff8,CenturyLink,architecture,,ea16e933-c71c-4855-b0e0-53d04303b658,McKnight Building,commercial,retail,minneapolis,MN,Minneapolis,55402.0,200 S 5th St,44.977662,-93.267655,Microsoft,2017-08-08T17:01:06.290Z,0.77,OpenStreetMap,2025-03-01T21:41:28.000Z,,False
1834f743-ac77-4fd3-b760-76d62c020a4a,Lumen Christi Catholic Community,catholic_church,"['church_cathedral', 'religious_organization']",3ebe1d73-e681-416b-9353-3fc6a338f5c6,Lumen Christi Catholic Community,religious,,minneapolis,MN,St Paul,55116.0,2055 Bohland Ave,44.91653,-93.1864295,meta,2025-06-02T07:00:00.000Z,0.9784508333782836,OpenStreetMap,2022-06-28T00:00:01.000Z,,False
a03e1610-546d-4878-8a89-423e740c19df,CenturyLink,telecommunications_company,"['real_estate', 'internet_service_provider']",3f7eb326-eef2-42b6-b41d-bcd2b81de053,CenturyLink,,,minneapolis,MN,St Paul,55102.0,70 4th St W,44.9437855,-93.0959871,meta,2025-06-02T07:00:00.000Z,0.4929396662387676,OpenStreetMap,2016-05-27T04:00:25.000Z,,False
07fcc158-c9b1-4ed8-9a71-67ebd63ca44f,CenturyLink,electronics,"['business_consulting', 'retail']",5172b0e2-fc2b-42d1-82be-d4b7c8f0a751,,commercial,retail,minneapolis,MN,Woodbury,55125.0,1605 Queens Dr Ste 104,44.9256229,-92.9581215,Microsoft,2017-07-18T21:42:08.203Z,0.77,OpenStreetMap,2021-06-13T22:14:11.000Z,,False
07fcc158-c9b1-4ed8-9a71-67ebd63ca44f,CenturyLink,electronics,"['business_consulting', 'retail']",2ca28b3f-f75d-495a-b04f-8c90b1a47d58,,commercial,retail,minneapolis,MN,Woodbury,55125.0,1605 Queens Dr Ste 104,44.9256229,-92.9581215,Microsoft,2017-07-18T21:42:08.203Z,0.77,OpenStreetMap,2021-06-13T22:14:11.000Z,,False
2fb41ab0-df41-42bd-aac7-c1348a27e34f,Centurylink,telecommunications_company,"['mass_media', 'television_service_providers']",068f7213-05a1-4cb0-85ae-a16aa299dc6e,CenturyLink,commercial,commercial,minneapolis,MN,Maple Grove,55369.0,9520 Zachary Ln N,45.1275,-93.42118,meta,2025-06-02T07:00:00.000Z,0.242152466367713,OpenStreetMap,2019-12-27T15:45:47.000Z,,False
af9e00fe-968f-451d-be03-b6e3a0873ea8,CenturyLink,electronics,['retail'],d261b6f2-508b-421a-8e6e-8a09b12a0858,,,,minneapolis,MN,Roseville,55113.0,1629 County Road C W,45.023261,-93.170596,Microsoft,2017-07-18T21:42:08.203Z,0.77,OpenStreetMap,2025-05-06T12:47:52.000Z,,False
bc0d4033-8e62-4da6-8721-4a66a80b862c,CenturyLink,parking,"['shopping', 'office_equipment']",273eb324-d3d4-4bc9-a794-0c25837d4c5d,,commercial,commercial,minneapolis,MN,St Paul,55112.0,100 9th Ave SW,45.04816,-93.2002,meta,2025-06-02T07:00:00.000Z,0.3961437335670464,OpenStreetMap,2023-10-08T16:01:48.000Z,,False
a6a5e8d5-41f6-4e4b-ba8e-f046ac7ac02f,Lumen Entertainment,arts_and_entertainment,"['broadcasting_media_production', 'dance_club']",3ed12ba7-a63f-44fa-a669-2e4e81c78811,,,,jacksonville-florida,FL,Jacksonville,32202.0,231 N Laura St,30.3287082,-81.6586118,meta,2025-06-02T07:00:00.000Z,0.9297091412742382,OpenStreetMap,2019-12-27T21:30:23.000Z,,False
2217ec85-6c21-4dcd-b1b3-19ef1f68dd46,LUMEN West Los Angeles,real_estate,,aa60bb85-00d6-4827-a6c5-e12153931956,,commercial,commercial,los-angeles,CA,Los Angeles,90064.0,11355 W Olympic Blvd,34.0380529,-118.4433292,meta,2025-06-02T07:00:00.000Z,0.5662921348314607,OpenStreetMap,2023-10-03T16:58:55.000Z,,False
2217ec85-6c21-4dcd-b1b3-19ef1f68dd46,LUMEN West Los Angeles,real_estate,,633de243-b238-4e19-af57-1c0d5eff5fb8,Lumen,commercial,commercial,los-angeles,CA,Los Angeles,90064.0,11355 W Olympic Blvd,34.0380529,-118.4433292,meta,2025-06-02T07:00:00.000Z,0.5662921348314607,OpenStreetMap,2024-01-28T22:40:32.000Z,,False
93acfe07-8961-4482-a86b-6bc4009bdfee,Lumen Wealth Group,financial_advising,"['investing', 'financial_service']",748095c9-6455-4bca-a8c1-1d4233fd98d8,One Culver,commercial,commercial,los-angeles,CA,Culver City,90232.0,10000 W Washington Blvd,34.020489,-118.3976882,meta,2025-06-02T07:00:00.000Z,0.9300613496932516,OpenStreetMap,2022-08-09T21:52:29.000Z,,False
c8eb5357-4cec-4f74-9364-9e444c7a28e7,Lumen Coffee,coffee_shop,"['cafe', 'smoothie_juice_bar']",09352e9c-9dda-4021-a49e-0f826dce107c,,commercial,commercial,los-angeles,CA,Los Angeles,90042.0,5025 N Figueroa St,34.1055914,-118.2013539,meta,2025-06-02T07:00:00.000Z,0.9784508333782836,OpenStreetMap,2016-06-24T07:32:27.000Z,,False
8da2b664-e31e-48c5-bc98-16c0e836f52c,Lumen Solutions Inc.,real_estate_agent,,1305f4bf-aaa7-4c7a-9b22-9b13622da363,,,,los-angeles,CA,Santa Ana,92706.0,1419 Freeman St,33.75739,-117.87895,meta,2025-06-02T07:00:00.000Z,0.2456896551724137,OpenStreetMap,2022-07-14T18:31:23.000Z,,False
99f38f11-67b7-4378-8d1c-315f784ca243,Lumen Distribution,lighting_store,"['wholesale_store', 'advertising_agency']",06ce64ed-f58d-4294-91cb-c2268b08d2d6,,residential,residential,los-angeles,CA,Anaheim,92805.0,1876 S Westside Dr,33.8006731,-117.8937214,meta,2025-06-02T07:00:00.000Z,0.8860580325548478,OpenStreetMap,2023-09-09T07:02:49.000Z,,False
becfd45c-8410-4534-86e0-b0c80a8080ba,Lumen Spa,spas,"['beauty_and_spa', 'beauty_salon']",09cae291-55e1-4682-a82f-7292295fcbbe,,commercial,commercial,los-angeles,CA,Claremont,91711.0,267 W Bonita Ave,34.0967021,-117.7174329,meta,2025-06-02T07:00:00.000Z,0.9784508333782836,OpenStreetMap,2017-01-30T20:45:57.000Z,,False
77f6f772-8f0a-4421-a660-af1652b7b7c1,Lumen Optometric,optometrist,['eyewear_and_optician'],cdc4cabc-c0d0-45e4-8e09-8180c2d5ab7b,,commercial,retail,los-angeles,CA,Sierra Madre,91024.0,14 W Sierra Madre Blvd,34.1617717,-118.0531392,meta,2025-06-02T07:00:00.000Z,0.9879256218304756,OpenStreetMap,2017-02-01T12:25:23.000Z,,False
77f6f772-8f0a-4421-a660-af1652b7b7c1,Lumen Optometric,optometrist,['eyewear_and_optician'],986df4f7-4191-41e0-a3fd-2f06a7c761a5,,commercial,retail,los-angeles,CA,Sierra Madre,91024.0,14 W Sierra Madre Blvd,34.1617717,-118.0531392,meta,2025-06-02T07:00:00.000Z,0.9879256218304756,OpenStreetMap,2023-04-14T16:19:28.000Z,,False
0a7650a4-4b7c-4414-9ac2-7424e20bd994,The Lumen Room,event_photography,['professional_services'],8473ac67-2b03-472a-8558-a224bd80acab,,residential,apartments,fort-worth,TX,Fort Worth,76104.0,1124 Galveston Ave,32.7321289,-97.3273775,meta,2025-06-02T07:00:00.000Z,0.9784508333782836,OpenStreetMap,2018-07-07T18:47:41.000Z,,False
1ae214d8-5a9d-410d-8b88-530d81fd1744,CenturyLink,internet_service_provider,"['mobile_phone_store', 'telecommunications_company']",1adc35e0-d086-4393-aad8-ce3664db6a97,,,,albany,NY,Colonie,12205.0,10 Airline Dr,42.7355933,-73.8185767,meta,2025-06-02T07:00:00.000Z,0.909823677581864,OpenStreetMap,2025-03-20T00:16:43.000Z,,False
f5fb7f5c-f8da-4d8d-99ee-6fdc7f63cdf8,Lumen Apartments,landmark_and_historical_building,"['real_estate', 'accommodation']",aed05ca7-43da-4e1e-8fe2-996bf6032036,,residential,apartments,albuquerque,,,87123.0,,35.06372,-106.5293844,meta,2025-06-02T07:00:00.000Z,0.9459263554653524,OpenStreetMap,2015-04-29T04:04:00.000Z,,False
36ace3b9-5a1a-4ef3-adbd-c354908c65e8,LUMEN Optimal Wellness,spas,"['gym', 'naturopathic_holistic']",,,,,albuquerque,NM,Albuquerque,87106.0,2931 Monte Vista Blvd NE,35.0816074,-106.6125342,meta,2025-06-02T07:00:00.000Z,0.9784508333782836,,,,False
3b8896aa-3e37-436a-b5af-c62686654e2d,CenturyLink Store,telecommunications_company,"['professional_services', 'internet_service_provider']",c6357602-7942-4686-bf92-0491a6dd83a9,,commercial,commercial,albuquerque,NM,Albuquerque,87109.0,4411 San Mateo Blvd NE,35.1320884,-106.5871017,meta,2025-06-02T07:00:00.000Z,0.3376623376623376,OpenStreetMap,2024-08-28T05:16:24.000Z,,False
0ee315e7-ef14-448e-9761-e6f7d754f089,Lumen Solutions Inc,employment_agencies,,,,,,washington-dc,VA,Centreville,20120.0,5845 Belcher Farm Dr,38.8474731445313,-77.455810546875,Microsoft,2024-08-30T16:20:11.967Z,0.77,,,,False
3404e35f-c7f9-41dd-a62b-9209a6ca2a2a,CenturyLink Data Centers,professional_services,,358209c1-ca98-4fce-8a59-25414b3eccc7,,,,washington-dc,VA,Sterling,20166.0,22860 International Dr,38.98364,-77.42409,meta,2025-06-02T07:00:00.000Z,0.4929396662387676,OpenStreetMap,2021-09-13T14:00:29.000Z,,False
22480bca-e5ac-4641-8a4a-52d71f15269e,Lumen Apartments,apartments,,,,,,washington-dc,VA,Tysons,22182.0,1747 Tysons Central St.,38.9222032138737,-77.2526525217967,Microsoft,2018-12-17T17:53:34.687Z,0.77,,,,False
dd92c2a9-6c59-4044-aad0-6606d94e075f,Lumen Apartment Homes,landmark_and_historical_building,"['real_estate', 'property_management']",,,,,washington-dc,VA,Vienna,22182.0,1747 Tysons Central St,38.9205519,-77.2319817,meta,2025-06-02T07:00:00.000Z,0.9879256218304756,,,,False
ebf4b9be-242f-4ebb-94a5-33d250ec5be5,Lumen Salon,hair_salon,"['beauty_salon', 'beauty_and_spa']",23c2a89d-d725-4c19-8b7c-5b3c49417a20,,residential,house,washington-dc,DC,Washington,20007.0,1502 Wisconsin Ave NW,38.908989,-77.0642502,meta,2025-06-02T07:00:00.000Z,0.9784508333782836,OpenStreetMap,2023-11-13T11:53:25.000Z,,False
6e272c6a-49df-46da-9bd7-1b6f8b7fd726,Lumen Catechetical Consultants,religious_organization,"['educational_services', 'education']",,,,,washington-dc,MD,Silver Spring,20902.0,10018 Woodland Dr,39.0211381,-77.0435951,meta,2025-06-02T07:00:00.000Z,0.242152466367713,,,,False
e7b382dd-7040-470b-94d9-ef223314cc1a,Smart Lumen,contractor,"['electrician', 'solar_installation']",5c237c87-2064-40d5-883a-e55c363a8ad6,,commercial,commercial,washington-dc,MD,Gaithersburg,20877.0,16843 Oakmont Ave,39.132431,-77.1749935,meta,2025-06-02T07:00:00.000Z,0.8540983606557377,OpenStreetMap,2024-12-14T19:14:31.000Z,,False
67a9f642-efce-4d5b-8daa-cb3eaa439bbb,Lumen Christi Catholic School,religious_school,"['high_school', 'elementary_school']",fd86f082-619a-4f50-b777-a8566d6e1ff9,,education,school,indianapolis,IN,Indianapolis,46203.0,580 Stevens St,39.7580184,-86.1481132,meta,2025-06-02T07:00:00.000Z,0.9784508333782836,OpenStreetMap,2021-09-03T22:58:35.000Z,,False
