id_left,primary_name_left,primary_category,alternate_category,region,locality,zipcode,address,latitude,longitude,plc_source_dataset,plc_source_update_time,plc_source_confidence,id_right,primary_name_right,subtype,class,bldg_dataset,bldg_update_time,bldg_confidence,source_city,is_office_by_pipeline
d09de340-10cf-480f-a57e-a54276f7c585,Sky NRG Solar,energy_equipment_and_solution,"['solar_installation', 'contractor']",VA,Reston,20191.0,12020 Sunrise Valley Dr,38.9489024,-77.3633341,meta,2025-06-02T07:00:00.000Z,0.9297091412742382,89d5cc3d-5ab4-4a15-aa02-a59664d4e391,,commercial,office,OpenStreetMap,2023-01-21T18:51:04.000Z,,washington-dc,False
b53a05cf-8246-4b73-b049-1882ce48dcb3,NRG Provisions,bar,"['american_restaurant', 'restaurant']",VA,Alexandria,20003.0,2000 Mount Vernon Avenue,38.8832,-76.99524,meta,2025-06-02T07:00:00.000Z,0.3961437335670464,0e3973d0-a1dd-441c-858c-1948f829954d,,residential,house,OpenStreetMap,2023-11-09T23:51:43.000Z,,washington-dc,False
b53a05cf-8246-4b73-b049-1882ce48dcb3,NRG Provisions,bar,"['american_restaurant', 'restaurant']",VA,Alexandria,20003.0,2000 Mount Vernon Avenue,38.8832,-76.99524,meta,2025-06-02T07:00:00.000Z,0.3961437335670464,65a164d8-f916-4199-9fb0-fcccb0db8b20,,residential,house,OpenStreetMap,2023-11-09T23:51:43.000Z,,washington-dc,False
b53a05cf-8246-4b73-b049-1882ce48dcb3,NRG Provisions,bar,"['american_restaurant', 'restaurant']",VA,Alexandria,20003.0,2000 Mount Vernon Avenue,38.8832,-76.99524,meta,2025-06-02T07:00:00.000Z,0.3961437335670464,5a9153b8-7b70-449a-8b3f-dc52468b9ddd,,residential,house,OpenStreetMap,2023-11-09T23:51:43.000Z,,washington-dc,False
2c60c16c-eaa8-46b7-bd73-bdbc712d0f69,Nrg Lfyt Dispensary,cannabis_clinic,,NM,Sunland Park,88063.0,875 McNutt Rd,31.7956647,-106.5544239,meta,2025-06-02T07:00:00.000Z,0.909823677581864,c9464476-9afb-4fe2-9b90-c4b1936f4b9d,,,,Google Open Buildings,2023-05-01T00:00:00.000Z,0.8496,el-paso,False
1fb412f4-08ed-4242-8b4a-73723db0c810,Moises Nungaray NRG Real Estate Group,real_estate_agent,"['real_estate', 'hotel']",TX,El Paso,79938.0,12040 Tierra Este Rd,31.7757369,-106.2515949,meta,2025-06-02T07:00:00.000Z,0.9297091412742382,,,,,,,,el-paso,False
3e53c6d9-84c3-457f-9b74-8423fa9cb0cf,NrG Studios By Skrog,web_designer,"['screen_printing_t_shirt_printing', 'sign_making']",FL,Lakeland,33811.0,3634 Old Tampa Hwy,28.0295371,-82.0202577,meta,2025-06-02T07:00:00.000Z,0.909823677581864,,,,,,,,lakeland,False
33ae27fc-37c0-4131-a89e-3813e151e858,NRG Life Juice Bar,smoothie_juice_bar,['bar'],GA,Riverdale,30296.0,1252 GA-138 SW,33.5500989,-84.430868,meta,2025-06-02T07:00:00.000Z,0.9784508333782836,e7281754-8cf8-42d6-82d4-05afd920ed32,,,,OpenStreetMap,2021-07-25T06:51:57.000Z,,atlanta,False
2d532408-72c9-44a1-b39c-43af5b3d7a0e,NRG Hair Studio,beauty_salon,"['beauty_and_spa', 'hair_salon']",GA,Douglasville,30135.0,2078 Fairburn Rd,33.7496266,-84.7070634,meta,2025-06-02T07:00:00.000Z,0.9784508333782836,,,,,,,,atlanta,False
4d397a8e-d879-4167-a0d9-88b0c0a5aa91,NRG Personal Training Studio,boot_camp,"['gym', 'active_life']",GA,Atlanta,30342.0,4969 Roswell Rd Ste 115,33.890531,-84.381283,Microsoft,2013-01-28T00:01:09.140Z,0.77,,,,,,,,atlanta,False
fb29a7dc-09bf-4587-b731-7ad9633a895c,NRG Nguyen Realty Group,real_estate_agent,"['property_management', 'real_estate']",GA,Brookhaven,30319.0,804 Town Blvd,33.8708235,-84.3369015,meta,2025-06-02T07:00:00.000Z,0.8384615384615385,ab8fea70-34fa-4ade-a8c0-7273906bf78e,,,,OpenStreetMap,2019-10-20T18:22:11.000Z,,atlanta,False
043a61ef-9590-4b7f-9c41-f1c37bd55029,Revolution NRG Wellness,chiropractor,"['naturopathic_holistic', 'hospital']",GA,Roswell,30076.0,760 Old Roswell Rd,34.035164,-84.3390972,meta,2025-06-02T07:00:00.000Z,0.9459263554653524,682ce7f0-2b85-4f43-98b8-2d18baff61a8,Roswell Office Suites,,,OpenStreetMap,2023-04-08T17:32:46.000Z,,atlanta,False
0cbcb108-733f-4874-80ad-cbcedd2bcbde,SEPTA BSL NRG Station,transportation,['train_station'],PA,Philadelphia,19148.0,3600 S Broad St,39.9053149,-75.1731924,meta,2025-06-02T07:00:00.000Z,0.5662921348314607,,,,,,,,philadelphia,False
b2bb854e-ee69-4b28-aa66-4cb58050200c,NRG Abstract,real_estate,,PA,Newtown,18940.0,17 Blacksmith Rd,40.22196,-74.9155,meta,2025-06-02T07:00:00.000Z,0.242152466367713,7fdfc9a4-49ce-4ec4-a00f-94cab93c2b06,,,,OpenStreetMap,2016-04-25T14:53:43.000Z,,philadelphia,False
ae45d594-8c87-41a7-923b-996d65e15434,Edward Nuñez Realtor | NRG Real Estate Services,real_estate_agent,"['real_estate_service', 'real_estate']",MA,Longmeadow,1106.0,813 Williams St,42.0553033,-72.5545137,meta,2025-06-02T07:00:00.000Z,0.8831168831168831,b22820ac-ae6c-4123-9554-d4be9d2a2776,,,,OpenStreetMap,2023-12-16T01:28:19.000Z,,springfield-massachusett-connecticut,False
f29a28a8-1e39-477a-a8d8-cf3af4284748,"NRG Real Estate Services, Inc",real_estate_agent,"['real_estate', 'commercial_real_estate']",MA,Longmeadow,1106.0,813 Williams St,42.0554814,-72.5544896,meta,2025-06-02T07:00:00.000Z,0.9415384615384615,b22820ac-ae6c-4123-9554-d4be9d2a2776,,,,OpenStreetMap,2023-12-16T01:28:19.000Z,,springfield-massachusett-connecticut,False
bfb79255-5e42-4b74-97e4-7b23f8b47bff,American NRG Electric,electrician,,CA,Ventura,93003.0,3172 Bunsen Ave,34.24391,-119.20889,meta,2025-06-02T07:00:00.000Z,0.3313953488372093,a3bb0910-ebb8-4369-9030-f4e10e042b94,,,,OpenStreetMap,2023-01-28T08:04:48.000Z,,oxnard,False
87cf3ce5-49a6-4f85-91ec-7941f12a9f85,Titan NRG,transportation,"['railroad_freight', 'rental_service']",AZ,Tucson,85705.0,4255 N Sullinger Ave,32.2842113,-111.0184949,meta,2025-06-02T07:00:00.000Z,0.9415384615384615,73b489d4-1733-42bb-83d8-87e735d5cd27,,,,Microsoft ML Buildings,2018-05-01T00:00:00.000Z,,tucson,False
ba5b1c8a-1c5a-4201-8e1b-8b24e8048b45,Latin NRG Fitness Studio,dance_school,"['sports_club_and_league', 'topic_concert_venue']",TX,Pharr,78577.0,907 W Ferguson Ave,26.2130972,-98.1935686,meta,2025-06-02T07:00:00.000Z,0.3961437335670464,7719597a-b2b7-463e-a4f0-15a8b1e94642,,,,OpenStreetMap,2020-07-04T14:54:17.000Z,,mcallen,False
862eac1c-7b86-4f18-8570-b1ef28ac25b9,NRG Companies,construction_services,"['electrician', 'engineering_services']",CA,Corona,92878.0,125 Business Center Dr,33.8828708,-117.5987853,meta,2025-06-02T07:00:00.000Z,0.8860580325548478,564917fd-83c8-45c3-ad9f-bfd6908f7fba,,,,OpenStreetMap,2024-01-01T16:38:06.000Z,,riverside-san-bernardino,False
d6af4c1c-be12-4488-b273-f93fe5ac32dd,C NRG Fleet,gas_station,['convenience_store'],TX,Arlington,76011.0,3100 Dalworth St,32.744355,-97.051803,meta,2025-06-02T07:00:00.000Z,0.5662921348314607,9d9bbb09-6da3-4ddb-869f-94b30c706e17,,,,Microsoft ML Buildings,2020-12-10T00:00:00.000Z,0.9140999913215636,dallas,False
8c9957d9-5226-45c2-8a61-19a134f6306f,C NRG Fleet,gas_station,['convenience_store'],TX,Dallas,75212.0,1920 N Westmoreland Rd,32.7695632,-96.8734842,meta,2025-06-02T07:00:00.000Z,0.5662921348314607,4df3897c-1402-4777-83c1-41f06b330091,,outbuilding,roof,OpenStreetMap,2023-08-18T00:53:43.000Z,,dallas,False
cdd9e57b-91e9-46cd-b301-7f09b2b57d0d,Nrg Fleet,gas_station,['convenience_store'],TX,Dallas,75247.0,121 Regal Row,32.8118372,-96.9007069,meta,2025-06-02T07:00:00.000Z,0.9459263554653524,519efc67-14f9-464a-bf18-b16f60ba9bb3,,,,OpenStreetMap,2017-01-10T22:09:09.000Z,,dallas,False
88666c3d-e9e1-40a0-8ef3-ed457402147f,Vertex NRG,solar_installation,"['energy_equipment_and_solution', 'professional_services']",TX,Dallas,75226.0,2550 Pacific Ave,32.784758,-96.7881268,meta,2025-06-02T07:00:00.000Z,0.8831168831168831,7cbf081c-a2eb-4616-b524-a94f373f617b,The Epic I,commercial,office,OpenStreetMap,2022-03-25T21:00:52.000Z,,dallas,False
ee9226e7-3bd5-4886-ac25-5d872c3742fb,NRG Realty Group,commercial_real_estate,"['energy_company', 'commercial_industrial']",TX,Irving,75038.0,6191 N State Highway 161,32.8927356,-96.9792429,meta,2025-06-02T07:00:00.000Z,0.8860580325548478,88f74bad-78d6-4f3b-ace9-192b4bab350a,,commercial,office,OpenStreetMap,2018-11-12T19:21:38.000Z,,dallas,False
20e3325d-a4ac-483f-8c95-e487fea8ed9c,NRG Savers Construction,contractor,"['roofing', 'construction_services']",TX,Mesquite,75150.0,15330 Lyndon B Johnson Fwy,32.8442344,-96.6335886,meta,2025-06-02T07:00:00.000Z,0.8540983606557377,da7574d4-9783-4f37-9e1c-a3c76a5355e5,,,,OpenStreetMap,2018-11-15T22:09:47.000Z,,dallas,False
09c651f4-8bb2-4270-ae8f-8e96d79b2b5d,NRG Media Omaha,broadcasting_media_production,"['radio_station', 'professional_services']",NE,Omaha,68132.0,5011 Capitol Ave,41.2602021,-95.9914199,meta,2025-06-02T07:00:00.000Z,0.9784508333782836,e7262728-74bf-4497-80b4-f1eede5a8c3d,NRG Media,commercial,office,OpenStreetMap,2024-06-08T18:15:12.000Z,,omaha,False
ac7fd289-c063-4bd7-a643-7dd8b34cd10f,Nrg Energy Waukegan,engineering_services,"['energy_company', 'public_utility_company']",IL,Waukegan,60087.0,401 E Greenwood Ave,42.3831,-87.814424,meta,2025-06-02T07:00:00.000Z,0.4929396662387676,0fdfbb79-0f8e-404c-9425-08b8f296be2a,,industrial,industrial,OpenStreetMap,2020-09-24T19:50:37.000Z,,round-lake-beach-mchenry-grayslake,False
1e70d361-1c77-4fa4-9ad9-0919b07d905d,NRG Electric Inc.,construction_services,"['electrician', 'electronics']",CA,Santa Clara,95050.0,2220 Park Ave,37.3415452,-121.9331215,meta,2025-06-02T07:00:00.000Z,0.9204819277108434,,,,,,,,san-jose,False
d1f88389-d54e-48fe-99e8-aa6619e5bfc8,NRG Pools,pool_cleaning,['home_cleaning'],FL,New Port Richey,34653.0,6205 Glenwood Dr,28.23263,-82.7118607,meta,2025-06-02T07:00:00.000Z,0.2456896551724137,ac439690-eb79-428a-a12f-8921e30eae93,,,,Microsoft ML Buildings,2022-01-30T00:00:00.000Z,,st-petersburg,False
69135412-f8d2-4325-a9a8-6ce76e06468f,Nrg Technical Solutions,engineering_services,"['it_service_and_computer_repair', 'professional_services']",LA,Scott,70506.0,100 Gold Rush Dr,30.2135006,-92.0976708,meta,2025-06-02T07:00:00.000Z,0.909823677581864,,,,,,,,lafayette,False
c71eb11f-9782-4baa-b1c3-d523a2d505f9,NRG Market,solar_installation,"['energy_equipment_and_solution', 'professional_services']",MA,Needham,2492.0,93 Clarke Cir,42.2971992,-71.2547916,meta,2025-06-02T07:00:00.000Z,0.8860580325548478,b4f62055-ab52-40a7-afb6-a64f01f61f84,,,,OpenStreetMap,2019-05-09T10:40:12.000Z,,boston,False
f34b0ad5-8dda-4d14-a2e9-69f6fb66c7c6,Nrg Energy,public_utility_company,"['internet_service_provider', 'energy_company']",CT,Middletown,6457.0,1866 River Rd,41.550255,-72.566478,meta,2025-06-02T07:00:00.000Z,0.3376623376623376,,,,,,,,hartford,False
4e7fdd34-5819-41af-a7f5-bb4d6da73b8d,"Jodi Phythian, NRG Realty",real_estate_agent,"['real_estate', 'property_management']",MN,Bloomington,55420.0,1101 E 78th St,44.861367,-93.2594667,meta,2025-06-02T07:00:00.000Z,0.8860580325548478,86d42c4d-6c7c-41de-870e-fff3c0961f9f,,,,OpenStreetMap,2011-01-02T20:44:15.000Z,,minneapolis,False
6244ac4e-8bad-43d7-85d1-0f76b52b89e8,NRG Energy Center,energy_company,"['public_utility_company', 'electric_utility_provider']",MN,Minneapolis,55402.0,80 8th St S,44.9758712,-93.2725251,meta,2025-06-02T07:00:00.000Z,0.9459263554653524,59bff6fd-f3c7-4ba9-b177-0faa77617f0f,IDS Center,,,OpenStreetMap,2025-05-10T05:10:07.000Z,,minneapolis,False
b2bb854e-ee69-4b28-aa66-4cb58050200c,NRG Abstract,real_estate,,PA,Newtown,18940.0,17 Blacksmith Rd,40.22196,-74.9155,meta,2025-06-02T07:00:00.000Z,0.242152466367713,7fdfc9a4-49ce-4ec4-a00f-94cab93c2b06,,,,OpenStreetMap,2016-04-25T14:53:43.000Z,,trenton,False
8eeed38f-39f5-4bbd-829b-ebfe51c869c4,High NRG Auto Restoration,automotive_repair,"['auto_customization', 'automotive']",OK,Jenks,74037.0,1391 W 126th St S,36.1530598,-96.0556592,meta,2025-06-02T07:00:00.000Z,0.3376623376623376,6cd9ef01-1b40-4bde-a506-365713eb39f6,,,,OpenStreetMap,2023-05-16T02:47:39.000Z,,tulsa,False
f27d8fb2-d7bc-4d8f-8bfc-f1691223a0fe,HI-NRG Gymnastix,gymnastics_center,"['gym', 'sports_and_recreation_venue']",MO,Eureka,63025.0,54 Legends Plz,38.4947467,-90.6278123,meta,2025-06-02T07:00:00.000Z,0.9459263554653524,e03624ad-b607-4fe1-bb4f-f0e3cdef5d39,,,,Microsoft ML Buildings,2022-08-25T00:00:00.000Z,,st-louis,False
50e4d35f-ad6d-42cb-945e-aa4709ece695,HI-NRG Gymnastix,gym,"['gymnastics_center', 'sports_and_recreation_venue']",MO,Chesterfield,63005.0,17732 Edison Ave,38.66278,-90.62302,meta,2025-06-02T07:00:00.000Z,0.9784508333782836,4eb45e47-39a3-4aab-88d3-b131ff8f20fd,,commercial,office,OpenStreetMap,2016-01-30T15:06:44.000Z,,st-louis,False
908f2255-7ae0-4ebc-a7ee-bf74fb267fce,Hi-NRG Chesterfield,gymnastics_center,"['gym', 'sports_and_recreation_venue']",MO,Chesterfield,63005.0,140 Long Rd,38.6660189,-90.6158103,meta,2025-06-02T07:00:00.000Z,0.9879256218304756,b0cc8ef8-5914-4093-b0bb-6be9f27ee927,,,,OpenStreetMap,2019-02-07T18:03:57.000Z,,st-louis,False
2afea497-052d-405f-a33d-75eb90893270,NRG Mechanical,hvac_services,"['contractor', 'plumbing']",MO,St Charles,63304.0,5 Kickshaw Dr,38.724181,-90.5812,meta,2025-06-02T07:00:00.000Z,0.242152466367713,17a15f68-f9bd-40b1-ab15-2cc8b26d5e05,,,,Microsoft ML Buildings,2022-08-25T00:00:00.000Z,,st-louis,False
2b3d4545-e7cd-46fc-beb6-a4f89b104691,Hi-NRG Gymnastix - O'Fallon,cheerleading,"['gymnastics_center', 'specialty_school', 'active_life', 'education']",MO,O'Fallon,63366.0,1676 State Hwy K,38.7858843,-90.6977151,Microsoft,2021-01-06T16:30:03.520Z,0.77,77a913ca-1a4b-4b6e-8019-afcc7f61af47,,,,OpenStreetMap,2019-03-04T03:19:22.000Z,,st-louis,False
781c8fdb-4f03-447d-8f69-c7d22db6be7f,Nrg Power Inc,electrician,"['public_utility_company', 'home_improvement_store']",CA,Santa Ana,92704.0,3011 S Shannon St,33.706998,-117.9230194,meta,2025-06-02T07:00:00.000Z,0.9300613496932516,,,,,,,,mission-viejo,False
a9e9e526-ed09-4620-81b2-7f407bb03f60,NRG Service Inc,event_planning,"['professional_services', 'topic_concert_venue']",NM,Albuquerque,87110.0,4425 Towner Ave NE,35.1083024,-106.5940707,meta,2025-06-02T07:00:00.000Z,0.9204819277108434,e6b6f883-de0a-40c8-86fa-9aced92b684f,,,,OpenStreetMap,2014-12-24T05:14:49.000Z,,albuquerque,False
be7975ea-29a5-4260-a97e-2690ee8c5876,NRG Ballroom,dance_school,['active_life'],AZ,Tempe,85284.0,931 E Elliot Rd,33.3480489,-111.9269451,meta,2025-06-02T07:00:00.000Z,0.9784508333782836,,,,,,,,phoenix,False
5a97eda1-3d3d-43f9-a0cd-c272a1d056d6,NRG Health & Wellness,health_and_medical,"['physical_therapy', 'naturopathic_holistic']",AZ,Gilbert,85295.0,3547 E Phelps St,33.2964888,-111.7134672,meta,2025-06-02T07:00:00.000Z,0.9415384615384615,58bfbb91-65f5-443f-8912-997badcfa1e7,,,,OpenStreetMap,2023-07-12T04:46:09.000Z,,phoenix,False
7b209bb8-6d8b-4884-9176-904c8726a45e,NRG Foam,insulation_installation,,AZ,Mesa,85215.0,3960 E Palm St,33.46902044248094,-111.75081394714354,Microsoft,2015-02-04T22:48:33.890Z,0.77,ceaf046c-c442-40db-9b92-2543bd3c8df0,,,,OpenStreetMap,2023-03-07T21:25:23.000Z,,phoenix,False
1183b508-fb6d-45e3-a5e2-372549f86f45,NRG Foam,contractor,['masonry_concrete'],AZ,Mesa,85215.0,3960 E Palm St,33.4706957,-111.7438861,meta,2025-06-02T07:00:00.000Z,0.8148148148148148,4ab73948-ca9d-4644-b2d9-3638f861e973,NRG Foam,,,OpenStreetMap,2024-03-10T02:25:19.000Z,,phoenix,False
67eeca09-bd83-40b7-b873-6bfc889193d2,NRG Star Insulation,insulation_installation,,TX,Little Elm,75068.0,2472 Dawn Mist Dr,33.18276,-96.894007,Microsoft,2016-06-15T15:44:54.220Z,0.77,,,,,,,,denton-lewisville,False
09f674c6-16c8-4928-b7bd-7e688d2f2834,NRG Property Solutions,real_estate_investment,"['real_estate_service', 'real_estate']",FL,Hollywood,33020.0,2450 Hollywood Blvd,26.0106678,-80.1566784,meta,2025-06-02T07:00:00.000Z,0.8831168831168831,d1d5b757-4ec6-49ec-bc9e-8b8b3662eced,,,,OpenStreetMap,2014-07-29T06:48:48.000Z,,miami,False
6ce37377-a072-4b07-990c-38f4ba7e16ee,Homes By NRG,real_estate_agent,"['professional_services', 'real_estate_service']",FL,Wellington,33414.0,1400 Corporate Center Way,26.6610701,-80.2647639,meta,2025-06-02T07:00:00.000Z,0.8253968253968254,a5edc614-ceab-4dd6-9b2d-c8f9bffa5932,,,,OpenStreetMap,2021-08-21T15:17:05.000Z,,miami,False
0f44e0ce-8c7d-4a2e-8325-f2107591849e,Nu-NRG Group LLC ,solar_installation,,FL,Boca Raton,33431.0,1900 Glades Rd,26.36755,-80.12237,meta,2025-06-02T07:00:00.000Z,0.3313953488372093,b8c9b307-d10a-414c-89a3-6cf0d1a60269,,,,OpenStreetMap,2017-01-10T18:25:01.000Z,,miami,False
7bc80166-ac02-43f5-82fa-be5c98dfc119,Nrg Parish Power Plant,public_utility_company,"['energy_company', 'public_service_and_government']",,,77469.0,Yu Jones Rd,29.4766994,-95.6310117,meta,2025-06-02T07:00:00.000Z,0.7548172757475083,,,,,,,,houston,False
8be93f3d-f10e-463a-bea0-f12fa88e38f8,NRG Texas,electrician,"['energy_company', 'home_improvement_store']",TX,Thompsons,77469.0,2500 Yu Jones Rd,29.4793045,-95.6312184,meta,2025-06-02T07:00:00.000Z,0.9415384615384615,,,,,,,,houston,False
bffd11a5-38ca-4fc6-b030-0b8482eacce6,NRG Group Metro Houston,real_estate,"['commercial_real_estate', 'mortgage_broker']",TX,Katy,77450.0,6355 S Peek RD  ,29.7031352,-95.7599432,meta,2025-06-02T07:00:00.000Z,0.5662921348314607,,,,,,,,houston,False
99829bdb-d8ba-4bb2-976d-69b6b2ab7c93,U-Haul Moving & Storage at NRG Stadium,truck_rentals,['automotive'],TX,Houston,77025.0,10621 Main St,29.6701821,-95.4333627,Microsoft,2025-05-01T22:44:02.123Z,0.77,,,,,,,,houston,False
69346e17-583a-4b5a-b623-729c16944985,"OYO Hotel Houston, TX near Medical Center/NRG Stadium",resort,"['hotel', 'motel']",TX,Houston,77025.0,10015 Main St 610 S. Loop and,29.67608544288929,-95.42773074171552,Microsoft,2025-01-08T15:05:27.610Z,0.77,d4c386df-d3de-42cd-a61e-d0fc3aa70952,,commercial,hotel,OpenStreetMap,2021-03-18T19:43:22.000Z,,houston,False
19a2d1c8-7ce9-40d2-8c4f-3bdb9b500090,Studio 6 Houston- Tx Medical Center Nrg Stadium,resort,"['hotel', 'motel']",TX,Houston,77025.0,3223 S Loop W,29.6774958,-95.4294126,Microsoft,2024-03-06T09:37:38.967Z,0.77,,,,,,,,houston,False
2cf59013-ec27-4cbf-8118-6a26ecadc920,Tax Lions - NRG Stadium,tax_services,['tax_office'],TX,Houston,77054.0,2626 S LOOP W Ste 435,29.6785617,-95.4211133,Microsoft,2025-05-16T05:12:13.653Z,0.77,16241f38-1c4f-4f24-ba9c-c6bbf2e8cdd2,,commercial,commercial,OpenStreetMap,2014-08-05T17:08:03.000Z,,houston,False
ff5f595e-2462-4b6c-9aa1-3aa467736aee,Quality Inn and Suites NRG Park - Medical Center,hotel,"['accommodation', 'travel']",TX,Houston,77054.0,2364 S Loop Fwy W,29.6790033,-95.4146998,meta,2025-06-02T07:00:00.000Z,0.9784508333782836,2c5fd3a6-e167-428a-a30f-4a847999e005,,commercial,hotel,OpenStreetMap,2022-01-05T10:16:21.000Z,,houston,False
fd7cfa0f-4cf0-4aab-9bbc-5147d5b109e4,Cattleman's Club - Wyndham near NRG Med Center,bar,"['steakhouse', 'restaurant']",TX,Houston,77054.0,8686 Kirby Dr,29.6800454,-95.4130504,meta,2025-06-02T07:00:00.000Z,0.5662921348314607,85dda895-96f8-4e37-80ab-2b29d620c5d3,Heritage Center,commercial,hotel,OpenStreetMap,2024-10-27T21:24:29.000Z,,houston,False
419b9d0b-eda5-49c0-bcfb-d57c6dd37936,NRG Stadium Blue Lot,parking,"['football_stadium', 'stadium_arena']",,,77054.0,,29.6812896,-95.4102837,meta,2025-06-02T07:00:00.000Z,0.3961437335670464,,,,,,,,houston,False
2204c4af-318a-4a8e-8603-ec4937c63b19,NRG Park,stadium_arena,"['landmark_and_historical_building', 'topic_concert_venue']",TX,Houston,77054.0,1 NRG Park,29.6829008,-95.4090508,meta,2025-06-02T07:00:00.000Z,0.9879256218304756,,,,,,,,houston,False
6e75c7e6-5acb-4fc6-bbe9-0a086a01df4c,cantina at NRG Stadium,bar,"['sports_bar', 'restaurant']",TX,Houston,77054.0,1 NRG Pkwy,29.684397,-95.410309,meta,2025-06-02T07:00:00.000Z,0.3961437335670464,2acff13c-8366-40e6-8bf3-fed40512d04a,NRG Stadium,entertainment,stadium,OpenStreetMap,2023-05-28T14:28:07.000Z,,houston,False
3529b5ab-af82-4ad9-a6da-3098617a50ee,NRG Stadium,football_stadium,"['stadium_arena', 'active_life']",TX,Houston,77054.0,1 NRG Park,29.6847233,-95.4107091,meta,2025-06-02T07:00:00.000Z,0.9459263554653524,2acff13c-8366-40e6-8bf3-fed40512d04a,NRG Stadium,entertainment,stadium,OpenStreetMap,2023-05-28T14:28:07.000Z,,houston,False
e0110bbb-2232-4620-9b83-b21eaa191ba0,NRG Astrodome,venue_and_event_space,,TX,Houston,77054.0,1 Nrg Park,29.684824716756133,-95.40773099468996,Microsoft,2015-06-09T15:32:19.090Z,0.77,ad1dc2fd-301b-4760-bd1a-6e05cfdfb3e9,NRG Astrodome,,,OpenStreetMap,2024-05-18T16:11:18.000Z,,houston,False
0371cdcc-b9cc-4c0a-ab8e-e432be3599aa,Comfort Suites near Texas Medical Center - NRG Stadium,resort,['hotel'],TX,Houston,77054.0,"1055 McNee Road, East of Main St",29.689641,-95.417079,Microsoft,2025-05-22T04:07:06.597Z,0.77,,,,,,,,houston,False
d7a01737-e58f-4fd7-93a7-6584e90847cc,NRG Center,topic_concert_venue,['accommodation'],TX,Houston,77054.0,1 NRG Park,29.68737,-95.41234,meta,2025-06-02T07:00:00.000Z,0.3961437335670464,,,,,,,,houston,False
c7c2f40e-1db3-457f-b412-f99226803a03,Holiday Inn Houston S - NRG Area - Med Ctr,hotel,"['accommodation', 'travel_company']",TX,Houston,77054.0,8111 Kirby Dr,29.6902458,-95.4114359,meta,2025-06-02T07:00:00.000Z,0.9784508333782836,b32d7817-c659-460a-a1dd-849f9f448377,Holiday Inn Houston - NRG/Medical Center Area,,,OpenStreetMap,2020-12-05T05:54:05.000Z,,houston,False
b3164123-6ba0-48ad-8eb2-0352c14a8493,NRG Park,music_venue,['arts_and_entertainment'],TX,Houston,77054.0,1 Nrg Park,29.685570379005824,-95.40931886242676,Microsoft,2015-06-09T15:33:09.343Z,0.77,,,,,,,,houston,False
2b276839-dc12-487b-babd-3e8322769ba2,NRG Arena,restaurant,['topic_concert_venue'],TX,Houston,77054.0,1 NRG Park,29.68704,-95.4084706,meta,2025-06-02T07:00:00.000Z,0.4929396662387676,3181dda9-4c07-4df8-a8f8-5126c8c9ca9d,NRG Center,entertainment,,OpenStreetMap,2024-05-18T16:11:18.000Z,,houston,False
b6577c21-9fd5-40ba-ba0c-3888d82515f1,Nrg Stadium Orange Lot,football_stadium,"['stadium_arena', 'arts_and_entertainment']",TX,Houston,0.0,,29.6862804,-95.4055223,meta,2025-06-02T07:00:00.000Z,0.4929396662387676,,,,,,,,houston,False
36eec8a8-c8b4-4f4c-9965-33304fdd998a,NRG Center,event_planning,['arts_and_entertainment'],,,77054.0,"NRG Park, 1 Fannin St",29.6877691,-95.4060663,meta,2025-06-02T07:00:00.000Z,0.9784508333782836,3181dda9-4c07-4df8-a8f8-5126c8c9ca9d,NRG Center,entertainment,,OpenStreetMap,2024-05-18T16:11:18.000Z,,houston,True
2452f3de-6cc9-436c-88dc-06cfb0345b73,Americas Best Value Inn NRG Park Medical Center,hotel,"['accommodation', 'motel']",TX,Houston,77025.0,7905 S Main St,29.6929572,-95.4139377,meta,2025-06-02T07:00:00.000Z,0.9784508333782836,1f2cfbe8-7f77-426d-b98c-854524da6dab,,,,OpenStreetMap,2024-11-18T18:52:00.000Z,,houston,False
e8a07d77-b414-434d-99fc-8c5bb09ebca0,"Yellow Lot, Houston Texans at NRG Stadium",active_life,"['stadium_arena', 'football_stadium']",TX,Houston,77025.0,8000 S Main St,29.69403,-95.41502,meta,2025-06-02T07:00:00.000Z,0.4929396662387676,,,,,,,,houston,False
29ec5b12-3a07-4ac7-b320-75d0bfa64c09,Residence Inn by Marriott Houston Medical Center/NRG Park,hotel,"['accommodation', 'business']",TX,Houston,77030.0,7807 Kirby Dr,29.6941789,-95.4135394,meta,2025-06-02T07:00:00.000Z,0.9784508333782836,30b7e55e-2139-4639-9d64-9d4dd4ddb09f,Residence Inn Houston Medical Center/NRG,,,OpenStreetMap,2024-03-22T02:38:32.000Z,,houston,False
9888aafe-1b76-4ed3-9f25-40135efcac1f,Hampton Inn & Suites Houston Medical Center NRG Park,hotel,"['accommodation', 'travel']",TX,Houston,77054.0,1715 Old Spanish Trl,29.6951032,-95.4042868,meta,2025-06-02T07:00:00.000Z,0.9784508333782836,,,,,,,,houston,False
98378f0a-cefb-47a5-9a29-e1052313cb88,Econo Lodge - near Houston Medical Center-NRG Park,hotel,,TX,Houston,77054.0,3138 Old Spanish Trl,29.700444,-95.377577,Microsoft,2022-06-30T10:44:57.157Z,0.77,,,,,,,,houston,False
9025e5d2-bccc-423e-bf92-3a0225764142,NRG Stadium,football_stadium,"['stadium_arena', 'sports_club_and_league']",,,77057.0,6621 Richmond Ave.,29.7313901,-95.4912362,meta,2025-06-02T07:00:00.000Z,0.5662921348314607,31bc5ba7-2dd0-4963-9529-1c1552f4d5a9,Comfort Suites - Near the Galleria,,,OpenStreetMap,2025-01-30T03:41:51.000Z,,houston,False
9025e5d2-bccc-423e-bf92-3a0225764142,NRG Stadium,football_stadium,"['stadium_arena', 'sports_club_and_league']",,,77057.0,6621 Richmond Ave.,29.7313901,-95.4912362,meta,2025-06-02T07:00:00.000Z,0.5662921348314607,3893998c-d29a-4a35-b7de-526a2526fe07,,,,Microsoft ML Buildings,2023-09-01T00:00:00.000Z,0.9930999875068665,houston,False
d3c142c1-63aa-4cda-94df-0e7e1910108a,Nrg park,national_park,"['park', 'social_service_organizations']",TX,Houston,77030.0,6633 Travis St,29.7099945,-95.4031917,meta,2025-06-02T07:00:00.000Z,0.5662921348314607,fbc7d969-0bdb-4832-8085-c9044736d022,Hilton Houston Plaza/Medical Center,,,OpenStreetMap,2024-01-16T01:13:49.000Z,,houston,False
e9749a9a-5a43-41eb-ab51-75e197f56057,NRG ,dance_club,['bar'],TX,Houston,77008.0,901 N Shepherd Dr,29.786963,-95.410814,meta,2025-06-02T07:00:00.000Z,0.5662921348314607,5170ac96-7c02-4e33-93a3-95b80879a2fa,JD Sports,,,OpenStreetMap,2024-11-16T17:32:55.000Z,,houston,False
5a3a1c53-ea18-43cc-b491-c4d03e65333c,Reliant NRG,stadium_arena,"['football_stadium', 'arts_and_entertainment']",TX,Houston,77002.0,1300 Main St,29.7546,-95.36709,meta,2025-06-02T07:00:00.000Z,0.7548172757475083,1c9f5deb-89fc-4149-81c6-0eb6b05ec816,,,,OpenStreetMap,2023-07-21T17:45:36.000Z,,houston,False
fab60c02-2326-40b4-8dab-c053fa9e1417,NRG,public_utility_company,"['energy_company', 'stadium_arena']",TX,Houston,77002.0,1201 Fannin St,29.7544,-95.36506,meta,2025-06-02T07:00:00.000Z,0.4929396662387676,e9463957-5713-4587-afdb-c809070d0d48,The Laura Hotel,,,OpenStreetMap,2024-04-14T23:58:02.000Z,,houston,False
1ab642ea-bb9e-4c5a-b091-4b9e4083ecb7,NRG Protects,hvac_services,,TX,Houston,77002.0,910 Louisiana St,29.75894,-95.36751,meta,2025-06-02T07:00:00.000Z,0.242152466367713,6a69c0a9-8d31-44e1-9df9-e9fc50bf52e3,One Shell Plaza,commercial,office,OpenStreetMap,2022-08-24T12:45:00.000Z,,houston,False
443b6d82-4951-4692-9904-425a4459c350,NRG Energy,electric_utility_provider,"['energy_company', 'public_utility_company']",TX,Houston,77002.0,910 Louisiana St,29.7590137,-95.3674387,meta,2025-06-02T07:00:00.000Z,0.9300613496932516,,,,,,,,houston,False
cfb163d5-523f-4c85-a9f3-6d11db0c74ce,NRG Building,travel,"['transportation', 'toy_store']",TX,Houston,77002.0,1000 Main St,29.75686,-95.3656,meta,2025-06-02T07:00:00.000Z,0.296943231441048,c811d194-d592-4e67-88cc-fb5e48d4cf70,,,,OpenStreetMap,2022-10-11T09:26:38.000Z,,houston,False
cfb163d5-523f-4c85-a9f3-6d11db0c74ce,NRG Building,travel,"['transportation', 'toy_store']",TX,Houston,77002.0,1000 Main St,29.75686,-95.3656,meta,2025-06-02T07:00:00.000Z,0.296943231441048,1311f91e-6d84-4dc1-84bb-e03d7b0fa505,1000 Main,,,OpenStreetMap,2022-06-20T13:38:31.000Z,,houston,False
df591945-31c6-402e-bc77-c865eb25b287,NRG Maintenance Services,commercial_industrial,"['history_museum', 'machine_shop']",TX,Houston,77034.0,12307 Kurland Dr,29.6161227,-95.2043173,meta,2025-06-02T07:00:00.000Z,0.9300613496932516,6eff2dcc-12cc-4cc9-a932-61025ca4cfef,,,,OpenStreetMap,2022-06-04T15:55:41.000Z,,houston,False
ba7ce8a5-7fe2-46af-8974-dfe8bdacf631,NRG Energy,electric_utility_provider,"['public_utility_company', 'contractor']",TX,Houston,77075.0,9598 Rowlett Rd,29.63083,-95.23745,meta,2025-06-02T07:00:00.000Z,0.4929396662387676,b6dc50d1-347e-4c37-a802-b42c074e13c0,Walmart Supercenter,,,OpenStreetMap,2024-07-13T16:29:08.000Z,,houston,False
c4c92d71-2f6d-4aef-9358-17675cec6cc1,NRG San Jacinto Power Plant,electric_utility_provider,['social_service_organizations'],,,77571.0,845 Sens Rd,29.6946153,-95.0406335,meta,2025-06-02T07:00:00.000Z,0.3376623376623376,2c7a8e5c-541b-4c21-9de2-b0cdea4fe244,,,,OpenStreetMap,2025-03-21T07:21:41.000Z,,houston,False
fe2e8a80-2a86-4565-9323-df353a22e348,NRG Energy,professional_services,['public_utility_company'],TX,Houston,77049.0,12070 Beaumont Hwy,29.8205179,-95.2203166,meta,2025-06-02T07:00:00.000Z,0.9300613496932516,,,,,,,,houston,False
1351e263-ca25-448d-ae27-1cda8ed48abf,NRG,jewelry_and_watches_manufacturer,"['commercial_industrial', 'industrial_company']",TX,Houston,0.0,,29.9405246,-95.530504,meta,2025-06-02T07:00:00.000Z,0.296943231441048,,,,,,,,houston,False
5dcca893-8273-4f58-97db-689007df8da5,Nrg Manufacturing,commercial_industrial,"['industrial_equipment', 'professional_services']",TX,Tomball,77375.0,19950 Hufsmith Kohrville Rd,30.0536,-95.58923,meta,2025-06-02T07:00:00.000Z,0.3376623376623376,,,,,,,,houston,False
ed423621-bb40-4e62-8c3d-b55e644b7fa5,NRG Waxing,beauty_and_spa,"['waxing', 'hair_removal']",CA,San Diego,92104.0,3055 University Ave,32.72225,-117.22942,meta,2025-06-02T07:00:00.000Z,0.909823677581864,ff7aa0b8-4104-4faa-8190-a4c1bb6a2b87,,,,OpenStreetMap,2020-01-16T19:03:24.000Z,,san-diego,False
93e0bf0d-b133-48c5-9186-f229c49b1b8a,C NRG Fleet,gas_station,['convenience_store'],CA,San Diego,92120.0,6225 Fairmount Ave,32.7885637,-117.1013226,meta,2025-06-02T07:00:00.000Z,0.5662921348314607,,,,,,,,san-diego,False
dae88403-b803-4915-93d3-ccfcd9537e4a,NRG Physiotherapy,health_and_medical,"['physical_therapy', 'gym']",IN,Plainfield,46168.0,415 N Dan Jones Rd,39.713087,-86.3805261,meta,2025-06-02T07:00:00.000Z,0.9879256218304756,,,,,,,,indianapolis,False
aaae39fb-a7c1-4f62-8b5d-18db46415b9d,Nrg Dance Company,dance_school,['arts_and_entertainment'],IN,Speedway,46224.0,5610 Crawfordsville Rd,39.7956739,-86.2572029,meta,2025-06-02T07:00:00.000Z,0.9879256218304756,3e0d8f7b-b521-4b73-b35e-9e21cf7e507e,,,,OpenStreetMap,2022-01-20T22:05:30.000Z,,indianapolis,True
ab007f6d-38ee-492a-81e7-2c288074c133,NRG Dance,dance_school,['active_life'],FL,Winter Park,32789.0,721 W New England Ave,28.5960147,-81.3579006,meta,2025-06-02T07:00:00.000Z,0.9784508333782836,3ef285bc-fb22-4d4d-929c-7b94ba9a6cf3,Winter Park Community Center,civic,,OpenStreetMap,2025-04-27T15:56:08.000Z,,orlando,False
395f9b25-992b-48eb-9b41-a1bbee7e64ce,Total NRG Solutions,solar_installation,"['energy_equipment_and_solution', 'contractor']",FL,Apopka,32712.0,515 N Park Ave,28.6886176,-81.50887,meta,2025-06-02T07:00:00.000Z,0.909823677581864,4d003130-f94c-40b3-8279-88a0867c6492,,commercial,retail,OpenStreetMap,2023-07-16T16:13:24.000Z,,orlando,False
227f8e45-33b6-468a-ad6b-6e7d10d258bf,NRG Fire Consulting,engineering_services,"['fire_protection_service', 'shopping']",WA,Seattle,98103.0,4000 Aurora Ave N,47.655637,-122.3469289,meta,2025-06-02T07:00:00.000Z,0.909823677581864,0218348f-1d61-4203-a50c-0a656058f7e4,4000 Aurora,,,OpenStreetMap,2018-08-12T18:51:34.000Z,,seattle,False
f42dc0c7-d39b-42d2-b9a1-b8f9b7d44af4,Clear NRG,door_sales_service,,WA,Seattle,98133.0,932 N 127th St,47.7214469909668,-122.346054077148,Microsoft,2015-11-13T18:47:54.030Z,0.77,2c32bbc7-bc92-445b-9ed3-8dd62d09e94d,,,,OpenStreetMap,2013-04-30T03:00:30.000Z,,seattle,False
ed04fa61-9a2f-4edd-b083-84164a6bfc7b,NRG Insurance,insurance_agency,,WA,Seattle,98115.0,8636 45th Ave NE,47.6915002,-122.2798567,meta,2025-06-02T07:00:00.000Z,0.909823677581864,,,,,,,,seattle,False
20e03c15-4cb0-417f-8893-16f48e517a0c,C NRG Fleet,gas_station,['convenience_store'],TX,Fort Worth,76118.0,7350 Sand St,32.795841,-97.219664,meta,2025-06-02T07:00:00.000Z,0.7548172757475083,6ad9025b-9d8e-438b-aacc-0ddb6be41568,,,,OpenStreetMap,2017-05-31T16:18:04.000Z,,fort-worth,False
781c8fdb-4f03-447d-8f69-c7d22db6be7f,Nrg Power Inc,electrician,"['public_utility_company', 'home_improvement_store']",CA,Santa Ana,92704.0,3011 S Shannon St,33.706998,-117.9230194,meta,2025-06-02T07:00:00.000Z,0.9300613496932516,,,,,,,,los-angeles,False
9d99bcd6-8e86-4d83-9e93-6dfcb9321a7b,Nrg Energy,professional_services,['active_life'],CA,Long Beach,90802.0,2665 W Seaside Blvd,33.7649947,-118.2244164,meta,2025-06-02T07:00:00.000Z,0.296943231441048,,,,,,,,los-angeles,False
244ebdfe-7844-4282-89a2-b76e62f8a95e,NRG Fitness,gym,"['naturopathic_holistic', 'chiropractor']",CA,Paramount,90723.0,6816 Rosecrans Ave,33.9034265,-118.1793221,meta,2025-06-02T07:00:00.000Z,0.9784508333782836,eca6472a-6f78-4dad-8d04-ef33f1dcf32a,,commercial,commercial,OpenStreetMap,2024-09-07T22:25:42.000Z,,los-angeles,False
8897e0f3-510e-404b-a637-5da61a4873f4,Arc-Nrg PushUp,gym,,,,0.0,,33.9883291,-118.4450995,meta,2025-06-02T07:00:00.000Z,0.3313953488372093,dc5ff12e-0cb9-461f-b4e7-deac5480c0eb,,industrial,industrial,OpenStreetMap,2016-04-28T15:34:00.000Z,,los-angeles,False
b1a50213-dfa9-4f92-93e6-a358de070f85,NRG Experiential Marketing,marketing_agency,['event_planning'],CA,Culver City,90066.0,11912 W Washington Blvd,33.9977962,-118.4199047,meta,2025-06-02T07:00:00.000Z,0.3313953488372093,c9fb874b-f074-41c0-b653-8e8eb5a2ecf2,,commercial,retail,OpenStreetMap,2016-05-29T19:03:02.000Z,,los-angeles,True
c7f6b979-718f-411d-a25d-5e7b7955896f,Pace NRG Solar,energy_equipment_and_solution,"['solar_installation', 'industrial_equipment']",CA,Beverly Hills,90211.0,9025 Wilshire Blvd,34.0672324,-118.3884103,meta,2025-06-02T07:00:00.000Z,0.8831168831168831,41b2dca0-e142-4b4c-b961-9f5bac0ab68d,,commercial,commercial,OpenStreetMap,2016-09-05T17:17:51.000Z,,los-angeles,False
0854d45e-9518-4c64-a3e5-64ee080dce64,NRG Dance Project,dance_school,['specialty_school'],CA,Beverly Hills,90211.0,8306 Wilshire Blvd,34.0638986,-118.3723695,meta,2025-06-02T07:00:00.000Z,0.8860580325548478,,,,,,,,los-angeles,False
fc1ac735-8dd5-4f3b-8ee6-411938f379d6,Nrg Upgrade,contractor,"['hvac_services', 'energy_equipment_and_solution']",CA,Los Angeles,90036.0,5657 Wilshire Blvd,34.0626611,-118.3509093,meta,2025-06-02T07:00:00.000Z,0.8860580325548478,db420c36-0cbe-4d43-b34e-e2949d5b209a,,commercial,retail,OpenStreetMap,2016-06-21T15:12:21.000Z,,los-angeles,False
fe2b0899-5cda-40d0-90de-62cd19c2305b,NRG Builders Inc,masonry_concrete,,CA,Woodland Hills,91364.0,20969 Ventura Blvd,34.167227,-118.590424,Microsoft,2021-01-05T02:48:41.507Z,0.77,6311d611-d574-4b94-a6a7-e53aea5f7f3b,French Quarter Woodland Hills,commercial,retail,OpenStreetMap,2023-10-03T20:55:36.000Z,,los-angeles,False
e3856c29-8005-49ee-8c38-f78477946389,NRG Clean Power,contractor,"['energy_equipment_and_solution', 'solar_installation']",CA,Canoga Park,91303.0,7012 Owensmouth Ave,34.1978289,-118.6014335,meta,2025-06-02T07:00:00.000Z,0.93,03ecf321-5fe7-4acd-900d-709fbb1b8f3a,,commercial,commercial,OpenStreetMap,2021-10-15T00:32:20.000Z,,los-angeles,False
1b6cc7b9-bdf2-4fef-a19e-7ea1a0b3f233,Green NRG,solar_installation,,CA,Chatsworth,91311.0,20806 Plummer St,34.24219,-118.58662,Microsoft,2018-02-23T18:47:31.893Z,0.77,81eba7c4-6644-48b7-a0c5-454a80eb0645,,industrial,industrial,OpenStreetMap,2016-07-22T20:25:27.000Z,,los-angeles,False
d22310fe-9882-4a64-96aa-ba951b427e58,NRG Recording Studios,music_production,['mass_media'],CA,North Hollywood,91601.0,11128 Weddington St,34.1667202,-118.3733388,meta,2025-06-02T07:00:00.000Z,0.9784508333782836,d5d16445-7c3e-4267-a6d6-491a91a9dbbe,,industrial,industrial,OpenStreetMap,2024-07-04T01:25:14.000Z,,los-angeles,False
369572c9-9ef9-4f12-98bd-6eb0375e30c6,Nrg Global,software_development,"['computer_hardware_company', 'it_service_and_computer_repair']",CA,Los Angeles,90041.0,2910 W Broadway,34.1451831,-118.22783,meta,2025-06-02T07:00:00.000Z,0.9204819277108434,,,,,,,,los-angeles,False
3bcc04cf-8532-4d5c-af30-0e5843e670e7,NRG Roofing Inc,roofing,"['construction_services', 'contractor']",CA,San Fernando,91340.0,224 N Maclay Ave,34.28406,-118.43844,meta,2025-06-02T07:00:00.000Z,0.8540983606557377,,,,,,,,los-angeles,False
1e3c7505-9568-480e-be80-63df4185e763,C NRG Fleet,gas_station,['convenience_store'],CA,Santa Fe Springs,90670.0,12902 Park St,33.9403134,-118.0576535,meta,2025-06-02T07:00:00.000Z,0.9784508333782836,,,,,,,,los-angeles,False
0b24ca13-5352-4e4d-823b-b3416bb07237,NRG Innovations,automotive_parts_and_accessories,"['automotive', 'software_development']",CA,Irwindale,91706.0,5218 Rivergrade Rd,34.1077058,-117.9727295,meta,2025-06-02T07:00:00.000Z,0.9784508333782836,884d5e5f-002f-4e55-ba8e-c71375ce9f76,,commercial,warehouse,OpenStreetMap,2017-01-31T09:45:01.000Z,,los-angeles,False
1d2fce7e-ce7e-4a49-a0c6-1641d9dc2169,Xtreme NRG Fit,gym,"['sports_and_fitness_instruction', 'dance_school']",CA,Pomona,91767.0,101 E Foothill Blvd,34.10812,-117.748,meta,2025-06-02T07:00:00.000Z,0.2456896551724137,,,,,,,,los-angeles,False
b1925ec0-744e-4c57-adcd-e52fca4b30f8,NRG Pros,roofing,"['contractor', 'professional_services']",CA,Sacramento,95827.0,3336 Bradshaw Rd,38.5627848,-121.3372039,meta,2025-06-02T07:00:00.000Z,0.909823677581864,550c688a-6e6e-410b-86a1-3e6afa8b151d,,,,Microsoft ML Buildings,2022-04-24T00:00:00.000Z,,sacramento,False
a613f771-d851-4213-9e10-d56d7b833918,NRG Day Spa & Massage,spas,"['massage', 'beauty_and_spa']",CA,Carmichael,95608.0,4150 Manzanita Ave,38.6401271,-121.3273522,meta,2025-06-02T07:00:00.000Z,0.9415384615384615,276f1d79-fba8-4f2c-9222-3e4eaf365fb0,,,,OpenStreetMap,2022-08-04T15:54:19.000Z,,sacramento,False
5093a69b-1edc-45a4-9309-aa32c76dc23a,NRG Day Spa,spas,"['beauty_and_spa', 'hotel']",CA,Roseville,95661.0,1137 Smith Ln,38.739102,-121.273076,meta,2025-06-02T07:00:00.000Z,0.7548172757475083,20b210cc-193a-4b80-bb2d-48257de34a48,,,,OpenStreetMap,2011-11-24T14:06:57.000Z,,sacramento,False
c9ab020e-40d6-4caf-917f-6886b182f2b4,Z and NRG Studio,yoga_studio,['gym'],TX,Corpus Christi,78415.0,4302 Brentwood Dr,27.7455802,-97.4128601,meta,2025-06-02T07:00:00.000Z,0.9784508333782836,641135e3-d0f0-42b5-be9d-886e38f35449,,,,OpenStreetMap,2017-10-03T18:42:57.000Z,,corpus-christi,False
3658ef80-a956-4d5a-bce3-468139f01b31,NRG Engineering,engineering_services,"['electrician', 'shopping']",TX,Corpus Christi,78411.0,5656 S Staples St,27.698457,-97.3749952,meta,2025-06-02T07:00:00.000Z,0.9784508333782836,48f82bea-81ff-430f-a467-8009dc94d8cb,,,,OpenStreetMap,2024-02-05T23:29:51.000Z,,corpus-christi,False
e21e96d1-11f5-4b33-aa3d-31741c3eaae9,NRG Fitness,gym,"['naturopathic_holistic', 'nutritionist']",OH,Cincinnati,45249.0,8675 E Kemper Rd,39.2707185,-84.3240877,meta,2025-06-02T07:00:00.000Z,0.9784508333782836,,,,,,,,cincinnati,False
e185c1f3-475f-41d8-8d60-3605d3f48c55,NRG Energy,electric_utility_provider,"['contractor', 'hvac_services']",NY,Staten Island,10314.0,4401 Victory Blvd,40.587143,-74.198809,meta,2025-06-02T07:00:00.000Z,0.3961437335670464,,,,,,,,new-york,False
3dd3e2d9-f121-480a-989f-529e13fb9765,Hi NRG Sound Productions NJ,event_planning,"['professional_services', 'wedding_planning']",NY,Staten Island,10308.0,4079 Hylan Blvd,40.5404587,-74.1479797,meta,2025-06-02T07:00:00.000Z,0.2456896551724137,2a5e1357-0141-4915-bbfd-e8497db727ec,,,,OpenStreetMap,2013-11-25T19:36:55.000Z,,new-york,False
3dd3e2d9-f121-480a-989f-529e13fb9765,Hi NRG Sound Productions NJ,event_planning,"['professional_services', 'wedding_planning']",NY,Staten Island,10308.0,4079 Hylan Blvd,40.5404587,-74.1479797,meta,2025-06-02T07:00:00.000Z,0.2456896551724137,644c80a9-80e0-4a34-95a8-94317e6a1206,,,,OpenStreetMap,2013-11-25T19:36:30.000Z,,new-york,False
3dd3e2d9-f121-480a-989f-529e13fb9765,Hi NRG Sound Productions NJ,event_planning,"['professional_services', 'wedding_planning']",NY,Staten Island,10308.0,4079 Hylan Blvd,40.5404587,-74.1479797,meta,2025-06-02T07:00:00.000Z,0.2456896551724137,6bc704eb-303f-46d2-8a2a-c713c4afa33b,,,,OpenStreetMap,2013-11-25T19:36:30.000Z,,new-york,False
29fb811b-4d79-4e61-b4cb-1a4418b3691c,NRG Ventures,investing,,NY,New York,10003.0,228 4th Ave,40.73757,-73.9885448,meta,2025-06-02T07:00:00.000Z,0.8540983606557377,da501871-1a8e-4bcc-9396-e74a39de4ab2,,commercial,commercial,OpenStreetMap,2020-04-02T20:35:35.000Z,,new-york,False
97037b5a-c908-4727-9255-f81834c7bad9,NRG Tech,automotive_parts_and_accessories,"['automotive_repair', 'automotive']",NY,West Babylon,11704.0,99 Bell St,40.7316557,-73.393565,meta,2025-06-02T07:00:00.000Z,0.9784508333782836,fcd7abb8-51db-4416-b0fb-124af801d6b1,,commercial,commercial,OpenStreetMap,2017-01-29T04:27:41.000Z,,new-york,False
282e092c-28d4-47dd-bc91-858a27d17169,NRG Remodeling,contractor,"['construction_services', 'home_improvement_store']",NY,West Babylon,11704.0,863 RT-109,40.7151276,-73.3872894,meta,2025-06-02T07:00:00.000Z,0.8860580325548478,bfb5c223-b460-49e3-b7a2-d8c15e0c311e,,commercial,commercial,OpenStreetMap,2021-06-02T12:54:58.000Z,,new-york,False
8fe9b5c6-abe0-4166-b84b-043c50c34685,Nrg Café,cafe,['coffee_shop'],NJ,Parsippany,7054.0,"Hilton-Parsippany, 1 Hilton Ct",40.841099,-74.4552389,meta,2025-06-02T07:00:00.000Z,0.3376623376623376,ded762f9-8738-4283-8472-69c94af7e5e4,Hilton Parsippany,commercial,commercial,OpenStreetMap,2024-01-17T03:39:38.000Z,,new-york,False
ded7fd65-a7b7-4842-bd28-f634022077c2,NRG Insulation LLC,contractor,,NJ,Garfield,7026.0,105 Plauderville Ave,40.88622,-74.1069,meta,2025-06-02T07:00:00.000Z,0.3313953488372093,461a00e2-d358-4a0a-aa74-fdef64b4d36b,,,,Microsoft ML Buildings,2022-10-16T00:00:00.000Z,,new-york,False
6fb797d4-ba96-40cb-8240-9bb70b3f3f60,NRG Athletics,gym,['active_life'],NY,Farmingville,11738.0,1025 Portion Rd,40.8359488,-73.0684326,meta,2025-06-02T07:00:00.000Z,0.9879256218304756,47a2c804-92d7-4b49-8bef-9a5f0cb4e8bd,,commercial,commercial,OpenStreetMap,2021-06-02T12:54:58.000Z,,new-york,False
bfdbfa0f-6b47-43d5-a058-6d0f8396f2db,Nrg Lab's Nature's Real Gifts 2846 Federal Blvd,charity_organization,,CO,Denver,80211.0,2846 Federal Blvd,39.7583279,-105.0248564,meta,2025-06-02T07:00:00.000Z,0.4929396662387676,dad93404-fc8d-4a43-be14-599412160d8b,Elmira Studio Apartments,residential,apartments,OpenStreetMap,2017-01-25T11:44:27.000Z,,denver,False
ce538243-b204-4ce8-9eb4-5817677949d9,NRG Auto Sales LLC,car_dealer,['used_car_dealer'],,,80216.0,955 E 58th Ave Unit G,39.8030712,-104.9754868,meta,2025-06-02T07:00:00.000Z,0.9300613496932516,f96af6b8-3365-4eb1-b6b9-86d676b94fee,,,,OpenStreetMap,2013-02-15T20:51:53.000Z,,denver,False
5d62f32e-d74e-4409-a6be-181de5c5bc02,NRG LYFT,event_planning,['business'],UT,Draper,84020.0,67 W 13490 S,40.5058395,-111.8936485,meta,2025-06-02T07:00:00.000Z,0.8860580325548478,,,,,,,,salt-lake-city,True
0fee19d7-e4f7-4214-b7dc-0d50851f4511,NRG Energy,public_utility_company,"['energy_company', 'electric_utility_provider']",,,60446.0,529 E Romeo Rd,41.639926,-88.106132,meta,2025-06-02T07:00:00.000Z,0.5662921348314607,56278cd9-b900-4524-b9d9-ce987564c626,Romeoville Recreation Center,,,OpenStreetMap,2023-01-05T22:35:45.000Z,,chicago,False
7445d8ef-eebf-4786-8666-fe35bc44dc5b,NRG Trucking Company,freight_and_cargo_service,"['transportation', 'taxi_service']",IL,Burr Ridge,60527.0,16W277 83rd St,41.7376067,-87.9419543,meta,2025-06-02T07:00:00.000Z,0.9300613496932516,99b99029-dd2e-4e6b-8782-79fde4208632,277,,,OpenStreetMap,2025-04-17T22:12:36.000Z,,chicago,True
44a0a909-5af2-4fdc-ab57-66ed6c49b870,NRG Restore,damage_restoration,['waterproofing'],IL,Elk Grove Village,60007.0,1466 Elmhurst Rd,42.0054194,-87.9414247,Microsoft,2023-11-04T23:02:03.647Z,0.77,79952d46-96f0-45ca-a4df-375e2e61eced,,industrial,industrial,OpenStreetMap,2016-01-07T19:39:20.000Z,,chicago,False
f78089a1-fecc-4fe5-91cd-20a92164ace3,NRG Series,hobby_shop,"['gift_shop', 'shopping']",IL,Buffalo Grove,60089.0,1361 W Dundee Rd,42.1376536,-87.9886896,meta,2025-06-02T07:00:00.000Z,0.8253968253968254,a71819ba-0e85-4592-baee-e092d43c453c,,,,OpenStreetMap,2024-03-18T16:40:20.000Z,,chicago,False
ac7fd289-c063-4bd7-a643-7dd8b34cd10f,Nrg Energy Waukegan,engineering_services,"['energy_company', 'public_utility_company']",IL,Waukegan,60087.0,401 E Greenwood Ave,42.3831,-87.814424,meta,2025-06-02T07:00:00.000Z,0.4929396662387676,0fdfbb79-0f8e-404c-9425-08b8f296be2a,,industrial,industrial,OpenStreetMap,2020-09-24T19:50:37.000Z,,chicago,False
7b6d1fc5-3e2d-4e80-86b4-f8da8603dac3,NRG Content House,topic_concert_venue,"['event_planning', 'holiday_rental_home']",NV,Las Vegas,89146.0,1355 Westwind Rd,36.15671,-115.21968,meta,2025-06-02T07:00:00.000Z,0.242152466367713,,,,,,,,las-vegas,False
5ff7c6b6-1b1b-41c6-ba58-a281c3b3a274,NRG Security Group,security_services,,OR,Portland,97219.0,12444 SW 57th Ave,45.4352594,-122.7352212,Microsoft,2025-03-06T21:16:07.190Z,0.77,e1580d14-45e4-41b9-9514-46d4fb7116b3,,residential,detached,OpenStreetMap,2015-09-04T05:16:10.000Z,,portland,False
a079d12c-aee4-4791-aa7f-a62372e5f88d,NRG gilbert,public_utility_company,"['engineering_services', 'energy_company']",NJ,Milford,8848.0,315 Riegelsville Rd,40.5713709,-75.1650765,meta,2025-06-02T07:00:00.000Z,0.3376623376623376,,,,,,,,allentown-bethlehem,False
