id_left,primary_name_left,primary_category,alternate_category,region,locality,zipcode,address,latitude,longitude,plc_source_dataset,plc_source_update_time,plc_source_confidence,id_right,primary_name_right,subtype,class,bldg_dataset,bldg_update_time,bldg_confidence,source_city,is_office_by_pipeline
bfb63ed9-daa5-4505-82f6-ca3c5067c84d,Occidental 72,social_service_organizations,"['lodge', 'community_services_non_profits']",WA,Seattle,98107.0,2006 NW Market St,47.6687587,-122.3825822,meta,2025-06-02T07:00:00.000Z,0.9459263554653524,,,,,,,,seattle,False
eb92a0bc-59ee-49a5-ab11-9612c6ef6031,1750 Occidental Avenue South Parking,parking,['social_service_organizations'],WA,Seattle,98134.0,1750 Occidental Ave S,47.5880954,-122.3331575,meta,2025-06-02T07:00:00.000Z,0.909823677581864,,,,,,,,seattle,False
5f11047a-93c5-4e9d-9fa9-307b09e1b9c4,Occidental Square,public_plaza,"['park', 'landmark_and_historical_building']",WA,Seattle,98104.0,117 S Washington St,47.6006185,-122.3332127,meta,2025-06-02T07:00:00.000Z,0.9784508333782836,098b81fc-43b0-4d2c-bd86-a0cb01069bc6,,,,Microsoft ML Buildings,2023-09-01T00:00:00.000Z,0.9276999831199646,seattle,False
b751dc59-1227-4707-a987-e4f145325198,Occidental Mall,shopping_center,['shopping'],WA,Seattle,98104.0,300 Occidental Ave S,47.599401,-122.332466,meta,2025-06-02T07:00:00.000Z,0.7548172757475083,30a052f6-b9fa-45ba-8b2b-39b0ed2798f8,Burke Building,,,OpenStreetMap,2024-04-11T06:05:06.000Z,,seattle,False
6e3647cc-a578-401e-8468-055c70eace59,Occidental International Foods,grocery_store,"['wholesale_store', 'restaurant']",NJ,Randolph,7869.0,4 Middlebury Blvd,40.8637198,-74.6164521,meta,2025-06-02T07:00:00.000Z,0.8860580325548478,25c43770-ba3b-4ca3-8587-c7686d1a28c0,,industrial,industrial,OpenStreetMap,2016-10-23T00:40:17.000Z,,new-york,False
2c2a179a-7206-4d15-824a-53d9d487f9d4,Occidental Insurance Underwriters,insurance_agency,['automotive_repair'],FL,Sweetwater,33174.0,11400 W Flagler St,25.7680594,-80.3816364,meta,2025-06-02T07:00:00.000Z,0.9204819277108434,,,,,,,,miami,False
eebc68d0-39af-4e7d-8e14-1fa984457c16,Occidental Risks Services,insurance_agency,,FL,Sweetwater,33172.0,1750 NW 107th Ave,25.790391,-80.3697303,meta,2025-06-02T07:00:00.000Z,0.9300613496932516,c28a628a-6d82-400f-bb2a-2690e73cdc48,NUVO SUITES HOTEL,commercial,hotel,OpenStreetMap,2021-03-19T22:46:35.000Z,,miami,False
6d0b06fa-ace7-47e9-863b-515d1f607df1,Oxy Supply Company,freight_and_cargo_service,"['professional_services', 'legal_services']",FL,Doral,33172.0,1345 NW 98th Ct,25.785362,-80.3533033,meta,2025-06-02T07:00:00.000Z,0.9204819277108434,ce529d07-6aed-4bba-9c55-64464f16c66d,,,,OpenStreetMap,2020-09-02T16:19:12.000Z,,miami,True
cbfdb7f5-d82f-4f85-967b-b66fc7c96df0,Oxy Salon Suites,beauty_salon,"['professional_services', 'beauty_and_spa']",FL,Miami,33132.0,245 NE 14th St,25.7883989,-80.1899906,meta,2025-06-02T07:00:00.000Z,0.9784508333782836,7e429d8b-8d3e-4721-bf41-6b9db81d09eb,Melody Tower,residential,apartments,OpenStreetMap,2021-10-27T17:12:27.000Z,,miami,False
1d684a2f-fd17-4851-85c9-ca483a8ed393,Occidental Papagayo - Adults only - All Inclusive,resort,"['hotel', 'lodge']",,Guanacaste,485000.0,"Blvd Playa Hermosa, 800mts al norte",33.325483,-111.9372095,Microsoft,2024-06-24T09:37:29.010Z,0.77,,,,,,,,phoenix,False
6e57d724-da7d-456c-a2d3-34e5ab8631d8,Occidental Roofing,contractor,"['roofing', 'construction_services']",AZ,Tempe,85281.0,1801 S Jentilly Ln,33.408584,-111.9229507,meta,2025-06-02T07:00:00.000Z,0.909823677581864,6d03ce80-3e84-4005-a7d3-21f405b2845a,,,,OpenStreetMap,2024-05-20T03:18:50.000Z,,phoenix,False
9e4c6ecf-ff12-4153-8109-88237e3274e1,Occidental Chemical Corporation,chemical_plant,['professional_services'],IL,Chicago,60629.0,4201 W 69th St,41.7664679,-87.7279212,meta,2025-06-02T07:00:00.000Z,0.9784508333782836,0ef03ba4-1dc7-4fa1-93b5-4276b538b09a,,,,OpenStreetMap,2012-05-05T15:35:52.000Z,,chicago,True
58a50a9f-6b36-4bbd-9d67-644163af59e9,Occidental Cigar Club,pub,"['bar', 'cocktail_bar']",CA,San Francisco,94104.0,471 Pine St,37.7916145,-122.4036502,meta,2025-06-02T07:00:00.000Z,0.9784508333782836,d0ab9cb6-f4b9-4989-b85f-2c4cb8bef1ef,350 Bush St.,,,OpenStreetMap,2022-09-04T23:20:30.000Z,,oakland,False
58a50a9f-6b36-4bbd-9d67-644163af59e9,Occidental Cigar Club,pub,"['bar', 'cocktail_bar']",CA,San Francisco,94104.0,471 Pine St,37.7916145,-122.4036502,meta,2025-06-02T07:00:00.000Z,0.9784508333782836,b5fb2d6a-c814-4020-b516-14bbf054c2f5,,,,OpenStreetMap,2021-05-13T00:24:00.000Z,,oakland,False
bff840fa-961c-4f0b-8eec-37a453040574,Occidental Life Insurance Company Building,landmark_and_historical_building,['fountain'],NC,Raleigh,0.0,,35.7986111,-78.6569444,meta,2025-06-02T07:00:00.000Z,0.4929396662387676,,,,,,,,raleigh,True
23402bdb-d8de-4500-9c58-7bcc946726d9,Oxy,business_manufacturing_and_supply,"['chemical_plant', 'energy_company']",TX,Houston,77046.0,5 Greenway Plz,29.7304275,-95.4319546,meta,2025-06-02T07:00:00.000Z,0.9204819277108434,,,,,,,,houston,False
043110c4-085d-470a-bd34-7f27703f5d19,Oxy occidental petroleum corporation company,travel_company,"['passport_and_visa_services', 'business']",TX,Houston,77046.0,5 Greenway Plz,29.73079,-95.43139,meta,2025-06-02T07:00:00.000Z,0.296943231441048,65cb5b95-002e-4281-bcf7-5187255c4379,5 Greenway Plaza,,,OpenStreetMap,2023-09-17T20:33:14.000Z,,houston,True
20e23b8d-951a-426b-ba9b-4bbbdcc664c2,Oxy Vinyls,commercial_industrial,"['chemical_plant', 'industrial_equipment']",TX,Deer Park,77536.0,5900 Highway 225,29.7134345,-95.1214927,meta,2025-06-02T07:00:00.000Z,0.4929396662387676,42fc0c30-cd45-4347-8dfa-11b1e7d50928,,,,OpenStreetMap,2021-09-22T13:04:39.000Z,,houston,False
e46684cc-56b9-4371-8aec-3173d4864635,Occidental Chemical Corporation Houston Chemical Complex,chemical_plant,"['gas_station', 'professional_services']",TX,Deer Park,77536.0,1000 Tidal Rd,29.72357,-95.11057,meta,2025-06-02T07:00:00.000Z,0.3961437335670464,,,,,,,,houston,True
64084811-c14c-43c1-844a-4927c6c8ec8c,Oxy Vinyls,chemical_plant,['commercial_industrial'],TX,Deer Park,77536.0,1000 Tidal Rd,29.7293771,-95.1122734,meta,2025-06-02T07:00:00.000Z,0.9297091412742382,,,,,,,,houston,False
1185b91e-0e1d-4488-a38d-2b665d6502a5,Occidental Petroleum Corporation,gas_station,"['business_manufacturing_and_supply', 'professional_services']",TX,Houston,77060.0,363 N Sam Houston Pkwy E,29.9416038,-95.3970621,meta,2025-06-02T07:00:00.000Z,0.9300613496932516,47c1ac69-da43-4382-b8fe-21e8fa57d25e,,,,OpenStreetMap,2022-03-05T07:01:07.000Z,,houston,True
4cf2e543-afa2-4d57-a262-bfe498c9a334,Oxy Creative,business_advertising,['web_designer'],TX,Spring,77380.0,2219 Sawdust Rd,30.1326877,-95.473023,meta,2025-06-02T07:00:00.000Z,0.8831168831168831,,,,,,,,houston,False
d7c5a918-23c4-47c3-8e60-145861aaaed6,Oxy Dental of Chino,dentist,['hospital'],CA,Chino,91710.0,5436 Riverside Dr,34.0193922,-117.6864034,meta,2025-06-02T07:00:00.000Z,0.9784508333782836,b985e4af-5e3c-4c48-b8ca-cee2efb6a09d,,,,Microsoft ML Buildings,2021-02-06T00:00:00.000Z,,riverside-san-bernardino,False
268c9580-ce3c-4933-9be6-9e01c1862272,Fitness by Oxy,active_life,"['gym', 'fitness_trainer']",MD,Baltimore,21201.0,1016 N Charles St,39.3017973,-76.616094,meta,2025-06-02T07:00:00.000Z,0.8831168831168831,0b76f3ee-27f7-4c82-8820-e211ba1abe96,,,,OpenStreetMap,2022-09-28T10:31:25.000Z,,baltimore,False
5d6fad26-20b1-450d-9a5e-662b59481c6a,Occidental Petroleum Corporation,business_manufacturing_and_supply,"['gas_station', 'commercial_industrial']",OK,Tulsa,74119.0,110 W 7th St S,36.148727,-95.9906603,meta,2025-06-02T07:00:00.000Z,0.9415384615384615,93f319cf-d52e-426c-8c65-400572e8ba52,Hillcrest Building,commercial,office,OpenStreetMap,2025-05-05T22:19:13.000Z,,tulsa,True
dc9bd530-fc44-4487-9f2c-8b93c5f6bc3b,Hair By Oxy,beauty_and_spa,,OK,Tulsa,74133.0,6532 E 71st St S,36.0598726,-95.9031224,meta,2025-06-02T07:00:00.000Z,0.242152466367713,e8815d8f-99d8-446d-889e-b6e435667022,Seasons Hospice,,,OpenStreetMap,2025-04-16T04:23:48.000Z,,tulsa,False
a89f1da0-1023-4789-973f-53fbdf07bca8,"Occidental Management, Inc",commercial_real_estate,['real_estate'],KS,Wichita,67202.0,165 S Rock Island St,37.6844979,-97.3283267,meta,2025-06-02T07:00:00.000Z,0.9879256218304756,d29505d1-ea8a-4c79-9d00-3a6ccbdca596,,,,OpenStreetMap,2022-07-23T00:00:54.000Z,,wichita,True
79043e1b-c234-462d-b1df-281cad76e5bb,Oxy Dry Cleans Carpet,carpet_cleaning,"['carpet_store', 'home_cleaning']",GA,Atlanta,30303.0,260 Peachtree St NW,33.76154,-84.387894,meta,2025-06-02T07:00:00.000Z,0.242152466367713,2a1d8e6b-2b13-4c6a-8a27-d7520cd38bec,Coastal States Building,commercial,commercial,OpenStreetMap,2024-04-09T23:19:56.000Z,,atlanta,False
598ce990-9b99-4dc0-8359-55016d26aa1c,Oxy's Alteration,sewing_and_alterations,,GA,Norcross,30093.0,5495 Jimmy Carter Blvd,33.9098643,-84.2041842,meta,2025-06-02T07:00:00.000Z,0.3376623376623376,,,,,,,,atlanta,False
4e6c1b7d-8277-482b-9847-a1de93a2fa56,Oxy-Gen Laboratory LLC,laboratory_testing,['diagnostic_services'],GA,Peachtree Corners,30092.0,303 Research Dr,33.96586,-84.21627,meta,2025-06-02T07:00:00.000Z,0.3961437335670464,c83df2ae-284f-4ecc-8052-9ab0b8b5e07e,,commercial,commercial,OpenStreetMap,2015-03-05T05:47:07.000Z,,atlanta,False
f3512677-5134-4f19-a4d5-587fe0ef55c9,Oxy Athletics,gym,"['fitness_trainer', 'active_life']",GA,Norcross,30071.0,5380 Peachtree Industrial Blvd,33.960597,-84.2089309,meta,2025-06-02T07:00:00.000Z,0.3961437335670464,,,,,,,,atlanta,False
b8875fc3-d3bb-4dd0-96ac-d894fb57b3b2,Occidental,cocktail_bar,"['bar', 'pub']",CO,Denver,80211.0,1950 W 32nd Ave,39.7619796,-105.010911,meta,2025-06-02T07:00:00.000Z,0.9784508333782836,fd15d714-94b6-4bad-b094-5a4a0a77a17e,,commercial,retail,OpenStreetMap,2018-08-30T02:24:47.000Z,,denver,False
b8875fc3-d3bb-4dd0-96ac-d894fb57b3b2,Occidental,cocktail_bar,"['bar', 'pub']",CO,Denver,80211.0,1950 W 32nd Ave,39.7619796,-105.010911,meta,2025-06-02T07:00:00.000Z,0.9784508333782836,02436ca8-f87b-4cc0-9e08-be175eb9d506,,commercial,retail,OpenStreetMap,2018-05-10T14:57:45.000Z,,denver,False
efa42706-b2c4-4d9c-bb60-b758186f06d8,Occidental Petroleum Corporation,business_manufacturing_and_supply,"['professional_services', 'gas_station']",CO,Denver,80202.0,1099 18th St,39.7493446,-104.9926089,meta,2025-06-02T07:00:00.000Z,0.9784508333782836,8e5c071a-f360-451c-8410-13389db730ba,Granite Tower,commercial,commercial,OpenStreetMap,2022-09-07T23:45:24.000Z,,denver,True
353f6881-0c53-4ad3-bb99-45af4474badb,Occidental Apartments,real_estate_agent,"['landmark_and_historical_building', 'real_estate']",CA,Oxnard,93036.0,443 Occidental Dr,34.2276234,-119.1691574,meta,2025-06-02T07:00:00.000Z,0.9300613496932516,4e260fc7-0491-4225-a7ab-b5cd950a809a,,,,Microsoft ML Buildings,2022-04-29T00:00:00.000Z,,oxnard,False
353f6881-0c53-4ad3-bb99-45af4474badb,Occidental Apartments,real_estate_agent,"['landmark_and_historical_building', 'real_estate']",CA,Oxnard,93036.0,443 Occidental Dr,34.2276234,-119.1691574,meta,2025-06-02T07:00:00.000Z,0.9300613496932516,e41fe889-9c88-4988-af80-80291ab5b496,,,,Microsoft ML Buildings,2022-04-29T00:00:00.000Z,,oxnard,False
37aa5428-c941-40c2-91d0-6bfa49d29525,Occidental Life Building,landmark_and_historical_building,"['insurance_agency', 'fountain']",NM,Albuquerque,87102.0,119 3rd St NW,35.08371,-106.650617,meta,2025-06-02T07:00:00.000Z,0.7548172757475083,0e4a4010-387d-4e6b-9925-e8a3a8f9533c,Occidental Life Building,,,OpenStreetMap,2019-01-10T21:03:53.000Z,,albuquerque,False
9337e495-808b-48be-be2d-6df316a6e8e0,Occidental Oaks Cutting Ranch,equestrian_facility,,CA,Santa Rosa,95401.0,4475 Occidental Rd,38.42553,-122.77836,meta,2025-06-02T07:00:00.000Z,0.3376623376623376,,,,,,,,santa-rosa,False
faffd18c-3328-4dea-a8b9-397e76bf2b23,Oxy,health_and_medical,['medical_service_organizations'],NY,Orchard Park,14127.0,707 Sterling Dr,42.7920977,-78.7665751,meta,2025-06-02T07:00:00.000Z,0.672566371681416,c033f2b8-38c7-4df5-b9dd-3931b63c8469,,,,OpenStreetMap,2024-02-03T21:01:57.000Z,,buffalo,False
a274d7de-fed2-4c1d-8ed0-2c712ecd0d20,Occidental Chemical Corporation,chemical_plant,['pharmacy'],NY,Wheatfield,14120.0,3780 Commerce Ct,43.0614625,-78.8397932,meta,2025-06-02T07:00:00.000Z,0.9300613496932516,c0adfb3d-6868-41e8-b9a1-b931fc84a5c5,,commercial,commercial,OpenStreetMap,2023-01-23T20:57:42.000Z,,buffalo,True
e739f8f8-f513-403e-950b-09fd06728463,Occidental Chemical Corp,chemical_plant,['professional_services'],AL,Mobile,36611.0,1300 Jarvis Rd,30.749965,-88.067072,meta,2025-06-02T07:00:00.000Z,0.7548172757475083,ce9ca046-e727-4881-81cc-7ae77408a824,,,,OpenStreetMap,2022-08-24T05:46:12.000Z,,mobile,False
35a665a1-05fe-4e44-aaa9-fb2ef3c07909,Occidental Chemical,business_manufacturing_and_supply,['chemical_plant'],TX,Dallas,75244.0,5005 LBJ Fwy,32.928051,-96.821945,meta,2025-06-02T07:00:00.000Z,0.296943231441048,cf303730-6ed7-45a9-887a-7b24c3cc458b,,commercial,office,OpenStreetMap,2018-11-18T19:51:34.000Z,,denton-lewisville,False
8121ffca-7b1d-44ae-9151-b1f5b3f8f4ab,Occidental Underwriters of Hawaii,insurance_agency,,HI,Honolulu,96814.0,1163 S Beretania St,21.301277,-157.8435924,meta,2025-06-02T07:00:00.000Z,0.9688311688311688,e7fd8108-45d8-4293-a2f2-e1bacd27a5e4,Occidental Building,,,OpenStreetMap,2025-04-30T20:56:50.000Z,,honolulu,False
30968f1e-1cc9-4846-9822-b33a1e1f2c93,Maple Occidental Park,park,"['active_life', 'attractions_and_activities']",,,92707.0,,33.7247464,-117.8634244,meta,2025-06-02T07:00:00.000Z,0.9300613496932516,,,,,,,,los-angeles,False
062a78a8-7a23-4287-a5ae-da663bfe54dc,Oxy Dental,dentist,"['professional_services', 'endodontist']",CA,Lomita,90717.0,1816 Lomita Blvd,33.7974484,-118.3101448,meta,2025-06-02T07:00:00.000Z,0.9784508333782836,f61bcbaf-2067-4991-853f-63d76b2beeab,,commercial,retail,OpenStreetMap,2016-04-04T22:16:29.000Z,,los-angeles,False
cfbff580-67ab-4c70-ba13-d0e74ba27b67,Oxy Performance,naturopathic_holistic,['chiropractor'],CA,Hermosa Beach,90254.0,200 Pier Ave,33.8628041,-118.398995,meta,2025-06-02T07:00:00.000Z,0.9784508333782836,ec315b50-ae70-4e30-a901-fad3b81d4d52,,commercial,commercial,OpenStreetMap,2016-08-28T17:58:14.000Z,,los-angeles,False
e6b512e4-480f-417a-8717-598b06a00f2b,Oxy Dental Of South Gate,dentist,"['cosmetic_dentist', 'pediatric_dentist']",CA,South Gate,90280.0,12124 Garfield Ave,33.9162057,-118.1686592,meta,2025-06-02T07:00:00.000Z,0.9784508333782836,312e7f90-69c5-4d10-ac87-da163b33f4ba,,commercial,commercial,OpenStreetMap,2016-11-25T19:07:43.000Z,,los-angeles,False
b90e2e64-3aee-4af2-b47b-73b60e565ea4,Occidental Laundromat,laundromat,['dry_cleaning'],CA,Los Angeles,90019.0,1600 6th Ave,34.0433691,-118.3233847,meta,2025-06-02T07:00:00.000Z,0.9784508333782836,2308e0f7-e635-4337-837b-56927bc647db,,commercial,retail,OpenStreetMap,2016-07-01T18:57:47.000Z,,los-angeles,False
611d4f41-7c9a-4732-9d48-c24a0e57c2f5,Occidental Cleaners,dry_cleaning,"['sewing_and_alterations', 'shoe_repair']",CA,Los Angeles,90019.0,3276 W Pico Blvd,34.0468976,-118.3147298,meta,2025-06-02T07:00:00.000Z,0.9784508333782836,e4db96f7-e7e8-46d5-8f15-e2eb04a7c223,,commercial,retail,OpenStreetMap,2024-02-15T05:45:30.000Z,,los-angeles,False
426a5115-f1b3-4c33-86fa-f526b1f8aaa2,Occidental Studios,event_photography,['arts_and_entertainment'],CA,Los Angeles,90038.0,1041 N Mansfield Ave,34.09173,-118.33823,meta,2025-06-02T07:00:00.000Z,0.7548172757475083,2dfb116b-821a-452d-b754-7e3b835f3cbb,,commercial,retail,OpenStreetMap,2016-07-07T16:29:04.000Z,,los-angeles,False
2249c06a-faa3-437f-a628-c91dbf5f1551,Occidental Entertainment Group Holdings,commercial_real_estate,"['topic_concert_venue', 'broadcasting_media_production']",CA,Los Angeles,90038.0,1149 N McCadden Pl,34.0922521,-118.337775,meta,2025-06-02T07:00:00.000Z,0.9300613496932516,47f313c8-7a76-4f28-a9c3-c5b601f12433,,industrial,industrial,OpenStreetMap,2016-07-07T16:29:05.000Z,,los-angeles,False
75eaabaf-a085-42b9-a303-b8c3a16179f5,Occidental Cleaners,dry_cleaning,"['sewing_and_alterations', 'laundromat']",CA,Los Angeles,90057.0,528 S Occidental Blvd,34.0640836,-118.2839242,meta,2025-06-02T07:00:00.000Z,0.9879256218304756,e928a784-ed6f-4f75-8d55-19324757c7f3,,commercial,retail,OpenStreetMap,2016-06-20T23:15:20.000Z,,los-angeles,False
e5345b3b-ba55-4a91-8a22-90fab28b4867,The Occidental,landmark_and_historical_building,['accommodation'],CA,Los Angeles,90057.0,200 S Occidental Blvd,34.069035,-118.280883,meta,2025-06-02T07:00:00.000Z,0.3376623376623376,aa9349f8-ffaf-4ff8-a3f4-2c88bd5b1bab,,residential,apartments,OpenStreetMap,2016-06-20T23:12:03.000Z,,los-angeles,False
2cbbba97-abff-4d6a-b48f-f9fcc259496e,Occidental Apartments,apartments,,CA,Los Angeles,90057.0,148 S Occidental Blvd,34.069579,-118.2808609,Microsoft,2025-04-15T10:35:19.820Z,0.77,,,,,,,,los-angeles,False
ae967226-2b68-461b-8907-01023f9b2925,Occidental Liquor,liquor_store,['bar'],CA,Los Angeles,90057.0,2755 Beverly Blvd,34.0707351,-118.2791728,meta,2025-06-02T07:00:00.000Z,0.9784508333782836,,,,,,,,los-angeles,False
6d7b7129-0000-4833-abd2-e5bee46a53fb,Byte Federal Bitcoin ATM (Occidental Liquor),atms,,CA,Los Angeles,90057.0,2755 Beverly Blvd.,34.0709268,-118.2791576,Microsoft,2021-09-16T19:01:54.553Z,0.77,b144dcfb-25af-4e9e-96f0-5651a1da569b,,commercial,retail,OpenStreetMap,2016-07-12T21:31:29.000Z,,los-angeles,False
cf0d9dfe-4c9b-46e7-a394-38e2f4f1bf72,Occidental Studios,music_production,"['movie_television_studio', 'broadcasting_media_production']",CA,Los Angeles,90026.0,201 N Occidental Blvd,34.0724618,-118.278519,meta,2025-06-02T07:00:00.000Z,0.9784508333782836,7be98831-b8f9-49f2-9253-7616548ce9aa,,,,OpenStreetMap,2016-06-20T22:07:30.000Z,,los-angeles,False
4347da5a-c357-4767-afc8-e7c9553a81e6,Oxy Dental,orthodontist,"['dentist', 'oral_surgeon']",CA,Los Angeles,90029.0,906 N Vermont Ave,34.0879251,-118.2915391,meta,2025-06-02T07:00:00.000Z,0.9879256218304756,c5b1b2ae-c6e4-478f-a922-f82c75ab6ecd,,commercial,retail,OpenStreetMap,2016-05-23T06:19:53.000Z,,los-angeles,False
5bb6e897-7761-49be-bad8-fda0d1086e2e,Occidental Studios,arts_and_entertainment,"['cinema', 'broadcasting_media_production']",CA,Van Nuys,91406.0,7700 Balboa Blvd,34.2106839,-118.4996289,meta,2025-06-02T07:00:00.000Z,0.9459263554653524,,,,,,,,los-angeles,False
3564a3b1-3ab2-4e8c-9dc1-82e1e864b2ae,Oxy Nails Place,nail_salon,['beauty_and_spa'],CA,Los Angeles,91403.0,15206 Ventura Blvd,34.1532956,-118.4642416,meta,2025-06-02T07:00:00.000Z,0.9300613496932516,018cbd1f-6c49-411e-af34-ad52ec63cd20,,commercial,commercial,OpenStreetMap,2016-07-20T16:36:18.000Z,,los-angeles,False
ecd1b633-df6a-4e7a-90e8-21db2f65facc,Oxy Dental,dentist,['professional_services'],CA,North Hollywood,91606.0,12902 Victory Blvd,34.186436,-118.4140541,meta,2025-06-02T07:00:00.000Z,0.9784508333782836,64ea8caa-5709-42b8-b283-2a96e51a2a8e,,commercial,retail,OpenStreetMap,2016-07-20T16:20:16.000Z,,los-angeles,False
09a95d71-34cc-4842-9c83-59eea38dbf00,Oxy Respiratory & Home Medical Equipment,medical_supply,"['hospital', 'health_and_medical']",CA,Van Nuys,91405.0,7324 Sepulveda Blvd,34.2037143,-118.4658908,meta,2025-06-02T07:00:00.000Z,0.9415384615384615,3dff5be9-5346-4d9f-89e9-d7bdadeaf926,,commercial,retail,OpenStreetMap,2016-07-08T06:07:31.000Z,,los-angeles,False
2bddceca-6eab-492f-ac85-83afb6b91327,Occidental Studios,beauty_salon,"['event_planning', 'real_estate']",CA,Los Angeles,91605.0,7333 Radford Ave,34.2036441,-118.3929263,meta,2025-06-02T07:00:00.000Z,0.9459263554653524,96d97437-8e42-4bf2-a4cf-d9d7fec22d32,,industrial,industrial,OpenStreetMap,2022-07-21T15:48:02.000Z,,los-angeles,False
b93a1724-9bc2-484d-9896-df58c31d55f4,Oxy Dental,orthodontist,"['dentist', 'professional_services']",CA,Los Angeles,90065.0,2135 Cypress Ave,34.103527,-118.2368882,meta,2025-06-02T07:00:00.000Z,0.9784508333782836,,,,,,,,los-angeles,False
9ff5c2cf-5076-4cc8-8198-8bf67bd58fa7,Occidental United Presbyterian Church,church_cathedral,['religious_organization'],CA,Los Angeles,90041.0,4371 Eagle Rock Blvd,34.1242082,-118.2213219,meta,2025-06-02T07:00:00.000Z,0.9784508333782836,87a1b0e7-16d5-45bc-99d7-eb208a8010af,,,,OpenStreetMap,2016-07-04T18:26:16.000Z,,los-angeles,False
a579e636-8a92-452b-a2f7-5af8e095eb2c,Herklotz Music Library at Occidental College,library,"['music_production', 'music_venue']",CA,Los Angeles,90041.0,1600 Campus Rd,34.12626,-118.21412,meta,2025-06-02T07:00:00.000Z,0.3961437335670464,,,,,,,,los-angeles,False
c4a23382-f936-4fc3-9768-33229c13ce5d,Oxy Lofts,landmark_and_historical_building,"['accommodation', 'lawyer']",CA,Los Angeles,90041.0,4547 Eagle Rock Blvd,34.1272823,-118.2183059,meta,2025-06-02T07:00:00.000Z,0.9459263554653524,,,,,,,,los-angeles,False
53269229-de86-4951-9727-2ecec3e6ceb1,"Zeta Tau Zeta, Occidental College",social_service_organizations,"['community_services_non_profits', 'school']",CA,Los Angeles,90041.0,1626 N Avenue 46,34.126614,-118.21548,meta,2025-06-02T07:00:00.000Z,0.3961437335670464,f1fb6fea-f641-464e-adbf-bd46482f5987,,residential,house,OpenStreetMap,2022-11-30T00:49:12.000Z,,los-angeles,False
07feb221-bd6f-41fd-9344-03fdc6e19f73,Gilman Fountain at Occidental College,college_university,['education'],,,90041.0,,34.1264031,-118.2130819,meta,2025-06-02T07:00:00.000Z,0.909823677581864,,,,,,,,los-angeles,False
e29aa9b1-416f-4408-8b92-0fe59dfd8883,Bill Henry Track Occidental College,track_stadium,"['topic_concert_venue', 'professional_sports_league']",CA,Los Angeles,90041.0,1600 Campus Rd,34.1267738,-118.2135696,meta,2025-06-02T07:00:00.000Z,0.3961437335670464,,,,,,,,los-angeles,False
d9acae1b-6457-43c3-9211-b3621badf409,Oxy Arts,art_gallery,"['campus_building', 'arts_and_entertainment']",CA,Los Angeles,90042.0,4757 York Blvd,34.1224683,-118.2116985,meta,2025-06-02T07:00:00.000Z,0.9784508333782836,,,,,,,,los-angeles,True
5dc06655-cb59-4648-bd59-16849986280a,Institute for the Study of Los Angeles - Occidental College,college_university,"['community_services_non_profits', 'museum']",CA,Los Angeles,90041.0,1600 Campus Rd,34.1275,-118.21285,meta,2025-06-02T07:00:00.000Z,0.242152466367713,,,,,,,,los-angeles,False
8362f1e6-e9e9-4499-a13d-cbe1dd36091d,Oxy Education Department,school,"['public_and_government_association', 'education']",CA,Los Angeles,90041.0,1600 Campus Rd,34.1273113,-118.2114891,meta,2025-06-02T07:00:00.000Z,0.296943231441048,7d75e867-4af4-47e9-838d-0203c6d175ae,Johnson Hall,education,college,OpenStreetMap,2024-08-25T15:06:55.000Z,,los-angeles,False
c2a825c3-4e14-46f0-838e-1a99fb8d54a5,L.A. Engage - Occidental College,college_university,"['campus_building', 'school']",CA,Los Angeles,90041.0,1600 Campus Rd,34.1273113,-118.2114891,meta,2025-06-02T07:00:00.000Z,0.4929396662387676,7d75e867-4af4-47e9-838d-0203c6d175ae,Johnson Hall,education,college,OpenStreetMap,2024-08-25T15:06:55.000Z,,los-angeles,True
f8b2895f-dbe8-4655-9f27-4e7cce9ea0f9,Occidental College,college_university,"['education', 'school']",CA,Los Angeles,90041.0,1600 Campus Rd,34.1273592,-118.2104391,meta,2025-06-02T07:00:00.000Z,0.9879256218304756,b63fff17-a939-4ab7-943d-92cf29e00925,Emmons Wellness Center,medical,,OpenStreetMap,2023-01-24T03:26:26.000Z,,los-angeles,False
dc118660-ea88-442e-b49c-3fc7055236d1,"Tigertown, Occidental",political_organization,['printing_services'],CA,Los Angeles,90041.0,1600 Campus Rd,34.127322,-118.210305,meta,2025-06-02T07:00:00.000Z,0.296943231441048,b63fff17-a939-4ab7-943d-92cf29e00925,Emmons Wellness Center,medical,,OpenStreetMap,2023-01-24T03:26:26.000Z,,los-angeles,False
f79e1e8b-59f1-4213-98df-1841965b6903,Alpha Lambda Phi Alpha - Occidental College,college_university,"['social_service_organizations', 'campus_building']",CA,Los Angeles,90041.0,4549 Alumni Ave,34.1276933,-118.2121978,meta,2025-06-02T07:00:00.000Z,0.4929396662387676,521d54f6-c1b0-4942-83c0-382ca1c89a5d,,education,university,OpenStreetMap,2021-02-25T07:08:10.000Z,,los-angeles,True
752faa7a-df20-4785-b225-c90d4bc6deec,Occidental College Child Development Center,day_care_preschool,"['preschool', 'home_service']",CA,Los Angeles,90041.0,1824 Campus Rd,34.129801,-118.2101707,meta,2025-06-02T07:00:00.000Z,0.9784508333782836,,,,,,,,los-angeles,False
352f3791-d1d7-4013-a778-b75f2c41311f,FEAST - Oxy's Organic Garden,urban_farm,"['farm', 'nursery_and_gardening']",CA,Los Angeles,90041.0,1882 Campus Rd,34.129977,-118.2095861,meta,2025-06-02T07:00:00.000Z,0.3961437335670464,,,,,,,,los-angeles,False
934a41f9-934e-4ab2-9adc-36f16088a811,Oxy Dental of Santa Ana,dentist,['hospital'],CA,Santa Ana,92706.0,2709 Westminster Ave,33.7600684,-117.9066092,meta,2025-06-02T07:00:00.000Z,0.9784508333782836,,,,,,,,los-angeles,False
d7c5a918-23c4-47c3-8e60-145861aaaed6,Oxy Dental of Chino,dentist,['hospital'],CA,Chino,91710.0,5436 Riverside Dr,34.0193922,-117.6864034,meta,2025-06-02T07:00:00.000Z,0.9784508333782836,b985e4af-5e3c-4c48-b8ca-cee2efb6a09d,,,,Microsoft ML Buildings,2021-02-06T00:00:00.000Z,,los-angeles,False
b5040dd5-c800-420a-a749-4cfb686d663a,The Occidental Buddhist LLC,buddhist_temple,,PA,West Chester,19380.0,1442 Pottstown Pike,39.95156,-75.1658,meta,2025-06-02T07:00:00.000Z,0.2456896551724137,2efae22e-0117-45fa-9142-2decfe8c7523,One Penn Square West,commercial,commercial,OpenStreetMap,2024-07-12T15:28:27.000Z,,philadelphia,False
c2466ccf-d795-49aa-831e-0dc5825d2c8d,Occidental Chemical Corporation,chemical_plant,"['professional_services', 'commercial_industrial']",TX,Dallas,75215.0,1100 Lenway St,32.7545799,-96.7786766,meta,2025-06-02T07:00:00.000Z,0.9459263554653524,bd3c8ca7-c1a5-4cde-b432-d5e3a3f2ed9c,,industrial,industrial,OpenStreetMap,2017-01-12T00:04:13.000Z,,dallas,True
35a665a1-05fe-4e44-aaa9-fb2ef3c07909,Occidental Chemical,business_manufacturing_and_supply,['chemical_plant'],TX,Dallas,75244.0,5005 LBJ Fwy,32.928051,-96.821945,meta,2025-06-02T07:00:00.000Z,0.296943231441048,cf303730-6ed7-45a9-887a-7b24c3cc458b,,commercial,office,OpenStreetMap,2018-11-18T19:51:34.000Z,,dallas,False
cb04311f-342b-4425-b4f3-91afe425594c,Occidental Chemical,laboratory_testing,"['professional_services', 'commercial_industrial']",IL,East St Louis,62206.0,520 Falling Springs Rd,38.572176,-90.183345,meta,2025-06-02T07:00:00.000Z,0.296943231441048,1f988d67-54bb-4f11-bdd9-43a0e8e2a94a,,,,OpenStreetMap,2014-04-22T18:39:57.000Z,,st-louis,False
b34ca556-c7ae-4428-ae83-e283c2c1e893,AF&AM Overland Occidental Lodge #623,social_service_organizations,['community_services_non_profits'],MO,St Louis,63132.0,10770 Page Ave,38.692144,-90.399945,meta,2025-06-02T07:00:00.000Z,0.7548172757475083,a5110967-00c2-457c-988c-6bb0dc7c46cd,,,,OpenStreetMap,2023-07-11T01:34:41.000Z,,st-louis,False
87e6ff2a-266f-41e7-b2ad-1a77fe42178a,Oxy Clean,financial_service,"['brokers', 'professional_services']",WI,Brookfield,53005.0,12605 W North Ave,43.059556,-88.069556,meta,2025-06-02T07:00:00.000Z,0.242152466367713,67171506-3294-446d-b759-ee3fc609b4fa,,,,OpenStreetMap,2022-03-10T12:41:07.000Z,,milwaukee,False
f9eb912a-4c86-410f-b0af-003c095970be,Mercantil Occidental,professional_services,,,Juárez,32380.0,Avenida Reforma 3131,31.7130278,-106.4569055,meta,2025-06-02T07:00:00.000Z,0.9300613496932516,,,,,,,,el-paso,False
30968f1e-1cc9-4846-9822-b33a1e1f2c93,Maple Occidental Park,park,"['active_life', 'attractions_and_activities']",,,92707.0,,33.7247464,-117.8634244,meta,2025-06-02T07:00:00.000Z,0.9300613496932516,,,,,,,,mission-viejo,False
934a41f9-934e-4ab2-9adc-36f16088a811,Oxy Dental of Santa Ana,dentist,['hospital'],CA,Santa Ana,92706.0,2709 Westminster Ave,33.7600684,-117.9066092,meta,2025-06-02T07:00:00.000Z,0.9784508333782836,,,,,,,,mission-viejo,False
d78a26ee-d37b-43ff-8178-2c854b0d0a15,The Occidental,seafood_restaurant,"['restaurant', 'american_restaurant']",DC,Washington,20004.0,1475 Pennsylvania Ave NW,38.8965705,-77.0328955,meta,2025-06-02T07:00:00.000Z,0.9415384615384615,1b752bc5-2d66-4099-8f00-6b34e9b65513,,,,OpenStreetMap,2016-10-04T20:30:10.000Z,,washington-dc,False
5f619f01-905b-44e0-a0ff-f658e80624bd,Occidental Chemical Corporation,chemical_plant,['commercial_industrial'],OH,Cincinnati,45229.0,4701 Paddock Rd,39.1721933,-84.4786908,meta,2025-06-02T07:00:00.000Z,0.9784508333782836,,,,,,,,cincinnati,True
c7865e37-c040-4783-9846-b544b4418c3c,Occidental Asset Management,financial_advising,"['investing', 'financial_service']",CA,Burlingame,94010.0,301 California Dr,37.5798893,-122.3457057,meta,2025-06-02T07:00:00.000Z,0.8831168831168831,,,,,,,,san-francisco,False
0ab47703-523b-471c-97b1-41ebf6d92c5e,Occidental Power,hvac_services,"['solar_installation', 'plumbing']",CA,San Francisco,94112.0,5982 Mission St,37.708026,-122.4545971,meta,2025-06-02T07:00:00.000Z,0.9459263554653524,729bd122-f44d-49d4-8ee7-9bf53cb58f68,,,,OpenStreetMap,2014-06-24T21:06:27.000Z,,san-francisco,False
58a50a9f-6b36-4bbd-9d67-644163af59e9,Occidental Cigar Club,pub,"['bar', 'cocktail_bar']",CA,San Francisco,94104.0,471 Pine St,37.7916145,-122.4036502,meta,2025-06-02T07:00:00.000Z,0.9784508333782836,d0ab9cb6-f4b9-4989-b85f-2c4cb8bef1ef,350 Bush St.,,,OpenStreetMap,2022-09-04T23:20:30.000Z,,san-francisco,False
58a50a9f-6b36-4bbd-9d67-644163af59e9,Occidental Cigar Club,pub,"['bar', 'cocktail_bar']",CA,San Francisco,94104.0,471 Pine St,37.7916145,-122.4036502,meta,2025-06-02T07:00:00.000Z,0.9784508333782836,b5fb2d6a-c814-4020-b516-14bbf054c2f5,,,,OpenStreetMap,2021-05-13T00:24:00.000Z,,san-francisco,False
97d10fd4-89d8-4198-a603-24ce4706e4d9,Occidental Brewing Company,brewery,"['pub', 'bar']",OR,Portland,97203.0,6635 N Baltimore Ave,45.5888679,-122.7617593,meta,2025-06-02T07:00:00.000Z,0.9784508333782836,2a4ee51b-1f45-4dca-859a-1a5f46106907,,,,OpenStreetMap,2019-02-22T13:22:59.000Z,,portland,True
