id_left,primary_name_left,primary_category,alternate_category,id_right,primary_name_right,subtype,class,source_city,region,locality,zipcode,address,latitude,longitude,plc_source_dataset,plc_source_update_time,plc_source_confidence,bldg_dataset,bldg_update_time,bldg_confidence,is_office_by_pipeline
011b3aa7-1372-475f-a621-278835ee95ef,Tyson Dental,dentist,"['health_and_medical', 'cosmetic_dentist']",fe30d781-2049-4b62-9984-8dab1d489ef2,,,,huntsville,AL,Huntsville,35806.0,1410 Paramount Dr,34.7513421,-86.699462,meta,2025-06-02T07:00:00.000Z,0.9784508333782836,OpenStreetMap,2023-09-03T15:39:23.000Z,,False
e4089d6d-dfc5-44dc-afdc-738fbbe9030f,"Anderson Tyson Accounting Services, LLC",financial_service,"['accountant', 'trusts']",,,,,atlanta,GA,Hapeville,30354.0,1005 Virginia Ave,33.6590347,-84.4230576,meta,2025-06-02T07:00:00.000Z,0.4929396662387676,,,,False
297deaa1-e6f2-4f6c-bec4-b7ab9bdab6c6,"Mark O'Tyson Photography, Inc.",professional_services,,f10c1753-1ccc-4219-8dd4-1705373d37f7,,,,atlanta,GA,Atlanta,30318.0,1500 Southland Cir NW,33.7992401,-84.4326322,meta,2025-06-02T07:00:00.000Z,0.8384615384615385,OpenStreetMap,2014-03-26T21:45:51.000Z,,True
b1e16278-3074-4309-8ec0-8d53a635977c,Tyson Woods - Smith Douglas,home_improvement_store,"['real_estate_service', 'grocery_store']",88b476a5-04c0-4288-9e6f-fd3d586688d3,,,,atlanta,GA,Acworth,30102.0,704 Pineglen Dr,34.09275,-84.579148,meta,2025-06-02T07:00:00.000Z,0.296943231441048,OpenStreetMap,2021-11-06T05:09:54.000Z,,False
0bfc2d00-da08-4776-9b32-e4659d87c7b3,Tyson Foods,business_manufacturing_and_supply,"['food_beverage_service_distribution', 'grocery_store']",bc763d65-07a7-4e34-bd2f-33a152c0e963,Tyson Foods Distribution Center,commercial,warehouse,kansas-city,KS,Olathe,66062.0,20701 W 159th St,38.838076,-94.822819,meta,2025-06-02T07:00:00.000Z,0.7548172757475083,OpenStreetMap,2021-10-14T05:09:26.000Z,,False
51c6bcf8-a08b-4e6e-9402-3f1a43fb41cb,Tyson Kilbey Jiu Jitsu,specialty_school,"['business_manufacturing_and_supply', 'martial_arts_club']",,,,,kansas-city,KS,Olathe,66062.0,15837 S Mahaffie St,38.84077,-94.80303,meta,2025-06-02T07:00:00.000Z,0.296943231441048,,,,False
3b9608de-f7e6-4993-911e-3229c501c875,"Dr. Tyson E. Marrs, DDS",dentist,"['bar', 'professional_services']",,,,,kansas-city,KS,Prairie Village,66208.0,3700 W 83rd St,38.9788306,-94.628168,meta,2025-06-02T07:00:00.000Z,0.9415384615384615,,,,False
780f3c74-3f92-4f3b-bca2-165048401977,Law Office of Matthew P. Tyson,general_litigation,"['personal_injury_law', 'civil_rights_lawyers']",0d434f20-c006-4219-b2b2-f715df2422cf,,,,san-diego,CA,La Jolla,92037.0,5580 La Jolla Blvd Unit 170,32.813345,-117.269654,Microsoft,2022-07-07T13:15:37.073Z,0.77,OpenStreetMap,2023-11-03T11:00:39.000Z,,True
af22da09-4230-48a4-a6ae-ff990c9b48e4,Tyson & Mendes LLP,lawyer,"['legal_services', 'divorce_and_family_law']",0aa07cc5-db98-472f-921b-fde339864a4c,,,,san-diego,CA,San Diego,92037.0,5661 La Jolla Blvd,32.815174,-117.2701888,meta,2025-06-02T07:00:00.000Z,0.9459263554653524,OpenStreetMap,2023-11-03T11:00:39.000Z,,False
7978e656-4f51-4d40-a85c-394dd84e4e65,Tyson Lending,mortgage_broker,"['financial_service', 'real_estate']",0d411b24-ba44-4f45-aa75-741679c53cb3,,,,san-diego,CA,Carlsbad,92011.0,701 Palomar Airport Rd,32.7169768,-117.1591021,meta,2025-06-02T07:00:00.000Z,0.8831168831168831,OpenStreetMap,2021-04-28T17:16:48.000Z,,False
efad4073-1a05-4ad9-8ae8-a98504f97a27,"Scott Tyson, MD",pediatrician,"['doctor', 'health_and_medical']",a1a6cd48-6f33-4305-b05f-4d5d40de08d0,,,,pittsburgh,PA,McMurray,15317.0,3055 Washington Rd Ste 102,40.2923206,-80.1035047,Microsoft,2023-08-07T15:06:11.750Z,0.77,OpenStreetMap,2024-10-28T15:37:09.000Z,,False
82c21c56-5a07-44bc-bb28-147f56a6974f,Neil Degrasse Tyson Room,real_estate,"['event_planning', 'real_estate_agent']",175390c1-2373-40ec-972e-ab3e95525d59,,,,new-york,NJ,Bridgewater,8807.0,55 Corporate Dr,40.6350464,-74.6392496,meta,2025-06-02T07:00:00.000Z,0.296943231441048,OpenStreetMap,2025-03-11T06:52:14.000Z,,True
84c211c6-16d6-4d10-9b22-41c62042070a,Tyson Elementary School,elementary_school,"['education', 'school']",e105f28c-4453-488b-af3b-ee256887230e,Tyson Elementary School,education,school,new-york,NJ,East Orange,7017.0,45 N Arlington Ave,40.7626073,-74.210285,meta,2025-06-02T07:00:00.000Z,0.9784508333782836,OpenStreetMap,2024-12-18T02:49:38.000Z,,False
c5c6b919-0962-4019-b96b-d08f9ef16265,Cicely L. Tyson Community School of Performing and Fine Arts,high_school,"['public_school', 'elementary_school']",,,,,new-york,NJ,East Orange,7017.0,35 Winans St,40.7638912,-74.2105986,meta,2025-06-02T07:00:00.000Z,0.9784508333782836,,,,False
46f55a0f-03db-4a12-96a4-0b5181d261b4,Tyson Auto Repair,automotive_repair,"['professional_services', 'auto_body_shop']",e8b39152-29ae-4f54-aa3f-c598372eea9d,,,,new-york,NJ,Jersey City,7304.0,15 Tyson Ln,40.718352,-74.0764701,meta,2025-06-02T07:00:00.000Z,0.9300613496932516,OpenStreetMap,2016-05-18T05:17:18.000Z,,False
ebeeead5-23b7-4a39-8465-aea670973c2c,The Tyson Lewis Team,real_estate_agent,"['real_estate_service', 'real_estate']",410cf615-5971-4268-9066-cf481e2c9e32,Hub,residential,apartments,new-york,NY,Brooklyn,11217.0,375 Schermerhorn St,40.6869935,-73.9804717,meta,2025-06-02T07:00:00.000Z,0.909823677581864,OpenStreetMap,2025-01-25T20:17:21.000Z,,False
84f13001-bd5a-43f3-b7db-2eaaedfcdbfe,52 South Tyson Avenue Parking,parking,['social_service_organizations'],,,,,new-york,NY,Floral Park,11001.0,52 S Tyson Ave,40.7268538,-73.7066187,meta,2025-06-02T07:00:00.000Z,0.9415384615384615,,,,False
5010f814-aa79-4836-a30d-51ad744bb9dd,Tyson and Co Jewelers,jewelry_store,,78fde4a1-2dc9-4861-ba02-fec8c0f7010f,Kohl's Shopping Center,,,new-york,NY,Port Chester,10573.0,505 Boston Post Rd,40.9916588,-73.6738885,meta,2025-06-02T07:00:00.000Z,0.9297091412742382,OpenStreetMap,2020-10-24T03:06:11.000Z,,True
305d2fed-63e8-4e79-9b47-25d7c3069322,Tyson's Corner Pet Grooming,pet_groomer,"['pet_services', 'pet_store']",3829ca66-95fe-44e7-bd1b-caa510959104,,commercial,retail,new-york,NY,Smithtown,11754.0,1 Ivy Rd,40.882758,-73.228184,meta,2025-06-02T07:00:00.000Z,0.9784508333782836,OpenStreetMap,2022-04-15T15:07:37.000Z,,False
444b73d1-2c44-4cd7-805a-68f38d867971,"Tyson Laney - Broker,  West and Woodall - Real Estate",real_estate_agent,"['real_estate', 'professional_services']",ca651335-fb52-4b97-9255-b96bb47772e1,,,,durham,NC,Durham,27705.0,3104 Croasdaile Dr,36.02592,-78.94633,meta,2025-06-02T07:00:00.000Z,0.242152466367713,OpenStreetMap,2018-07-29T20:07:35.000Z,,False
848b7864-f7e8-4eba-afb4-108dcf06bb47,Tyson Auto,car_dealer,['professional_services'],dd5f8cac-658d-4d39-87a0-e6f86ceb3418,,,,providence,MA,Attleboro,2703.0,883 Washington St,41.9026991,-71.367333,meta,2025-06-02T07:00:00.000Z,0.9415384615384615,OpenStreetMap,2019-05-12T13:21:38.000Z,,False
d035c8d2-1bb7-4954-a7d5-b677368e23ff,Tyson's Hair,beauty_salon,"['beauty_and_spa', 'cosmetic_and_beauty_supplies']",650bdbce-510a-4239-b61e-16399d0389da,,,,seattle,WA,Tacoma,98407.0,4402 N 34th St,47.27847,-122.49635,meta,2025-06-02T07:00:00.000Z,0.4929396662387676,OpenStreetMap,2025-03-05T06:05:35.000Z,,False
733eb8a1-0b2c-4841-80b0-9e7d7491f74a,Tyson Hawkins - State Farm Insurance Agent,insurance_agency,,8080e3f2-bdb0-473a-87b5-20fc5b506056,,,,seattle,WA,Seattle,98112.0,"2800 E Madison St, Ste 300",47.62366,-122.29621,meta,2025-06-02T07:00:00.000Z,0.8980891719745223,OpenStreetMap,2024-04-17T16:32:13.000Z,,False
550f981b-4eb2-4b40-852d-9269c0e4430e,Tyson Baty Estates,real_estate_agent,['professional_services'],9c5adaf6-c92f-4f61-8590-fb101db21027,,,,seattle,WA,Seattle,98103.0,4405 Corliss Ave N,47.6605871,-122.331627,meta,2025-06-02T07:00:00.000Z,0.8831168831168831,OpenStreetMap,2013-04-07T00:38:21.000Z,,False
56251fae-8d45-4f0b-8521-2373de9aae6a,Tyson Walker,installment_loans,"['mortgage_broker', 'real_estate_service']",8bf40241-c071-4392-bf72-2a658ec9accc,,,,seattle,WA,Kirkland,98033.0,4020 Lake Washington Blvd NE,47.6470144,-122.2003909,meta,2025-06-02T07:00:00.000Z,0.9415384615384615,OpenStreetMap,2024-03-28T23:49:14.000Z,,False
c0930bb5-f06f-48f7-b44b-1457526cb61e,Tyson Insurance Solutions,insurance_agency,,344cb3f8-4938-47a8-be65-5c0a578a67c8,Outlawed Ink,,,scranton,PA,Scranton,18508.0,1621 N Keyser Ave,41.4420305,-75.6763096,meta,2025-06-02T07:00:00.000Z,0.9459263554653524,OpenStreetMap,2017-04-30T00:05:09.000Z,,False
c0930bb5-f06f-48f7-b44b-1457526cb61e,Tyson Insurance Solutions,insurance_agency,,60243d9c-5016-4f2b-9d20-a75f39beb2c0,Career Uniforms & Scrubs,,,scranton,PA,Scranton,18508.0,1621 N Keyser Ave,41.4420305,-75.6763096,meta,2025-06-02T07:00:00.000Z,0.9459263554653524,OpenStreetMap,2017-04-30T00:05:09.000Z,,False
9aa7d98d-fd00-4581-9364-6b7028d46cf3,Tyson Groceries,grocery_store,"['physical_therapy', 'cafe']",73df3eb1-bc70-4ac0-a9aa-2807a7c44396,,,,charlotte,NC,Charlotte,28203.0,415 Remount Rd,35.205732,-80.870028,meta,2025-06-02T07:00:00.000Z,0.242152466367713,OpenStreetMap,2023-09-22T01:10:44.000Z,,False
1393f03f-4b96-49d9-9434-b025f8ac08a4,Marcellino & Tyson,divorce_and_family_law,"['professional_services', 'lawyer']",002fbff3-efc0-44c3-a9f5-e72336b49fe5,,,,charlotte,NC,Charlotte,28204.0,2200 E 7th St,35.2103852,-80.8157325,meta,2025-06-02T07:00:00.000Z,0.9784508333782836,OpenStreetMap,2024-05-06T15:29:25.000Z,,False
5da62007-3c91-41ea-83c0-aca1a5896a30,Tyson Towing,towing_service,"['transportation', 'automotive']",b13975ec-37d2-42c5-953a-bd79dbbfb4f2,,,,charlotte,NC,Charlotte,28213.0,6401 N Tryon St,35.27522,-80.76763,meta,2025-06-02T07:00:00.000Z,0.296943231441048,OpenStreetMap,2023-06-28T16:41:46.000Z,,False
fff54838-2aec-497b-90df-9d4f03201e2e,Tyson Drummond,mortgage_broker,['transportation'],796c91c0-7ad2-4e6a-b7e1-9fa1b1cc5b2f,,,,wichita,KS,Wichita,67206.0,10111 E 21st St N,37.7220279,-97.2205711,meta,2025-06-02T07:00:00.000Z,0.4929396662387676,Microsoft ML Buildings,2018-11-29T00:00:00.000Z,,False
fba10126-369d-46ac-832d-dd7c1e403b83,Tyson Eye,eye_care_clinic,"['optometrist', 'hospital']",e4335333-545d-4604-b4ff-7649b0b1564f,,,,bonita-springs-naples,FL,Naples,34105.0,2640 Golden Gate Pkwy,26.1729248,-81.7688647,meta,2025-06-02T07:00:00.000Z,0.9459263554653524,OpenStreetMap,2017-09-11T19:19:05.000Z,,False
40798675-fbb0-4cca-982d-037f9eeed44c,Tyson Eye,eye_care_clinic,"['eyewear_and_optician', 'optometrist']",f359b3cd-519c-4d64-8383-ae4c71ef4bd8,,,,bonita-springs-naples,FL,Bonita Springs,34134.0,3925 Bonita Beach Rd SW,26.330289,-81.8177822,meta,2025-06-02T07:00:00.000Z,0.9459263554653524,OpenStreetMap,2017-09-10T22:28:10.000Z,,False
9d3204c0-9bc8-4305-aae1-8601c6830cc9,Tyson's Nail Studios,nail_salon,['beauty_and_spa'],8978b082-9f69-4237-a7d1-9097579660bf,,,,lafayette,LA,Broussard,70518.0,106 E Main St,30.1481616,-91.9650211,meta,2025-06-02T07:00:00.000Z,0.9204819277108434,Microsoft ML Buildings,2023-03-15T00:00:00.000Z,,False
a1d9f401-8b3f-4c0b-863e-cb94cb864d72,Pam Tyson Keller Williams,real_estate_agent,,6fe744d8-992c-43a1-a7b9-92ff11da80d2,,commercial,commercial,san-jose,CA,San Carlos,94070.0,628 El Camino Real,37.50648498535156,-122.25980186462402,Microsoft,2016-05-13T18:25:55.177Z,0.77,OpenStreetMap,2021-07-31T03:00:36.000Z,,False
6f9d02e6-53dc-4ad3-ae21-4bc8753e3daf,"Pam Tyson, Compass",real_estate_agent,['real_estate'],9a5e30de-377b-456f-8ab4-3196a7d50620,Coldwell Banker,,,san-jose,CA,Menlo Park,94025.0,1377 CA-82,37.4556778,-122.1875367,meta,2025-06-02T07:00:00.000Z,0.93,OpenStreetMap,2023-02-24T00:40:14.000Z,,False
12dcf5c8-6fde-4d93-9258-4ff0836eb76d,Witmer-Tyson Imports,pet_services,"['dog_trainer', 'pet_groomer']",b75b5cd1-4be7-450e-9e74-fa54d07128ed,,,,san-jose,CA,Menlo Park,94025.0,3735 Haven Ave,37.4873658,-122.1826576,meta,2025-06-02T07:00:00.000Z,0.9459263554653524,Microsoft ML Buildings,2023-09-01T00:00:00.000Z,0.9319999814033508,False
e2827a98-1a95-4ad0-a39e-4842d7818985,Haus Tyson German Shepherds,pet_breeder,['pet_services'],b75b5cd1-4be7-450e-9e74-fa54d07128ed,,,,san-jose,CA,Menlo Park,94025.0,3735 Haven Ave,37.4874111,-122.1827089,meta,2025-06-02T07:00:00.000Z,0.9297091412742382,Microsoft ML Buildings,2023-09-01T00:00:00.000Z,0.9319999814033508,False
65f1d129-dc3b-4ec7-b2e1-0aef85367eb7,Tyson Kennels,pet_services,"['pet_sitting', 'pet_boarding']",,,,,san-jose,CA,Menlo Park,94025.0,3735 Haven Ave,37.4873292,-122.1819556,meta,2025-06-02T07:00:00.000Z,0.9784508333782836,,,,False
654e71c3-ec00-4c1a-ba62-e0dc4ba8f76c,Tule Ponds At Tyson Lagoon,environmental_conservation_organization,['community_services_non_profits'],60494d41-025f-4900-a7d4-5292a41207c0,Tule Ponds at Tyson Lagoon Wetland Center,,,san-jose,CA,Fremont,94538.0,1999 Walnut Ave,37.5577657,-121.9736776,meta,2025-06-02T07:00:00.000Z,0.242152466367713,OpenStreetMap,2022-09-02T07:54:29.000Z,,False
0df9ec36-be03-4464-a544-dd0982d450ba,"Dr. Adam Tyson, MD",obstetrician_and_gynecologist,"['doctor', 'health_and_medical']",,,,,greenville,SC,Greenville,29605.0,1120 Grove Rd Ste B,34.8108385,-82.4198616,Microsoft,2018-08-13T07:05:27.800Z,0.77,,,,False
afb39f29-2478-4fd9-984a-e71c1d430260,"Adam Tyson, MD",obstetrician_and_gynecologist,"['doctor', 'health_and_medical']",,,,,greenville,SC,Greenville,29605.0,1120 Grove Rd Ste B,34.8108385,-82.4198616,Microsoft,2023-07-04T17:36:10.363Z,0.77,,,,False
1a280bca-ce9b-4c72-aeac-f84f431a7a55,Law Office Of Tyson R Ence,lawyer,"['legal_services', 'professional_services']",0972ce5a-e0f6-42bf-8bc1-228a23d563e9,,,,springfield-massachusett-connecticut,MA,Agawam,1001.0,100 Main St,42.0875588,-72.6235183,meta,2025-06-02T07:00:00.000Z,0.9784508333782836,OpenStreetMap,2019-05-26T18:34:37.000Z,,True
2373dcb1-9976-4030-a5af-78e25b33cf6a,"Yvonne M. Tyson, APRN",nurse_practitioner,['health_and_medical'],0b82f203-86ea-452f-a92e-7fab2b3e4298,Ascension St. Vincent's Urgent Care - Mandarin,medical,,jacksonville-florida,FL,Jacksonville,32257.0,10503 San Jose Blvd,30.186919,-81.6272884,Microsoft,2025-05-04T02:29:59.020Z,0.77,OpenStreetMap,2024-06-17T03:13:20.000Z,,False
9dabd439-54bb-46e3-9581-e401c07c4674,"Trevinno Tyson, Bankers Life Agent",life_insurance,,,,,,jacksonville-florida,FL,Jacksonville,32216.0,6620 Southpoint Dr S Ste 400,30.2513806,-81.5908218,Microsoft,2025-01-09T19:23:36.453Z,0.77,,,,False
d9144e89-c1af-4da6-b0a4-23335924afac,Marjorie Tyson Berkshire Hathaway,real_estate_agent,"['real_estate', 'retirement_home']",,,,,los-angeles,CA,Cypress,90630.0,9917 Walker St,33.83713,-118.24098,meta,2025-06-02T07:00:00.000Z,0.9297091412742382,,,,False
4ffe9cea-c780-4f72-ab88-e66b5cadb4f1,Tyson Insurance Agency,professional_services,['insurance_agency'],006d9176-cedc-4e1e-a8b1-7829f2622c8e,,commercial,retail,los-angeles,CA,Long Beach,90806.0,808 W Willow St,33.804174,-118.201588,meta,2025-06-02T07:00:00.000Z,0.3961437335670464,OpenStreetMap,2016-09-07T19:53:18.000Z,,False
4ffe9cea-c780-4f72-ab88-e66b5cadb4f1,Tyson Insurance Agency,professional_services,['insurance_agency'],07dfe31f-d651-43e2-b5fe-39e3b98fc58f,,commercial,retail,los-angeles,CA,Long Beach,90806.0,808 W Willow St,33.804174,-118.201588,meta,2025-06-02T07:00:00.000Z,0.3961437335670464,OpenStreetMap,2016-09-07T19:53:06.000Z,,False
6dd0cd86-e21b-4c10-a623-511bea7e7d47,Yvonne Tyson,doctor,"['family_practice', 'health_and_medical']",2932b269-e579-4910-93cf-a3adb2addd92,,commercial,commercial,los-angeles,CA,Long Beach,90807.0,925 E San Antonio Dr,33.8388037,-118.1820228,meta,2025-06-02T07:00:00.000Z,0.3961437335670464,OpenStreetMap,2016-09-07T15:57:43.000Z,,False
5c4c2d82-1c63-4345-9e8d-ed08b093e258,Nadia Tyson Photographer,professional_services,,d93d901a-9e64-4574-b1f6-9b06d0eea522,,residential,house,los-angeles,CA,Inglewood,90302.0,312 E Plymouth St,33.974441,-118.3542426,meta,2025-06-02T07:00:00.000Z,0.9300613496932516,OpenStreetMap,2016-09-05T16:33:10.000Z,,False
199f420a-065f-434c-b079-9c11bbd6919a,Tyson Pelanconi Realtor,real_estate_agent,"['real_estate', 'professional_services']",18d24674-05ce-42a6-b825-bf37c72933f2,,commercial,commercial,los-angeles,CA,Beverly Hills,90210.0,202 N Canon Dr,34.068178,-118.397934,meta,2025-06-02T07:00:00.000Z,0.3376623376623376,OpenStreetMap,2016-09-05T19:04:44.000Z,,False
9b6f29b2-1dd4-4f7e-b64c-3ae9074af3c7,Tyson Trucking,contractor,"['freight_and_cargo_service', 'transportation']",64db70b3-9a17-4791-aa49-bfa0fd732fd0,,residential,house,los-angeles,CA,Los Angeles,90003.0,416 W 94th St,33.950764,-118.281212,meta,2025-06-02T07:00:00.000Z,0.242152466367713,OpenStreetMap,2016-04-15T01:32:51.000Z,,False
9b6f29b2-1dd4-4f7e-b64c-3ae9074af3c7,Tyson Trucking,contractor,"['freight_and_cargo_service', 'transportation']",3983617f-77b1-425b-a5a4-ee3bda9372d3,,residential,house,los-angeles,CA,Los Angeles,90003.0,416 W 94th St,33.950764,-118.281212,meta,2025-06-02T07:00:00.000Z,0.242152466367713,OpenStreetMap,2016-04-15T01:32:57.000Z,,False
edbc7877-467c-46ee-86e3-9a1c23194533,Tyson Nails & Spa,nail_salon,"['beauty_and_spa', 'spas']",98ac7d05-d841-4d7f-80c2-bcc6d32555ad,,commercial,retail,los-angeles,CA,Lynwood,90262.0,11134 Long Beach Blvd,33.9308718,-118.2112255,meta,2025-06-02T07:00:00.000Z,0.9784508333782836,OpenStreetMap,2016-11-25T21:08:39.000Z,,False
53bea631-7f3a-4d7d-90b2-47200e270f5a,Tyson and Mendes,lawyer,"['legal_services', 'professional_services']",d81d241d-ba35-4bc8-b8cf-d1e1dddee440,Paul Hastings Tower,,,los-angeles,CA,Los Angeles,90071.0,515 S Flower St,34.0514307,-118.2568458,meta,2025-06-02T07:00:00.000Z,0.8831168831168831,OpenStreetMap,2024-08-14T16:36:56.000Z,,False
b9ae0d72-be0d-4279-b465-46aa1926ab80,La Tyson,hotel,"['hotel_bar', 'bar_and_grill_restaurant']",25d324a8-ef03-4366-9160-3e9fe4f7d327,,residential,apartments,los-angeles,CA,Los Angeles,90014.0,650 S Spring St,34.04462,-118.2519,meta,2025-06-02T07:00:00.000Z,0.5662921348314607,OpenStreetMap,2016-06-29T14:51:59.000Z,,False
b48cff32-eed1-431a-a943-7950f85892f3,Tyson Leon-Guerrero Real Estate Agent,real_estate_agent,['real_estate_service'],523a67fe-f317-43a2-b54c-339b2c715d2c,,commercial,commercial,los-angeles,CA,Calabasas,91302.0,23975 Park Sorrento,34.15291,-118.64807,meta,2025-06-02T07:00:00.000Z,0.3961437335670464,OpenStreetMap,2016-07-07T06:36:17.000Z,,False
0eddf8eb-c063-4634-acfd-ca38149bf97b,Kaiser Permanente Bernard J. Tyson School of Medicine,college_university,['medical_school'],23d9f7e7-20a5-4ea5-bc7e-22452a629ab2,,,,los-angeles,CA,Pasadena,91101.0,98 S Los Robles Ave,34.1439351,-118.1408059,meta,2025-06-02T07:00:00.000Z,0.9784508333782836,OpenStreetMap,2016-08-26T03:15:30.000Z,,False
8a04c411-229b-4db2-b833-2438afdb2eca,Tyson Allen,car_dealer,,da722e13-2f18-4530-ac86-7e57f508bd4f,,commercial,commercial,los-angeles,CA,West Covina,91791.0,1800 E Garvey Ave S,34.07125,-117.90676,meta,2025-06-02T07:00:00.000Z,0.3376623376623376,OpenStreetMap,2017-01-31T12:47:13.000Z,,False
1d36ea37-f7a1-4530-8a42-287afb7820df,Asper de Tyson Foundation and Sanctuary,community_services_non_profits,"['education', 'charity_organization']",,,,,los-angeles,CA,Pasadena,91107.0,2657 E Washington Blvd,34.169265,-118.0956828,meta,2025-06-02T07:00:00.000Z,0.8540983606557377,,,,False
578cd087-5f0e-421d-b88f-5f1f4c6b014e,Tyson Designs,interior_design,,,,,,cincinnati,OH,Cincinnati,45236.0,7012 Plainfield Rd,39.1963928,-84.4002912,Microsoft,2020-03-04T16:19:15.563Z,0.77,,,,False
9a882883-a12a-42de-83a1-3e8414f65b6f,Tyson Food,grocery_store,"['restaurant', 'health_food_store']",0c919a6a-6059-41da-9f8f-a68fd960795d,,,,cincinnati,OH,Cincinnati,45247.0,6105 Rose Petal Dr,39.206929,-84.631675,meta,2025-06-02T07:00:00.000Z,0.5662921348314607,OpenStreetMap,2019-03-09T18:01:46.000Z,,False
f7194695-ffe1-4893-9db9-3ca0a2a3054f,Tyson Foods,food_beverage_service_distribution,"['grocery_store', 'eat_and_drink']",166a91b6-c255-446e-9d34-352cbd7ea9f0,Tyson Foods,,,cincinnati,OH,West Chester Twp,45246.0,9990 Princeton Glendale Rd,39.30798,-84.463189,meta,2025-06-02T07:00:00.000Z,0.9784508333782836,OpenStreetMap,2022-09-05T23:58:59.000Z,,False
cb20ea8c-668f-4a03-8b3f-ab93d980dd44,Bishop T. Tyrone Tyson Ministries,religious_organization,,fdc51b12-d7c8-4b2a-a9bd-1417d7fc5c3e,,religious,church,winston-salem,NC,Winston-Salem,27105.0,4209 Indiana Ave,36.14618,-80.25636,meta,2025-06-02T07:00:00.000Z,0.242152466367713,OpenStreetMap,2021-10-22T09:44:55.000Z,,False
38bb6511-3006-42f0-8193-af431cd39f45,Tyson Properties Inc,property_management,"['real_estate', 'real_estate_agent']",dcedc41a-d505-4d6f-8a8a-439ac70984e5,,,,albuquerque,NM,Albuquerque,87102.0,922 3rd St NW,35.0936891,-106.6484728,meta,2025-06-02T07:00:00.000Z,0.9204819277108434,Microsoft ML Buildings,2021-01-01T00:00:00.000Z,,True
54951444-7b44-471a-b408-767954013f44,Tyson Property Management,property_management,"['real_estate', 'real_estate_agent']",,,,,albuquerque,NM,Albuquerque,87114.0,4421 Irving Blvd NW,35.1903401,-106.6648502,meta,2025-06-02T07:00:00.000Z,0.9784508333782836,,,,False
1ddbef70-1a23-4c89-9494-7dc574bd6777,"Tyson Jakobson, PA-C",doctor,['health_and_medical'],63c509b1-0c46-4041-94e7-e0bc8fa998dc,,,,boise-city,ID,Boise,83702.0,2619 W Fairview Ave Ste 3103,43.6203627,-116.2226415,Microsoft,2025-04-25T01:44:06.843Z,0.77,OpenStreetMap,2024-04-21T22:59:31.000Z,,False
f6799bed-4a6e-46d7-9ba9-fef26346ad8c,Tyson Cuts Barbershop,barber,"['beauty_salon', 'beauty_and_spa']",79629d68-6f17-4012-bebe-1ea1069405e4,,,,buffalo,NY,Buffalo,14201.0,259 Carolina St,42.8933245,-78.8801088,meta,2025-06-02T07:00:00.000Z,0.9784508333782836,OpenStreetMap,2023-10-21T23:57:33.000Z,,False
fc772794-5ec7-4844-b489-a26d297af65e,"Tyson Kuhn, Agent with New York Life",insurance_agency,['investing'],88bda1f5-777d-4e61-8867-99e15f7a4844,,transportation,parking,minneapolis,MN,Edina,55435.0,3600 Minnesota Dr,44.86236,-93.32604,meta,2025-06-02T07:00:00.000Z,0.242152466367713,OpenStreetMap,2022-11-14T22:35:48.000Z,,False
dc950f45-b751-4397-a029-248f6ffd9b7e,Tyson Norman - State Farm Insurance,insurance_agency,['financial_service'],53216c81-b6e2-479e-a9e2-61cdd7741fcb,,commercial,commercial,minneapolis,MN,Oakdale,55128.0,1075 Hadley Ave N,44.9643524,-92.963523,meta,2025-06-02T07:00:00.000Z,0.9879256218304756,OpenStreetMap,2024-02-15T17:00:45.000Z,,False
c5f39b52-0d43-45e8-b6c4-281b320febe5,"Mira Choi Tyson, Acupuncturist",acupuncture,"['naturopathic_holistic', 'health_and_medical']",b0b71562-793b-44c4-863e-b9ef3e25dbbb,,,,columbus-ohio,OH,Columbus,43220.0,1840 MacKenzie Dr,40.05191,-83.06897,meta,2025-06-02T07:00:00.000Z,0.7548172757475083,OpenStreetMap,2018-02-01T19:03:33.000Z,,False
94781235-a65c-4afb-b1ab-583aa3cb4be0,Tyson Group,professional_services,['movers'],71e3dd23-f47c-4c94-a7b8-1368cb1b764f,,,,columbus-ohio,OH,Dublin,43017.0,6605 Longshore St,40.1019708,-83.1097151,meta,2025-06-02T07:00:00.000Z,0.8148148148148148,OpenStreetMap,2021-11-13T18:22:33.000Z,,False
67131ac6-8bfc-4680-9f96-1123d5eb5bb0,Renny J Tyson Co LPA,lawyer,"['employment_law', 'wills_trusts_and_probate']",87c95fc8-aca9-4762-bad2-9e5a4efda41e,,residential,apartments,columbus-ohio,OH,Columbus,43205.0,1465 E Broad St,39.9665113,-82.9617063,meta,2025-06-02T07:00:00.000Z,0.9415384615384615,OpenStreetMap,2020-06-25T19:19:24.000Z,,True
805d7635-dd54-4ffb-8f04-c735a49146ad,Tyson Fence Co.,fence_and_gate_sales_service,"['contractor', 'home_improvement_store']",48a44fae-dd68-4b6c-8383-aa33ec36c185,,,,harrisburg,PA,Harrisburg,17111.0,7970 Grayson Rd,40.2631541,-76.749861,meta,2025-06-02T07:00:00.000Z,0.9297091412742382,OpenStreetMap,2020-10-29T14:37:21.000Z,,True
307067eb-d2b5-442b-a9f6-22367faddf46,Farmers Insurance - Tyson Hilscher,insurance_agency,,49c18d2f-ed43-4eaa-9c78-4a19e7d73c8a,,,,san-antonio,TX,San Antonio,78230.0,2922 NW Loop 410,29.5087844,-98.5410952,meta,2025-06-02T07:00:00.000Z,0.9204819277108434,OpenStreetMap,2025-03-12T02:47:10.000Z,,False
197843f0-1d2b-4f10-8af9-084d44654f6e,"Tyson J Wilcox, PA-C",health_consultant,['active_life'],ff727720-d712-43fe-98c7-def9c2b2af9d,Instacare,commercial,commercial,salt-lake-city,UT,Draper,84020.0,12473 S Minuteman Dr,40.5244162,-111.8888109,Microsoft,2023-05-28T23:49:03.293Z,0.77,OpenStreetMap,2022-08-25T16:05:24.000Z,,False
c933ab6e-ceaa-4cae-a266-e8956c0a0118,Tyson Leavitt Real Estate Group,real_estate_agent,['professional_services'],8af2d4f9-f94b-4ded-8f2e-42278a53ca37,,,,salt-lake-city,UT,West Jordan,84088.0,9089 S 1300 W,40.5863367,-111.9269834,meta,2025-06-02T07:00:00.000Z,0.9300613496932516,OpenStreetMap,2022-03-21T20:34:40.000Z,,False
4902b264-c126-4402-9473-5a7ea2e2d13b,Piercing By Tyson,tattoo_and_piercing,,e00545c7-fee1-4192-8aeb-7a51aaeabbed,,,,salt-lake-city,UT,Millcreek,84123.0,547 W 3900 S,40.68657,-111.906916,meta,2025-06-02T07:00:00.000Z,0.296943231441048,OpenStreetMap,2022-12-13T17:58:18.000Z,,False
14989a4f-f348-45c0-b131-8be3fb8942b3,Tyson Daniel Hairdressing,beauty_salon,"['beauty_and_spa', 'barber']",,,,,salt-lake-city,UT,Salt Lake City,84124.0,2533 E 3900 S,40.6871833,-111.8187601,meta,2025-06-02T07:00:00.000Z,0.9784508333782836,,,,False
72386d76-e09f-4798-ad5b-b4cb675a6a71,Tyson Westley Massage Therapy,massage,['spas'],,,,,salt-lake-city,UT,Salt Lake City,84105.0,1007 E 900 S,40.7499645,-111.8620224,meta,2025-06-02T07:00:00.000Z,0.9297091412742382,,,,False
9a75b1e2-9555-44f5-9eab-6858305c3c95,Vivian Tyson Psychic Studio,psychic,"['professional_services', 'counseling_and_mental_health']",0092fcfd-0d0c-48b3-85e8-143aa38a6033,,,,youngstown,OH,Youngstown,44512.0,74 Boardman Poland Rd,41.0246866,-80.6587288,meta,2025-06-02T07:00:00.000Z,0.9784508333782836,OpenStreetMap,2023-11-04T19:57:54.000Z,,False
e9e3acda-16b0-4e77-a7e1-1a905ef65276,"Tyson T Schrickel, MD",orthopedist,"['doctor', 'health_and_medical']",,,,,youngstown,OH,Youngstown,44504.0,1044 Belmont Ave,41.1142327,-80.6556921,Microsoft,2025-02-26T22:18:41.237Z,0.77,,,,False
fd4e8e57-aaed-4152-ba13-4a29dafe19fb,"Tyson Martens, Bankers Life Agent",life_insurance,,,,,,milwaukee,WI,West Allis,53227.0,2448 S 102nd St Ste 170,42.9995452,-88.0419309,Microsoft,2025-01-09T19:16:52.850Z,0.77,,,,False
cbd81048-1970-441f-be5b-54df04b6842b,Tyson Bruce Construction,contractor,,9b912aee-dd72-4ec9-8c6d-b7639b96fa92,,,,san-francisco,CA,San Bruno,94066.0,1530 Claremont Dr,37.621819,-122.4391,meta,2025-06-02T07:00:00.000Z,0.3961437335670464,OpenStreetMap,2020-03-29T20:46:38.000Z,,False
392c0dfe-5bac-4196-92fb-40f57c9896a1,Tyson Li Home Selling Team,real_estate_agent,"['real_estate', 'real_estate_service']",020d77bf-85f5-4631-b4c3-6e92f5ff5db7,,,,san-francisco,CA,Daly City,94015.0,333 Gellert Blvd,37.66673,-122.46692,meta,2025-06-02T07:00:00.000Z,0.9204819277108434,OpenStreetMap,2020-01-23T02:57:31.000Z,,False
78c5573b-6654-4f5a-9194-5ce42acd2ca0,"Tyson Li, Elite Team - San Francisco Real Estate",real_estate_agent,,,,,,san-francisco,CA,San Francisco,94132.0,1569 Sloat Blvd Ste 300,37.7339451,-122.4912406,Microsoft,2019-06-11T00:23:38.853Z,0.77,,,,False
a1d9f401-8b3f-4c0b-863e-cb94cb864d72,Pam Tyson Keller Williams,real_estate_agent,,6fe744d8-992c-43a1-a7b9-92ff11da80d2,,commercial,commercial,san-francisco,CA,San Carlos,94070.0,628 El Camino Real,37.50648498535156,-122.25980186462402,Microsoft,2016-05-13T18:25:55.177Z,0.77,OpenStreetMap,2021-07-31T03:00:36.000Z,,False
5907462c-a51d-495c-8f6f-3144a7f9bfd5,McBryde-Screws-Tyson House,landmark_and_historical_building,"['home_improvement_store', 'museum']",,,,,montgomery,,,36104.0,333 Mildred St,32.3706915,-86.3150786,meta,2025-06-02T07:00:00.000Z,0.9297091412742382,,,,False
5c086afe-2831-46b8-aba1-971c19d83d8e,Tyson Foods,restaurant,"['fast_food_restaurant', 'shopping']",,,,,oakland,CA,San Lorenzo,94580.0,2411 Baumann Ave,37.6688763,-122.1527227,meta,2025-06-02T07:00:00.000Z,0.4929396662387676,,,,False
54c64335-4cce-4a91-85e0-bc16dd91963f,TLGMMA (Tyson Lee Griffin Mixed Martial Arts),active_life,,,,,,oakland,CA,Albany,94710.0,544 Cleveland Ave,37.8954275,-122.3086379,Microsoft,2025-05-20T02:21:50.277Z,0.77,,,,False
dc4d4996-6b02-404b-80dc-aef778a07b02,Elena Tyson,real_estate_agent,"['real_estate', 'professional_services']",90063e49-aba9-4ba7-91aa-a12a93d4775c,Uncle Yu's,commercial,,oakland,CA,Lafayette,94549.0,999 Oak Hill Rd,37.8922591,-122.1206572,meta,2025-06-02T07:00:00.000Z,0.9300613496932516,OpenStreetMap,2017-02-02T03:19:46.000Z,,False
5c086afe-2831-46b8-aba1-971c19d83d8e,Tyson Foods,restaurant,"['fast_food_restaurant', 'shopping']",,,,,concord,CA,San Lorenzo,94580.0,2411 Baumann Ave,37.6688763,-122.1527227,meta,2025-06-02T07:00:00.000Z,0.4929396662387676,,,,False
dc4d4996-6b02-404b-80dc-aef778a07b02,Elena Tyson,real_estate_agent,"['real_estate', 'professional_services']",90063e49-aba9-4ba7-91aa-a12a93d4775c,Uncle Yu's,commercial,,concord,CA,Lafayette,94549.0,999 Oak Hill Rd,37.8922591,-122.1206572,meta,2025-06-02T07:00:00.000Z,0.9300613496932516,OpenStreetMap,2017-02-02T03:19:46.000Z,,False
cca3d757-564b-4d88-ae5a-f30a1da5a881,Tyson Place,day_care_preschool,['community_services_non_profits'],,,,,greensboro,NC,Greensboro,27405.0,2607 E Wendover Ave,36.0885821,-79.751978,meta,2025-06-02T07:00:00.000Z,0.8831168831168831,,,,False
dd82e7c0-6335-4e47-847d-9c46a9ea175a,Richard Tyson Realtor,real_estate_agent,"['real_estate', 'professional_services']",982da4b5-a443-454c-bf65-438b567ec8e5,,,,rochester,NY,Rochester,14610.0,212 N Winton Rd,43.14964,-77.55264,meta,2025-06-02T07:00:00.000Z,0.909823677581864,OpenStreetMap,2023-09-03T20:16:31.000Z,,False
dd82e7c0-6335-4e47-847d-9c46a9ea175a,Richard Tyson Realtor,real_estate_agent,"['real_estate', 'professional_services']",f2c25b86-4959-4fb8-888f-2de7d959716e,,,,rochester,NY,Rochester,14610.0,212 N Winton Rd,43.14964,-77.55264,meta,2025-06-02T07:00:00.000Z,0.909823677581864,OpenStreetMap,2023-09-03T20:16:31.000Z,,False
4b032c99-0046-4308-9712-dcec015e9aef,Tyson Home Repair,contractor,"['home_improvement_store', 'construction_services']",,,,,richmond,VA,Richmond,23225.0,7556 Prairie Rd,37.5449898,-77.5333803,meta,2025-06-02T07:00:00.000Z,0.909823677581864,,,,False
e49fef8b-a889-499f-bf4f-3fe9d121909c,Tyson Hall,accommodation,['campus_building'],29c38ca1-12e5-4455-a90c-0c38bce052c8,Tyson Hall,education,university,philadelphia,PA,West Chester,19382.0,225 N Campus Dr,39.9531339,-75.6026379,meta,2025-06-02T07:00:00.000Z,0.9784508333782836,OpenStreetMap,2023-02-06T16:51:57.000Z,,True
632afa05-e8c5-44b4-aff4-c8a68aa19c7b,Joseph H Tyson and Co,insurance_agency,,4a0aa21b-8363-4653-8e8c-abdce2bdb331,,,,philadelphia,PA,Media,19063.0,109 Chesley Dr,39.9150042,-75.3737845,meta,2025-06-02T07:00:00.000Z,0.9459263554653524,Microsoft ML Buildings,2020-10-14T00:00:00.000Z,,True
7bd19d7f-84a3-4792-bb64-113808de8a4d,Chet Tyson Pavilion,theatre,"['topic_concert_venue', 'arts_and_entertainment']",cefa6350-1317-4a0e-8b87-ebd7dfd312d8,Narberth Community Building,civic,public,philadelphia,PA,Narberth,19072.0,80 Windsor Ave,40.005478,-75.265344,meta,2025-06-02T07:00:00.000Z,0.5662921348314607,OpenStreetMap,2016-11-13T04:50:17.000Z,,False
79387ef0-3233-4eca-84f1-f66f74cb0304,Tyson Bees,food_truck,"['korean_restaurant', 'asian_restaurant']",63ecc896-040c-4f09-8af1-aeb016407dc4,Chemistry Laboratories 1941 Wing,,,philadelphia,PA,Philadelphia,19104.0,33rd & Spruce,39.950518,-75.191793,meta,2025-06-02T07:00:00.000Z,0.7548172757475083,OpenStreetMap,2025-02-05T03:36:33.000Z,,False
25b21a63-357c-46af-8efd-9eb7e9fb8a59,Exotic Doc Tyson,veterinarian,"['hospital', 'pet_services']",f8ece374-d6e4-467b-951d-f0d4488b1b0f,,,,philadelphia,PA,Philadelphia,19106.0,37 S 3rd Street,39.94903,-75.14576,meta,2025-06-02T07:00:00.000Z,0.8253968253968254,OpenStreetMap,2024-10-06T14:23:33.000Z,,False
25b21a63-357c-46af-8efd-9eb7e9fb8a59,Exotic Doc Tyson,veterinarian,"['hospital', 'pet_services']",cdfe5f35-1c23-4b16-aed8-1d801bd696dd,,,,philadelphia,PA,Philadelphia,19106.0,37 S 3rd Street,39.94903,-75.14576,meta,2025-06-02T07:00:00.000Z,0.8253968253968254,OpenStreetMap,2024-10-06T14:23:33.000Z,,False
06944da2-3571-48ab-abc2-65e86188083d,921 Tyson Avenue Associates,lawyer,"['real_estate_service', 'real_estate']",76dd1b2b-a671-4ce9-893d-aebe996cd03e,Tyson Arms Apartments,residential,apartments,philadelphia,PA,Philadelphia,19111.0,929 Tyson Ave,40.0523296,-75.0797861,meta,2025-06-02T07:00:00.000Z,0.9204819277108434,OpenStreetMap,2023-04-30T20:38:45.000Z,,False
6d0555ed-c102-4732-a3f7-502f63ed1379,Tyson Ave & Roosevelt Boulevard,travel,['gas_station'],c2d42899-7418-49d8-bf96-f7f1b093aaf1,,,,philadelphia,PA,Philadelphia,19149.0,6951 Roosevelt Blvd,40.0396371,-75.0577404,meta,2025-06-02T07:00:00.000Z,0.3376623376623376,OpenStreetMap,2023-03-12T11:25:09.000Z,,False
6d0555ed-c102-4732-a3f7-502f63ed1379,Tyson Ave & Roosevelt Boulevard,travel,['gas_station'],066c608a-aee7-4c9f-88fc-a4cc50e9d5b6,,,,philadelphia,PA,Philadelphia,19149.0,6951 Roosevelt Blvd,40.0396371,-75.0577404,meta,2025-06-02T07:00:00.000Z,0.3376623376623376,OpenStreetMap,2023-03-12T11:25:09.000Z,,False
6d0555ed-c102-4732-a3f7-502f63ed1379,Tyson Ave & Roosevelt Boulevard,travel,['gas_station'],81e775de-f711-4c6f-a25b-4a434413948f,,,,philadelphia,PA,Philadelphia,19149.0,6951 Roosevelt Blvd,40.0396371,-75.0577404,meta,2025-06-02T07:00:00.000Z,0.3376623376623376,OpenStreetMap,2023-03-12T11:25:09.000Z,,False
f6a1e5ef-db31-401c-a55c-63885d649c4e,Tyson Young Realtor and Managing Broker,real_estate_agent,"['real_estate_service', 'property_management']",,,,,spokane,WA,Spokane,99202.0,808 E Sprague Ave,47.6566902,-117.3984755,meta,2025-06-02T07:00:00.000Z,0.242152466367713,,,,False
e26750c1-7f03-4cb2-be45-5fd5f2695db4,Tyson Sports Gym,gym,"['hospital', 'boxing_class']",159e57d2-93b9-4066-870e-83caecdac478,,,,orlando,FL,Orlando,32812.0,4690 Hoffner Ave,28.48012,-81.326364,meta,2025-06-02T07:00:00.000Z,0.242152466367713,OpenStreetMap,2023-03-02T05:52:56.000Z,,False
2f5f0dd5-052a-40ee-af67-21058895a53e,The Tyson Smith Group of Raymond James,financial_service,"['retirement_home', 'financial_advising']",09adcd75-8fe9-4ff6-b164-5f3a11bfaec1,,,,orlando,FL,Orlando,32801.0,301 E Pine St,28.541665,-81.3740495,meta,2025-06-02T07:00:00.000Z,0.9459263554653524,OpenStreetMap,2018-08-10T22:13:15.000Z,,False
ba10a399-2e6c-4780-b42c-59ecd74f2e48,Tyson Law Firm,divorce_and_family_law,['lawyer'],53ff3277-76fe-4941-a831-ef2224be37db,,commercial,commercial,orlando,FL,Altamonte Springs,32701.0,283 Cranes Roost Blvd,28.66608,-81.38273,meta,2025-06-02T07:00:00.000Z,0.242152466367713,OpenStreetMap,2025-03-15T23:45:38.000Z,,False
5ab4dafd-d453-447e-a97f-32c3ce0f9824,Tyson Foods Food Plant,grocery_store,['restaurant'],a274f83b-4a64-49c7-8638-f027b7d70cea,,commercial,commercial,dallas,TX,Dallas,75237.0,4120 Mint Way,32.684263,-96.887277,meta,2025-06-02T07:00:00.000Z,0.7548172757475083,OpenStreetMap,2017-01-19T18:24:39.000Z,,False
718b5e11-6679-4d95-85f0-4551136ccba8,Discount Smoke Shop l Grand Prairie l THCA l Geek bar l Lost Mary l RAZ 25000 l TYSON l 7 OH l EDIBLES & more,tobacco_shop,['e_cigarette_store'],,,,,dallas,TX,Grand Prairie,75050.0,1410 W Main St,32.7413796,-97.0235444,meta,2025-06-02T07:00:00.000Z,0.9459263554653524,,,,False
3e6c9bc2-c73c-47b4-8a5c-43dc23253934,Tyson Turk Body Mod Studio,tattoo,"['beauty_and_spa', 'retail']",,,,,dallas,TX,Irving,75062.0,3745 N Story Rd,32.8551330566406,-96.975212097168,Microsoft,2015-11-06T21:09:38.620Z,0.77,,,,False
96fd1ab7-b6ad-4afd-b2ec-e37432c796c4,Tyson Law Firm,lawyer,['criminal_defense_law'],c97e1529-36a5-4542-ad5c-ca170afab9c1,,commercial,commercial,dallas,TX,Dallas,75224.0,342 W Montana Ave,32.7212866,-96.8282865,meta,2025-06-02T07:00:00.000Z,0.9879256218304756,OpenStreetMap,2017-01-17T00:34:57.000Z,,False
529e5854-8680-4a74-8998-20a01745ea98,Master Barber Gregory Tyson,barber,"['beauty_salon', 'beauty_and_spa']",,,,,dallas,TX,Dallas,75231.0,10825 N Central Expy,32.89499,-96.76969,meta,2025-06-02T07:00:00.000Z,0.3961437335670464,,,,False
8d66d175-6e59-4156-a28a-36e53ed8fe86,Tyson - Transformer Fitness,gym,"['life_coach', 'fitness_trainer']",81b047db-49bc-46ca-ac7a-5d317efa4a96,,,,dallas,TX,Plano,75093.0,"Willow Bend Fitness Club, 2500 Dallas Pkwy",33.02917,-96.841311,meta,2025-06-02T07:00:00.000Z,0.5662921348314607,OpenStreetMap,2016-06-09T21:30:15.000Z,,False
4dbf907d-6820-43a8-9f2e-2ec651189b76,Tyson McCracken of Paragon Lending Services,installment_loans,,049f9e18-a1bd-4a8c-8e4b-fd40e84766e2,,residential,house,dallas,TX,Plano,75023.0,6600 Chase Oaks Blvd,32.8205179,-96.6225578,meta,2025-06-02T07:00:00.000Z,0.3376623376623376,OpenStreetMap,2018-12-05T18:40:23.000Z,,False
b88c85c8-b238-46c6-a0d9-177ee3d7329a,West Tyson County Park,park,['campground'],74abac88-bffa-48f0-91d2-d77f55807a93,,,,st-louis,MO,Eureka,63025.0,131 N Outer Rd E,38.509102,-90.588011,meta,2025-06-02T07:00:00.000Z,0.5662921348314607,Microsoft ML Buildings,2022-08-25T00:00:00.000Z,,False
7ec79cf4-6f2a-48c2-a876-2f735e06d536,Chubb Trail West Tyson,park,"['hiking_trail', 'skate_park']",,,,,st-louis,,,63025.0,Chubb Trail West Tyson,38.509812,-90.588797,meta,2025-06-02T07:00:00.000Z,0.7548172757475083,,,,False
b4a9b6d2-cd58-41d4-8432-1e1637de38fc,Tyson Living Learning Center,school,"['college_university', 'public_service_and_government']",,,,,st-louis,MO,Eureka,63025.0,6750 Tyson Valley Rd,38.51864,-90.56358,meta,2025-06-02T07:00:00.000Z,0.3961437335670464,,,,False
db468c16-a860-4938-aaeb-a93bddd5fd4d,Washington University Tyson Research Center,college_university,"['education', 'campus_building']",8ee38120-cc90-432d-bdab-d787d9a2faf9,,,,st-louis,MO,Eureka,63025.0,6750 Tyson Valley Rd,38.5274605,-90.5605777,meta,2025-06-02T07:00:00.000Z,0.9784508333782836,OpenStreetMap,2019-02-13T22:19:58.000Z,,False
825ebf6c-86c7-41be-9414-c17636cf3060,Tyson Research Center,professional_services,"['doctor', 'family_practice']",6d1b9831-9a64-4747-9c71-5a46443eb1e3,Brookings Hall,education,university,st-louis,MO,St Louis,63130.0,1 Brookings Dr,38.648181,-90.305027,meta,2025-06-02T07:00:00.000Z,0.4929396662387676,OpenStreetMap,2024-11-22T18:57:11.000Z,,False
29b4e505-8097-478f-88a1-bcb80dc739ba,Tyson Family Dental,dentist,"['cosmetic_dentist', 'health_and_medical']",815a1b92-cbf4-40bd-8e24-31c6e8856443,,commercial,retail,fort-worth,TX,Benbrook,76126.0,9431 Benbrook Blvd,32.6700045,-97.4711175,meta,2025-06-02T07:00:00.000Z,0.9784508333782836,OpenStreetMap,2025-03-16T00:48:15.000Z,,False
6f5fcd02-4940-4216-86a6-5a1f797bfa4e,Tyson Chicken,chicken_restaurant,"['fast_food_restaurant', 'american_restaurant']",aac7c1d2-d043-4fdf-ab93-12ed76f58dc7,,industrial,industrial,fort-worth,TX,Fort Worth,76140.0,7401 Will Rogers Blvd,32.639541,-97.311341,meta,2025-06-02T07:00:00.000Z,0.7548172757475083,OpenStreetMap,2017-06-09T21:36:00.000Z,,False
9aef7679-b72e-43e8-8cc9-144600adbc1a,Tyson Garfield,doctor,"['medical_service_organizations', 'senior_citizen_services']",f2604ca1-ce8e-431f-8064-576020102ae0,UNTHSC Health Pavilion,commercial,commercial,fort-worth,CO,Aurora,80045.0,1635 Aurora Ct,32.7505041,-97.3690745,meta,2025-06-02T07:00:00.000Z,0.3313953488372093,OpenStreetMap,2020-06-06T23:01:53.000Z,,False
3666d15b-1d1d-4fb2-971a-241aa5ff1039,"Brightway Insurance, The Tyson Rochelle Agency",insurance_agency,,4806a805-8472-4665-b1ad-9f54eeeefce6,,commercial,commercial,fort-worth,TX,Fort Worth,76137.0,4500 Mercantile Plaza Dr,32.8226378,-97.3099146,meta,2025-06-02T07:00:00.000Z,0.9784508333782836,OpenStreetMap,2022-11-03T13:52:34.000Z,,False
d0f80337-57a6-492d-9e6b-c8c049a9af28,Tyson Foods,grocery_store,"['food_beverage_service_distribution', 'transportation']",28ccf8b4-68cc-4695-8a84-ba8774688175,,,,fort-worth,TX,Fort Worth,76106.0,5200 Gold Spike Dr,32.831064,-97.349118,meta,2025-06-02T07:00:00.000Z,0.4929396662387676,OpenStreetMap,2017-06-01T19:14:16.000Z,,False
22ef2688-2a8f-4caf-883a-ccad63ddf0c3,Tyson Foods,business_manufacturing_and_supply,"['restaurant', 'freight_and_cargo_service']",34ac88da-fdbe-4f76-9f3e-fa6048a98093,,,,fort-worth,TX,Haltom City,76117.0,3900 Meacham Blvd,32.8232753,-97.2890406,meta,2025-06-02T07:00:00.000Z,0.9784508333782836,OpenStreetMap,2019-02-14T22:56:18.000Z,,False
4164559c-9924-4923-b728-46233444c42e,Tyson Foods Food Plant,restaurant,"['business_manufacturing_and_supply', 'eat_and_drink']",,,,,fort-worth,TX,North Richland Hills,76180.0,6303 Browning Ct,32.8514102,-97.2460288,meta,2025-06-02T07:00:00.000Z,0.4929396662387676,,,,False
62a0dbc8-a941-495c-8823-d11f25a07498,Tyson Prepared Foods,grocery_store,"['eat_and_drink', 'fruits_and_vegetables']",2a25393e-1728-4cee-9e32-fd83cd7ebb0a,,,,fort-worth,TX,North Richland Hills,76180.0,6350 Browning Ct,32.851583,-97.245434,meta,2025-06-02T07:00:00.000Z,0.7548172757475083,OpenStreetMap,2019-02-15T22:05:07.000Z,,False
fc382f56-0620-43c7-8f8a-e177c868dda5,Robert Tyson,real_estate_agent,"['real_estate', 'real_estate_service']",0cb011be-e048-472f-87e8-f26bd3321255,,,,fort-worth,TX,Southlake,76092.0,950 E State Highway 114,32.9549575,-97.136076,meta,2025-06-02T07:00:00.000Z,0.9688311688311688,OpenStreetMap,2022-12-05T23:42:15.000Z,,False
fdd5bbbd-8052-4c78-b5ed-50460ee2bb40,"Dan Tyson, Re/Max Edge Greater Cleveland",real_estate_agent,"['real_estate_service', 'real_estate']",91ecc7e0-91a8-473c-8e8e-04641e808485,,,,cleveland,OH,Cleveland,44113.0,2379 Professor Ave,41.48016,-81.68489,meta,2025-06-02T07:00:00.000Z,0.7548172757475083,OpenStreetMap,2018-01-12T01:05:03.000Z,,False
fdd5bbbd-8052-4c78-b5ed-50460ee2bb40,"Dan Tyson, Re/Max Edge Greater Cleveland",real_estate_agent,"['real_estate_service', 'real_estate']",06542799-ce7f-4d99-859c-0b825343d70d,,,,cleveland,OH,Cleveland,44113.0,2379 Professor Ave,41.48016,-81.68489,meta,2025-06-02T07:00:00.000Z,0.7548172757475083,OpenStreetMap,2015-10-10T19:45:44.000Z,,False
e8b5a7cf-d116-4c10-9f8d-82202633bc1a,Helen Tyson Middle School,middle_school,"['elementary_school', 'school']",f0088138-8dd1-469b-81fd-13489d18dd45,,education,school,fayetteville-springdale,AR,Springdale,72762.0,3304 S 40th St,36.1556568,-94.1778672,meta,2025-06-02T07:00:00.000Z,0.9784508333782836,OpenStreetMap,2019-10-24T02:20:17.000Z,,False
117c4816-043a-44c7-8f9d-c0dfae739e46,Tyson Baseball Fields Springdale,baseball_field,"['stadium_arena', 'sports_and_recreation_venue']",3bb76948-1c15-4a54-aa3d-887f81800a03,,,,fayetteville-springdale,AR,Springdale,0.0,,36.1598425,-94.1814921,meta,2025-06-02T07:00:00.000Z,0.4929396662387676,OpenStreetMap,2019-10-16T19:56:00.000Z,,False
3f61c012-809c-403a-acf2-283312a33be1,Tyson Sports Complex,sports_and_recreation_venue,['park'],e98f8963-ce91-4b5c-b082-aa0ae8ccabd9,,,,fayetteville-springdale,AR,Springdale,72762.0,4303 Watkins Ave,36.15993,-94.179648,meta,2025-06-02T07:00:00.000Z,0.7548172757475083,OpenStreetMap,2019-10-16T19:56:00.000Z,,False
c35203cc-e9cf-4c74-9cb6-8eaf87cca5b3,Randall Tyson Recreational Complex,park,"['active_life', 'sports_and_recreation_venue']",,,,,fayetteville-springdale,AR,Springdale,72762.0,4303 Watkins Ave,36.1602072,-94.17907,meta,2025-06-02T07:00:00.000Z,0.9784508333782836,,,,False
fabaf814-7402-4f73-a2de-e1d857605f9c,Tyson Foods,food_and_beverage_exporter,"['exporters', 'importer_and_exporter', 'international_business_and_trade_services', 'coworking_space', 'specialty_foods', 'business_to_business_services', 'corporate_office', 'food', 'business_to_business', 'private_establishments_and_corporates']",bfcf1f56-08fd-4c71-b641-472d8f834f85,Tyson Foods,commercial,office,fayetteville-springdale,AR,Springdale,72762.0,2200 W Don Tyson Pkwy,36.1540145874023,-94.1545944213867,Microsoft,2016-02-16T22:29:29.537Z,0.77,OpenStreetMap,2021-04-30T01:15:11.000Z,,True
d200f05b-91bf-404e-8e80-e24a8909a011,Tyson K-12 Schools,food_beverage_service_distribution,,bfcf1f56-08fd-4c71-b641-472d8f834f85,Tyson Foods,commercial,office,fayetteville-springdale,AR,Springdale,72762.0,2200 W Don Tyson Pkwy,36.15401,-94.15459,meta,2025-06-02T07:00:00.000Z,0.8253968253968254,OpenStreetMap,2021-04-30T01:15:11.000Z,,False
c2c5dc8d-fb05-415b-b73d-a4a7b848819a,Tyson Foods Local Grain Services,agricultural_service,"['restaurant', 'business_manufacturing_and_supply']",bfcf1f56-08fd-4c71-b641-472d8f834f85,Tyson Foods,commercial,office,fayetteville-springdale,,,72762.0,2200 W Don Tyson Pkwy,36.1545367,-94.1548203,meta,2025-06-02T07:00:00.000Z,0.8860580325548478,OpenStreetMap,2021-04-30T01:15:11.000Z,,True
892c7805-a924-409a-9b26-aa5ce16b7f14,Tyson Discovery Center,real_estate,['real_estate_agent'],bfcf1f56-08fd-4c71-b641-472d8f834f85,Tyson Foods,commercial,office,fayetteville-springdale,AR,Springdale,0.0,,36.154563,-94.1532532,meta,2025-06-02T07:00:00.000Z,0.4929396662387676,OpenStreetMap,2021-04-30T01:15:11.000Z,,False
a7aee14e-0dc7-4872-a550-9cd42969a93d,John Tyson Elementary,elementary_school,"['public_school', 'campus_building']",,,,,fayetteville-springdale,AR,Springdale,72762.0,1967 Chapman Ave,36.1637047,-94.1519215,meta,2025-06-02T07:00:00.000Z,0.9784508333782836,,,,True
b30f2a74-7d18-4c05-8663-51bb911fa9d6,"Don Tyson Park, Springdale, AR",park,"['national_park', 'attractions_and_activities']",,,,,fayetteville-springdale,AR,Springdale,0.0,,36.1814,-94.1459,meta,2025-06-02T07:00:00.000Z,0.4929396662387676,,,,False
38119944-2248-48d4-9d34-e3c9c988a86c,Tyson Yard Springdale Ar,professional_services,"['transportation', 'airport']",1cf1cdfc-c90b-4413-b5f7-59fa083e33db,,industrial,industrial,fayetteville-springdale,,,72764.0,Creek Ave,36.19954,-94.13593,meta,2025-06-02T07:00:00.000Z,0.7548172757475083,OpenStreetMap,2020-10-03T17:39:44.000Z,,False
ede7613b-d30a-4fb2-8d3b-c0fef06a7973,Tyson Drivers Lounge,lounge,['parking'],,,,,fayetteville-springdale,AR,Springdale,0.0,,36.1997264,-94.1360608,meta,2025-06-02T07:00:00.000Z,0.4929396662387676,,,,False
d6a2d9d8-7b7e-4b61-8b06-3ff44f3f754c,Tyson Cornish Plant,shopping,"['central_government_office', 'town_hall']",286b2f08-4030-4877-8812-f215cc3c7fde,,industrial,industrial,fayetteville-springdale,AR,Springdale,72764.0,671 W Randall Wobbe Ln,36.2010303,-94.1335572,meta,2025-06-02T07:00:00.000Z,0.3961437335670464,OpenStreetMap,2020-10-03T17:39:44.000Z,,False
327f7380-9925-4a3b-95a6-d567b6e9d487,Don Tyson School of Innovation,high_school,"['education', 'elementary_school']",f8544cdf-4f9f-4538-b803-4185ae0cb168,,education,school,fayetteville-springdale,AR,Springdale,72764.0,2667 Hylton Rd,36.160103,-94.0845619,meta,2025-06-02T07:00:00.000Z,0.9784508333782836,OpenStreetMap,2020-12-13T05:34:00.000Z,,False
1941a0a9-69ac-40b7-beb5-a2f7446595fe,Tyson Company Store,grocery_store,"['shopping', 'supermarket']",f75f39e2-84c1-4adb-aff6-1cd1e8cec36d,,commercial,commercial,fayetteville-springdale,AR,Springdale,72764.0,516 E Emma Ave,36.1853212,-94.1258486,meta,2025-06-02T07:00:00.000Z,0.9415384615384615,OpenStreetMap,2020-02-22T16:21:36.000Z,,False
1fa0973b-cc97-4bdc-8238-78d3480750e9,Tyson Foods,grocery_store,"['supermarket', 'business_manufacturing_and_supply']",b3b71f89-804b-4ee4-ac43-9a96d68f74af,,industrial,industrial,fayetteville-springdale,AR,Springdale,72764.0,600 Berry St,36.1903732,-94.1256859,meta,2025-06-02T07:00:00.000Z,0.4929396662387676,OpenStreetMap,2022-10-01T13:39:47.000Z,,False
9d45cb17-4cf2-4842-b66a-7a8749afc4a0,Tyson Redmond - Real Estate,real_estate_agent,"['real_estate', 'real_estate_service']",502c775b-f612-4149-8305-3e9131fc741e,,commercial,commercial,sacramento,CA,Sacramento,95864.0,3620 Fair Oaks Blvd,38.57283,-121.48075,meta,2025-06-02T07:00:00.000Z,0.3376623376623376,OpenStreetMap,2018-06-21T11:19:31.000Z,,False
5053e498-02f9-4a55-abf0-7701830b9c3c,Tyson Murray Properties,real_estate_agent,['professional_services'],ae037045-ce9f-4414-8d52-acdd1beea6db,Union Tower,commercial,commercial,denver,CO,Lakewood,80228.0,165 S Union Blvd,39.7130515,-105.1344394,meta,2025-06-02T07:00:00.000Z,0.9300613496932516,OpenStreetMap,2018-05-12T11:21:39.000Z,,False
044ed05e-d05a-41c0-8ba2-8cdb56e1dfcd,Tyson Liverant American Family Insurance,insurance_agency,,9de3486a-7d19-421c-b823-b4ac2ea5c6b3,7585,commercial,office,denver,CO,Lakewood,80232.0,7585 W Arkansas Ave,39.6917628,-105.080733,meta,2025-06-02T07:00:00.000Z,0.9459263554653524,OpenStreetMap,2024-04-13T13:36:30.000Z,,False
feb4a795-823e-485f-95dc-4e5be5cbf0c6,Tyson  tobacco,tobacco_shop,"['discount_store', 'convenience_store']",160b4cc9-6919-440f-a26b-ef500795323f,,commercial,commercial,denver,CO,Aurora,80015.0,16631 E Smoky Hill Rd,39.628388,-104.7949771,meta,2025-06-02T07:00:00.000Z,0.9784508333782836,OpenStreetMap,2024-09-16T11:25:39.000Z,,False
48e1df51-4514-489e-b0c9-16826dfcf581,"Tyson Kimball Olson, MD | Kaiser Permanente",ophthalmologist,"['doctor', 'health_and_medical']",0d4a5d57-6aee-4931-92e4-8ec23434e96e,,medical,hospital,denver,CO,Denver,80205.0,2045 Franklin St Ste 200,39.7477282,-104.9690974,Microsoft,2025-04-28T10:16:16.887Z,0.77,OpenStreetMap,2020-03-14T20:17:45.000Z,,False
424a1fe8-f418-4e08-b1d9-335219f4fc9a,Tyson's Automotive Machine,automotive_repair,"['car_dealer', 'commercial_industrial']",,,,,washington-dc,VA,Sterling,20166.0,22863 Bryant Ct,38.9836779,-77.4410004,meta,2025-06-02T07:00:00.000Z,0.9459263554653524,,,,False
a5cea9ca-378b-47a8-a43d-46ce3cebd818,Tyson's Tree Service,christmas_trees,"['tree_services', 'landscaping', 'retail']",7ca83a2c-b48c-4815-8646-c6410b6407f2,,commercial,commercial,washington-dc,VA,Falls Church,22042.0,2931 Mayberry St,38.974068,-77.413217,Microsoft,2023-09-08T21:07:19.750Z,0.77,OpenStreetMap,2021-05-15T17:45:51.000Z,,False
bd174470-93af-413d-bcc6-40c409fcd2f7,Tyson's Corner,american_restaurant,"['shopping_center', 'cafe']",216225e9-1282-43bc-85cf-b488d0eb131e,,commercial,hotel,washington-dc,VA,Herndon,0.0,,38.9656398,-77.3728257,meta,2025-06-02T07:00:00.000Z,0.296943231441048,OpenStreetMap,2017-04-15T02:34:49.000Z,,False
bd174470-93af-413d-bcc6-40c409fcd2f7,Tyson's Corner,american_restaurant,"['shopping_center', 'cafe']",01174df3-6c36-49f4-a4a1-7cd35aa82d0f,,commercial,hotel,washington-dc,VA,Herndon,0.0,,38.9656398,-77.3728257,meta,2025-06-02T07:00:00.000Z,0.296943231441048,OpenStreetMap,2017-04-15T02:34:49.000Z,,False
cbc88908-66e1-427a-bec5-982a7fb99993,Wildfire Restaurant Tyson Corner,american_restaurant,"['restaurant', 'seafood_restaurant']",bdba8d53-5f82-4a7d-bed6-b10b52689cab,,,,washington-dc,VA,Vienna,0.0,,38.8204368,-77.1336247,meta,2025-06-02T07:00:00.000Z,0.4929396662387676,OpenStreetMap,2022-10-06T06:50:34.000Z,,False
60c9c281-b877-4e05-b211-f57220133408,Capital Grill Tyson's Corner,american_restaurant,"['bar_and_grill_restaurant', 'steakhouse']",bf780538-0c8b-4891-a697-d0143ee274d1,Hooters,commercial,,washington-dc,MD,Byeforde,0.0,,38.8629206,-77.2923347,meta,2025-06-02T07:00:00.000Z,0.4929396662387676,OpenStreetMap,2023-11-01T11:06:29.000Z,,False
783466d0-4e98-4764-a9f8-f4356e98fb2c,Next Day Blinds - Tyson's Corner,window_treatment_store,"['shades_and_blinds', 'retail']",,,,,washington-dc,VA,Vienna,22182.0,8032 Leesburg Pike,38.913542,-77.223162,Microsoft,2013-04-25T21:41:33.957Z,0.77,,,,False
a48a7ea1-df8b-406b-9ad2-ba2f5a45915a,Chamberlain University - Tyson's Corner,education,,,,,,washington-dc,VA,Vienna,22182.0,1951 Kidwell Dr,38.9105589,-77.221072,Microsoft,2025-05-10T18:01:49.857Z,0.77,,,,False
ed7922e6-9866-4423-87f7-66ca1afd2334,Tyson's International Plaza,commercial_real_estate,['shopping'],b9ae63b2-77fb-472d-8892-e4fb484297af,,commercial,office,washington-dc,VA,Vienna,22182.0,1945 Old Gallows Rd,38.9109688,-77.2216721,meta,2025-06-02T07:00:00.000Z,0.3376623376623376,OpenStreetMap,2023-05-15T02:12:01.000Z,,False
86b11e77-fec8-42d1-a7dc-3f9f0d1ccc3f,Budget Blinds of Tyson's Corner & Herndon,linen,['windows_installation'],791ea0e1-c317-42bd-900f-791dedd322d5,,,,washington-dc,VA,Vienna,22182.0,1934 Old Gallows Rd,38.9118813,-77.2223514,meta,2025-06-02T07:00:00.000Z,0.909823677581864,OpenStreetMap,2024-08-24T00:46:24.000Z,,False
574b841e-9e38-4d2f-a375-69cc0f6682fd,DaVita Tyson's Corner At Home,hospital,"['dialysis_clinic', 'health_and_medical']",1386e80f-56cf-46e7-9889-551c5d5622f6,,,,washington-dc,VA,Vienna,22182.0,8391 Old Courthouse Rd,38.9144493,-77.2350397,meta,2025-06-02T07:00:00.000Z,0.9415384615384615,OpenStreetMap,2023-05-19T12:37:08.000Z,,False
cb01ae9e-1780-40a9-a6b6-6e629b6946fd,"Crust Vienna - Best Pizza - Neopotalian Pizza Tyson, VA",desserts,"['pizza_restaurant', 'restaurant']",,,,,washington-dc,VA,Vienna,22182.0,8415 Old Courthouse Rd,38.9156663,-77.2362755,Microsoft,2022-12-14T16:36:20.670Z,0.77,,,,False
733a3527-eaac-498b-a3e6-9eeddb277387,Andys Barber Shop Tyson Location,barber,"['beauty_salon', 'beauty_and_spa']",4dce6551-c6f2-4589-bb29-d1047183f81e,Pike 7 Shopping Center,,,washington-dc,VA,Vienna,22182.0,8379 Leesburg Pike,38.9215576,-77.236443,meta,2025-06-02T07:00:00.000Z,0.9784508333782836,OpenStreetMap,2023-04-18T22:25:32.000Z,,False
44203109-5efb-421d-b2e4-91b0fb1292a3,Priority Nissan Tyson'S,car_dealer,"['automotive_dealer', 'professional_services']",af0968ae-5eac-46df-b337-3672ab0146f6,Rosenthal Nissan Mazda of Tysons Corner,,,washington-dc,VA,Vienna,22182.0,8525 Leesburg Pike,38.927016,-77.2411203,meta,2025-06-02T07:00:00.000Z,0.9784508333782836,OpenStreetMap,2023-09-24T18:12:12.000Z,,False
d302d2fa-9874-43f4-af65-1d24b0b8d884,Tyson's Corner Dental Care,dentist,"['cosmetic_dentist', 'hospital']",dfd1f278-e963-46b6-a58e-18d4dba87b10,,commercial,office,washington-dc,VA,McLean,22102.0,8363 Greensboro Dr,38.9272402,-77.2355767,meta,2025-06-02T07:00:00.000Z,0.9784508333782836,OpenStreetMap,2013-06-29T01:01:08.000Z,,False
68d68d83-31ed-4c51-9b1a-1a57ddb40b34,"Floor Coverings of Tyson's Corner, VA",flooring_store,['retail'],,,,,washington-dc,VA,Vienna,22182.0,8455G Tyco Rd,38.9302,-77.2424,Microsoft,2024-08-06T16:22:15.213Z,0.77,,,,False
5f7bb6e1-5bbd-4a0c-9df5-e7bab00b63db,Hunan Cafe Tyson,chinese_restaurant,"['cafe', 'asian_restaurant']",f172d228-ef46-4be7-9a95-83e4a2c05375,,,,washington-dc,VA,Vienna,22182.0,8453 Tyco Rd,38.9312127,-77.2379534,meta,2025-06-02T07:00:00.000Z,0.9784508333782836,OpenStreetMap,2022-05-26T19:24:41.000Z,,False
69aa3781-dfe3-444e-bc91-79f494d83f2c,Tyson's Gynecology and Menopause Center,hospital,"['obstetrician_and_gynecologist', 'womens_health_clinic']",45acdc52-cb1c-4144-a98d-9831abd870cc,,,,washington-dc,VA,Vienna,22182.0,8300 Old Courthouse Rd,38.914289,-77.2313874,meta,2025-06-02T07:00:00.000Z,0.9784508333782836,OpenStreetMap,2022-09-19T20:46:43.000Z,,False
f2aef69f-5476-4504-88e4-d2dcecd61708,PT Solutions Physical Therapy - Tyson's Corner,occupational_therapy,['physical_therapy'],3ad08831-5bcb-4fd2-a5b4-bec2ba819db7,,commercial,office,washington-dc,VA,Vienna,22182.0,8320 Old Courthouse Rd,38.914961,-77.232898,meta,2025-06-02T07:00:00.000Z,0.4929396662387676,OpenStreetMap,2023-05-19T12:37:08.000Z,,False
75f9b2cc-a797-427a-b260-155326522586,McLeod Dental Tyson Corner,dentist,['professional_services'],af275059-b3f1-408f-b6f8-911560f45750,,commercial,office,washington-dc,VA,Vienna,22182.0,8298 Old Courthouse Rd,38.9145632,-77.2309057,meta,2025-06-02T07:00:00.000Z,0.9879256218304756,OpenStreetMap,2013-06-30T05:53:35.000Z,,False
6ed1db72-474b-4aa4-b0cc-03518a29e5ce,Tyson,shopping,,bd3d2080-10c8-4d9d-933e-3d96b6ed1326,,commercial,office,washington-dc,VA,Vienna,0.0,,38.9153361,-77.2307622,meta,2025-06-02T07:00:00.000Z,0.242152466367713,OpenStreetMap,2023-11-01T20:59:21.000Z,,False
7468a62c-f2bd-4e1b-8b51-fee5b705ac47,Rosa Laitano- Virginia Real Estate Agent- Fairfax Realty of Tysons Inc.,real_estate_agent,,2427d85c-bbde-4378-a8dd-cc20ec8147f4,,commercial,office,washington-dc,VA,Vienna,22182.0,8300 Boone Blvd,38.917123,-77.231845,meta,2025-06-02T07:00:00.000Z,0.2456896551724137,OpenStreetMap,2023-12-02T23:26:02.000Z,,True
8ec89d6e-3683-472f-a185-5770375ae314,Fairfax Realty of Tyson's,real_estate_agent,"['real_estate', 'home_staging']",2427d85c-bbde-4378-a8dd-cc20ec8147f4,,commercial,office,washington-dc,VA,Vienna,22182.0,8300 Boone Blvd,38.91701,-77.2317444,meta,2025-06-02T07:00:00.000Z,0.9784508333782836,OpenStreetMap,2023-12-02T23:26:02.000Z,,False
291c0d8b-886e-4cdd-ba6e-5f50b76200da,Tyson's Urgent Care,walk_in_clinic,"['doctor', 'medical_center', 'urgent_care_clinic', 'health_and_medical']",,,,,washington-dc,VA,Vienna,22182.0,8206 Leesburg Pike,38.917209,-77.228667,Microsoft,2014-05-29T18:15:59.523Z,0.77,,,,False
8071180b-1f27-4237-a392-2d6f82e5d1ca,Tyson's Eye Doctor,optometrist,['eyewear_and_optician'],0a8a4c78-5fae-4b57-91bc-497af7eb6c1a,Tysons Corner Center,commercial,retail,washington-dc,VA,McLean,22102.0,8093 Tysons Corner Ctr,38.9161959,-77.2229127,meta,2025-06-02T07:00:00.000Z,0.9784508333782836,OpenStreetMap,2024-12-21T00:11:43.000Z,,False
fc84a2cf-f793-4bab-9991-0d240b59f9d6,Tyson's Dental Design Center,cosmetic_dentist,"['general_dentistry', 'pediatric_dentist', 'dentist', 'health_and_medical']",16e1d2d7-2d20-4879-87c2-26e99e692547,Fairfax Building,,,washington-dc,VA,Vienna,22182.0,8150 Leesburg Pike Ste 830,38.91643,-77.22665,Microsoft,2025-05-19T07:48:27.190Z,0.77,OpenStreetMap,2021-07-10T14:33:53.000Z,,False
fc84a2cf-f793-4bab-9991-0d240b59f9d6,Tyson's Dental Design Center,cosmetic_dentist,"['general_dentistry', 'pediatric_dentist', 'dentist', 'health_and_medical']",4f8aa65e-4850-4ee7-8545-533e222e28e9,,transportation,parking,washington-dc,VA,Vienna,22182.0,8150 Leesburg Pike Ste 830,38.91643,-77.22665,Microsoft,2025-05-19T07:48:27.190Z,0.77,OpenStreetMap,2023-09-21T14:23:10.000Z,,False
f2b61fbe-8302-4478-93bc-5a76dfd93028,Grove Dental-Tyson,dentist,"['doctor', 'hospital']",c4a413d1-39dd-4e7f-833c-9f720057457d,,commercial,office,washington-dc,VA,McLean,22102.0,8270 Greensboro Dr,38.9236099,-77.2306,meta,2025-06-02T07:00:00.000Z,0.7548172757475083,OpenStreetMap,2020-01-23T02:07:52.000Z,,False
6e3e955a-1b36-433f-abc8-b70166d5dc99,Free People Tyson's Corner,womens_clothing_store,"['t_shirt_store', 'clothing_store', 'boutique', 'retail']",,,,,washington-dc,VA,McLean,22102.0,1961 Chain Bridge Rd,38.91977,-77.226088,Microsoft,2015-11-09T17:41:51.080Z,0.77,,,,False
814b53f8-8d90-439f-a767-52555766d3c9,Tyson Corner Washington,shopping_center,,53f8a09a-3172-4f38-a0e7-8c870c753136,,commercial,retail,washington-dc,,,0.0,,38.9209672,-77.226931,meta,2025-06-02T07:00:00.000Z,0.4929396662387676,OpenStreetMap,2025-01-17T17:49:08.000Z,,False
d07ed051-bcec-4ebc-880f-3b4f6440466e,Silver Line Smiles of Tyson's Corner,general_dentistry,"['dentist', 'health_and_medical']",3233f209-21dc-4fa2-a98d-422247b71028,8201 Greensboro Drive,commercial,office,washington-dc,VA,McLean,22102.0,8201 Greensboro Dr Ste 710,38.92229,-77.22732,Microsoft,2022-11-01T14:55:11.930Z,0.77,OpenStreetMap,2021-07-10T14:33:53.000Z,,False
45af961c-e1bb-49a7-9936-a7f655619bc0,Tyson Galleria Mall,shopping_center,['shopping'],,,,,washington-dc,VA,Tysons Corner,0.0,,38.9228615,-77.2270394,meta,2025-06-02T07:00:00.000Z,0.4929396662387676,,,,False
0e2c4eeb-9503-4b30-b084-e1dc075fff79,Airrosti Tyson,chiropractor,"['medical_center', 'health_and_medical']",f18d8fe6-88d7-48d6-aba6-98eec7ca25cf,8200 Greensboro Drive,commercial,office,washington-dc,VA,McLean,22102.0,8200 Greensboro Dr Ste 941,38.923191,-77.228386,Microsoft,2024-08-16T00:37:09.493Z,0.77,OpenStreetMap,2021-07-10T14:33:53.000Z,,False
4c7f0b5f-680a-4bdf-8cc5-7e66052ce8fa,NM Cafe at Neiman Marcus - Tyson's Corner,cafe,['restaurant'],8d33915f-2d6f-4519-88c8-3f15f65f909e,Neiman Marcus,,,washington-dc,VA,McLean,22102.0,2255 International Dr,38.922866,-77.224211,meta,2025-06-02T07:00:00.000Z,0.5662921348314607,OpenStreetMap,2023-09-24T18:12:12.000Z,,False
446711d8-eb27-4f22-b403-f5809ca0a85b,Tyson's Ballroom Dance Center,dance_school,['active_life'],21334a21-a1b5-4144-844e-9be611d04af5,,commercial,office,washington-dc,VA,Vienna,22182.0,8032 Leesburg Pike,38.9140624,-77.222794,meta,2025-06-02T07:00:00.000Z,0.9879256218304756,OpenStreetMap,2023-05-14T02:05:47.000Z,,False
ae87afda-d2b1-4383-be13-5c4c22b4f9a5,Cellairis Tyson's Corner,mobile_phone_store,"['automotive_repair', 'automotive']",0a8a4c78-5fae-4b57-91bc-497af7eb6c1a,Tysons Corner Center,commercial,retail,washington-dc,VA,McLean,22102.0,1961 Chain Bridge Rd,38.917398,-77.222408,meta,2025-06-02T07:00:00.000Z,0.242152466367713,OpenStreetMap,2024-12-21T00:11:43.000Z,,False
86abcc50-47ef-42bf-a568-3967e0ffc6ad,Tyson's Eye Care,optometrist,"['eye_care_clinic', 'health_and_medical', 'retail']",85209363-ffc3-4de6-bfd1-f0543e04399e,Nordstrom,commercial,retail,washington-dc,VA,Mc Lean,22102.0,8093L Tysons Corner Ctr,38.91726017956569,-77.22186505794525,Microsoft,2014-05-11T12:44:57.907Z,0.77,OpenStreetMap,2024-07-28T21:45:19.000Z,,False
709178b6-ec25-4b2a-b861-b601d143badd,Dr. Martens Tyson's Corner,shoe_store,['retail'],,,,,washington-dc,VA,Tysons Corner,22102.0,1961 Chain Bridge Rd,38.9173522,-77.2216314,Microsoft,2024-12-31T18:11:03.983Z,0.77,,,,False
5ff3ab9a-bcc0-4925-b13e-ab21a53b7cb4,Mango Tyson,shopping,"['cosmetic_and_beauty_supplies', 'beauty_salon']",0a8a4c78-5fae-4b57-91bc-497af7eb6c1a,Tysons Corner Center,commercial,retail,washington-dc,VA,McLean,22102.0,7987 Tysons Corner Ctr,38.9175733,-77.2217354,meta,2025-06-02T07:00:00.000Z,0.8540983606557377,OpenStreetMap,2024-12-21T00:11:43.000Z,,False
6e1283cb-a714-47ca-8808-47eca0333a8e,Auntie Anne's Pretzels Tyson's Corner Center,bakery,"['eat_and_drink', 'restaurant']",0a8a4c78-5fae-4b57-91bc-497af7eb6c1a,Tysons Corner Center,commercial,retail,washington-dc,VA,McLean,22102.0,7955 Tysons Corner Ctr,38.9178054,-77.2213096,meta,2025-06-02T07:00:00.000Z,0.9784508333782836,OpenStreetMap,2024-12-21T00:11:43.000Z,,False
e9fcf4b4-870d-49a2-b7b8-2caca906a4fc,Sprint Store - Tyson's Corner Center,mobile_phone_store,"['internet_service_provider', 'shopping']",0a8a4c78-5fae-4b57-91bc-497af7eb6c1a,Tysons Corner Center,commercial,retail,washington-dc,VA,McLean,22102.0,1961 Chain Bridge Rd,38.9179879,-77.2209451,meta,2025-06-02T07:00:00.000Z,0.4929396662387676,OpenStreetMap,2024-12-21T00:11:43.000Z,,False
b15899ec-703e-49cb-8671-1dd87ba3c669,Pinkberry Tyson's Corner,frozen_yoghurt_shop,"['shopping', 'desserts']",0a8a4c78-5fae-4b57-91bc-497af7eb6c1a,Tysons Corner Center,commercial,retail,washington-dc,VA,McLean,22102.0,7889 Tysons Corner Ctr,38.9176423,-77.2199819,meta,2025-06-02T07:00:00.000Z,0.1666666666666666,OpenStreetMap,2024-12-21T00:11:43.000Z,,False
b24ad021-e1aa-4fa8-9ba0-e7109201ebdc,Tyson's Corner Galleria Mall,shopping_center,['shopping'],0a8a4c78-5fae-4b57-91bc-497af7eb6c1a,Tysons Corner Center,commercial,retail,washington-dc,VA,Tysons Corner,0.0,,38.9175335,-77.218362,meta,2025-06-02T07:00:00.000Z,0.5662921348314607,OpenStreetMap,2024-12-21T00:11:43.000Z,,False
714c6000-c465-423e-86ee-c9014c663820,Tyson's Corner AMC Theatre,drive_in_theater,"['cinema', 'museum']",0a8a4c78-5fae-4b57-91bc-497af7eb6c1a,Tysons Corner Center,commercial,retail,washington-dc,VA,Tysons Corner,0.0,,38.9180214,-77.219495,meta,2025-06-02T07:00:00.000Z,0.5662921348314607,OpenStreetMap,2024-12-21T00:11:43.000Z,,False
160e9360-5dcc-46c8-ae9c-4e450e88f88d,Tyson's Corner Center,sports_club_and_league,['gym'],f45dc633-9e8d-47c8-844f-891d6048deda,Agency 64PM,commercial,commercial,washington-dc,VA,McLean,22102.0,1775 Tysons Blvd,38.9233778,-77.2215016,meta,2025-06-02T07:00:00.000Z,0.3376623376623376,OpenStreetMap,2025-04-23T19:32:40.000Z,,False
de15921d-949a-443a-a01c-da9319d4dff4,Tyson's Ii Lerner,parking,"['american_restaurant', 'dentist']",f45dc633-9e8d-47c8-844f-891d6048deda,Agency 64PM,commercial,commercial,washington-dc,VA,McLean,22102.0,1775 Tysons Blvd,38.923512,-77.221463,meta,2025-06-02T07:00:00.000Z,0.4929396662387676,OpenStreetMap,2025-04-23T19:32:40.000Z,,False
9e2fbe2f-ea3a-4a93-bd3c-7e0b840a85c0,Tyson s Westpark Transit Station,bus_station,"['travel', 'transportation']",70e19f3c-f500-4290-afe6-7bf4311f7eab,,,,washington-dc,VA,McLean,22102.0,8300 Jones Branch Dr,38.932731,-77.231805,meta,2025-06-02T07:00:00.000Z,0.3961437335670464,OpenStreetMap,2022-09-22T06:28:03.000Z,,False
9ef31534-3e87-4805-9e51-1e676c133431,Tyson Corner Mobile,auto_glass_service,['wholesale_store'],a3577608-6595-444c-b219-c0a71456ca8e,,commercial,office,washington-dc,,,22102.0,7925 Jones Branch Dr,38.9302668,-77.218108,meta,2025-06-02T07:00:00.000Z,0.242152466367713,OpenStreetMap,2017-10-06T20:08:28.000Z,,False
9e87058d-b7f2-49cd-a679-966420569ed3,Tyson's Barber,barber,"['beauty_salon', 'beauty_and_spa']",b6797be1-a475-4883-8f80-b20e296d9723,,,,washington-dc,VA,Falls Church,22043.0,7457 Patterson Rd,38.9046376,-77.2032463,meta,2025-06-02T07:00:00.000Z,0.9784508333782836,OpenStreetMap,2013-09-24T04:47:52.000Z,,False
3eb13402-b8c8-4e25-aa0e-8caf7b0ca173,Tyson's Tots & Kids,home_service,"['professional_services', 'school']",,,,,washington-dc,VA,Falls Church,22043.0,2024 Nordlie Pl,38.909633,-77.211215,meta,2025-06-02T07:00:00.000Z,0.3961437335670464,,,,False
7b5e7862-469a-4205-afac-44ebb4cfdc88,P.F. Chang's Tyson Corner,restaurant,,1f65be52-6138-471d-b05c-b83d4281f777,,,,washington-dc,VA,Fairfax,0.0,,38.85443,-77.13557,meta,2025-06-02T07:00:00.000Z,0.3961437335670464,OpenStreetMap,2019-12-05T22:22:17.000Z,,False
24bbf877-0d10-40be-a926-0b027cbe9844,Donovan Tyson Motto Mortgage Connection,mortgage_broker,,b6939a95-87a9-47e8-8169-d4c883ff0c9f,,,,washington-dc,DC,Washington,20001.0,"1918 18th Street, NW Ctyd, Ste 2A",38.91622,-77.04194,Microsoft,2025-05-24T05:59:47.117Z,0.77,OpenStreetMap,2015-03-04T01:15:33.000Z,,False
11085547-2e38-491e-be47-57bc9b1ac787,Donovan Tyson,real_estate_agent,"['real_estate', 'professional_services']",2ee9fa5c-9c7f-4559-837a-0a02db02cf12,N Street Village,,,washington-dc,DC,Washington,20005.0,1313 14th St NW,38.907715,-77.0317958,meta,2025-06-02T07:00:00.000Z,0.8860580325548478,OpenStreetMap,2024-12-13T11:50:58.000Z,,False
11085547-2e38-491e-be47-57bc9b1ac787,Donovan Tyson,real_estate_agent,"['real_estate', 'professional_services']",ef2000fd-33ad-49e2-9a1b-b296cda6f742,,,,washington-dc,DC,Washington,20005.0,1313 14th St NW,38.907715,-77.0317958,meta,2025-06-02T07:00:00.000Z,0.8860580325548478,OpenStreetMap,2024-06-10T14:07:41.000Z,,False
d34cda9f-5d38-4c7c-82ec-c40c007bf095,Greater Tyson Temple - FUCLG,pentecostal_church,"['church_cathedral', 'religious_organization']",7e332c69-449c-4eee-ba88-0c8c8f6bd279,,residential,detached,washington-dc,DC,Washington,20019.0,3024 Massachusetts Ave SE,38.879225,-76.963382,meta,2025-06-02T07:00:00.000Z,0.7548172757475083,OpenStreetMap,2023-11-20T11:38:02.000Z,,False
d34cda9f-5d38-4c7c-82ec-c40c007bf095,Greater Tyson Temple - FUCLG,pentecostal_church,"['church_cathedral', 'religious_organization']",c8430cdf-ba06-44ab-821e-d67e1bb54cdc,,residential,detached,washington-dc,DC,Washington,20019.0,3024 Massachusetts Ave SE,38.879225,-76.963382,meta,2025-06-02T07:00:00.000Z,0.7548172757475083,OpenStreetMap,2023-11-20T11:38:02.000Z,,False
83b736fd-9a49-4150-9ba7-aa2cd05d262d,Tyson Training,gym,"['nutritionist', 'active_life']",7249d3df-2061-462d-b640-6cba34f08c02,,,,washington-dc,MD,Lanham,20706.0,4501 Forbes Blvd,38.951524,-76.831608,meta,2025-06-02T07:00:00.000Z,0.2456896551724137,OpenStreetMap,2014-09-24T12:05:18.000Z,,False
8a330c70-ab9a-42e0-87d7-e9be6963ff7a,"Ruth Tyson, Crye-Leike REALTORS Kanis Branch",real_estate_agent,['real_estate'],44967c82-7fbd-418e-9a14-aec9b707224e,,,,little-rock,AR,Little Rock,72211.0,11600 Kanis Rd,34.7443234,-92.4036783,meta,2025-06-02T07:00:00.000Z,0.9297091412742382,OpenStreetMap,2024-05-21T20:34:07.000Z,,False
3b4fc97b-1fa9-4158-b73d-6eb66ed8650b,Lotes y Pacas Tyson,clothing_store,"['childrens_clothing_store', 'womens_clothing_store']",,,,,mcallen,TX,McAllen,78503.0,2701 S 23rd St,26.1806397,-98.2488319,meta,2025-06-02T07:00:00.000Z,0.8540983606557377,,,,False
e3690a56-bfdf-4986-8841-0a2e253b1f0f,Chris Tyson EA,tax_services,,,,,,miami,FL,Coral Gables,33134.0,1498 Sevilla Ave,25.7447267,-80.2843542,Microsoft,2015-05-14T09:24:29.137Z,0.77,,,,False
91f652f3-ad81-4640-a77f-a70374c5f698,Bill Tyson's Auto Repair,automotive_repair,"['tire_dealer_and_repair', 'automotive']",54161657-efb0-43e1-9ae4-ca52ab3f808b,,,,miami,FL,Wellington,33414.0,3031 Fortune Way,26.6362822,-80.2275416,meta,2025-06-02T07:00:00.000Z,0.9784508333782836,OpenStreetMap,2015-07-19T07:27:17.000Z,,False
d23ab9b4-c749-4ddf-ae4e-bc8444f78b1a,Tyson Auto Repair,automotive_repair,"['tire_dealer_and_repair', 'automotive_dealer']",b27eb1fc-c6a8-4730-8ea9-bc7ac4a90962,,,,miami,FL,Royal Palm Beach,33411.0,1213 N State Road 7,26.706554,-80.201738,meta,2025-06-02T07:00:00.000Z,0.7548172757475083,OpenStreetMap,2014-07-28T03:51:22.000Z,,False
239b8f2f-4d93-4877-b70e-0d23be114a2e,"Bill Tyson's Auto Repair, Royal Palm Beach",brake_service_and_repair,"['tire_shop', 'automotive', 'retail']",b27eb1fc-c6a8-4730-8ea9-bc7ac4a90962,,,,miami,FL,Royal Palm Beach,33411.0,"1213 N State Rd 7, Ste 7",26.7065751,-80.2016755,Microsoft,2025-05-08T03:36:26.700Z,0.77,OpenStreetMap,2014-07-28T03:51:22.000Z,,False
7cc9f2c8-15df-418a-8e54-031aa205a63a,George Tyson Lawn Services,landscaping,['professional_services'],154f0f5e-3e3e-4126-9e42-cf09c6670b30,,,,miami,FL,Pompano Beach,33060.0,220 NW 15th St,26.2457062,-80.1259504,meta,2025-06-02T07:00:00.000Z,0.8831168831168831,OpenStreetMap,2023-03-26T14:25:07.000Z,,False
d9b8f280-b0ba-49a4-bad1-6e97e90bab9e,"Bill Tyson's Auto Repair, Boca Raton",brake_service_and_repair,['automotive'],d5fcde17-222b-4c43-bab5-906c3b50d338,,,,miami,FL,Boca Raton,33431.0,90 NW Spanish River Blvd Ste 5,26.3857126,-80.0835677,Microsoft,2025-05-08T03:36:27.457Z,0.77,OpenStreetMap,2023-05-18T05:04:50.000Z,,False
add9dbc5-7f90-4642-9ad1-791e1dfa4c35,Tyson's Tiny Tots,day_care_preschool,"['home_service', 'preschool']",,,,,miami,FL,West Palm Beach,33407.0,542 22nd St,26.7339109,-80.0566442,meta,2025-06-02T07:00:00.000Z,0.9784508333782836,,,,False
73da322b-52da-4403-9b89-fea04d721247,"Tyson Law Group, PLLC",lawyer,"['wills_trusts_and_probate', 'legal_services']",2772747e-c9ca-4b99-9f5f-14edeb0a81f3,,,,miami,FL,Jupiter,33477.0,110 Front St,26.84533,-80.09319,meta,2025-06-02T07:00:00.000Z,0.296943231441048,OpenStreetMap,2013-12-17T06:20:25.000Z,,False
c68633fc-4af6-4b0f-b40c-f01d3dd93a12,Tyson's Tae Kwondo,martial_arts_club,"['active_life', 'sports_club_and_league']",5751db8b-9fc7-40ea-8e7d-6292875f23cb,,,,chicago,IL,Aurora,60506.0,11 S Lake St,41.75958,-88.318907,meta,2025-06-02T07:00:00.000Z,0.296943231441048,OpenStreetMap,2014-07-19T00:29:51.000Z,,False
55be445c-b5ae-4d47-b642-974c6e189bb3,Tyson's Taekwondo,martial_arts_club,"['active_life', 'gym']",6a4746b1-854a-4003-baae-ad4c070ededf,,commercial,retail,chicago,IL,Aurora,60506.0,984 N Lake St,41.7775971,-88.3161822,meta,2025-06-02T07:00:00.000Z,0.9784508333782836,OpenStreetMap,2023-07-13T18:19:03.000Z,,False
d587747b-b8f3-45f3-9386-9da4e2ab8a56,Tyson Motor,automotive_repair,"['car_dealer', 'automotive_parts_and_accessories']",dddaebcf-596d-4aec-8b8d-c84aeaaab9b9,Tyson Motors,commercial,commercial,chicago,IL,Shorewood,60404.0,1 SW Frontage Rd,41.5202578,-88.1922797,meta,2025-06-02T07:00:00.000Z,0.9879256218304756,OpenStreetMap,2025-01-02T20:24:58.000Z,,False
1ec9014b-21d8-485f-8a9c-82346b4f7aac,"Tyson Grover, DVM - Friendly Vet",veterinarian,"['pet_services', 'hospital']",630a8e41-ee7f-4658-9f78-3630cf1be9cd,,,,chicago,IL,Lisle,60532.0,1603 Ogden Ave,41.8001797,-88.0828036,meta,2025-06-02T07:00:00.000Z,0.7548172757475083,OpenStreetMap,2020-09-23T23:20:54.000Z,,False
6a4fe4fc-9b4e-4766-a81a-d2f016cd3557,Tyson Foods,grocery_store,"['food_beverage_service_distribution', 'freight_and_cargo_service']",fba1cd76-a0d4-4418-a131-0521e8aae9ef,OSI Chicago  Ashland,industrial,industrial,chicago,IL,Chicago,60609.0,4201 S Ashland Ave,41.8176335,-87.6635649,meta,2025-06-02T07:00:00.000Z,0.296943231441048,OpenStreetMap,2025-06-04T22:35:51.000Z,,False
220819a9-d571-4c3e-a7e7-406de234efc0,Tyson H/A Tire Shop,tire_dealer_and_repair,"['automotive', 'automotive_repair']",522bccc0-8e72-4f06-8e94-0af63c013f0a,,,,chicago,IL,Chicago,60621.0,6053 S State St,41.7839638,-87.6248461,meta,2025-06-02T07:00:00.000Z,0.9784508333782836,OpenStreetMap,2013-03-17T00:16:11.000Z,,False
cdc467d3-9071-4781-b88a-d863eed19bad,Tyson Foods Food Plant,business_manufacturing_and_supply,"['eat_and_drink', 'professional_services']",c2218ec7-cd57-4e8f-abd1-022888405350,,commercial,office,chicago,IL,Chicago,60607.0,400 S Jefferson St,41.876297,-87.642649,meta,2025-06-02T07:00:00.000Z,0.5662921348314607,OpenStreetMap,2024-10-07T22:30:44.000Z,,True
9fde3ced-0411-4f8a-8c12-fe2a28f303c5,"Anna Tyson, M.D.",gastroenterologist,"['doctor', 'health_and_medical']",d5017f24-a38f-497f-be1c-9005ef067d1c,Glenbrook Hopsital,medical,hospital,chicago,IL,Glenview,60026.0,2050 Pfingsten Rd Ste 128,42.0928353,-87.8530258,Microsoft,2023-08-21T12:57:19.593Z,0.77,OpenStreetMap,2024-07-18T15:32:17.000Z,,False
dabb7281-c5f6-494a-88ac-007d62750164,"Anna Tyson, M.D.",gastroenterologist,"['surgeon', 'doctor', 'health_and_medical']",dbfc8181-29f3-4d47-8e8c-0717782142a1,Ambulatory Care Center,medical,hospital,chicago,IL,Skokie,60076.0,9650 Gross Point Rd 3rd Fl,42.0573301,-87.7405734,Microsoft,2023-08-21T12:57:19.593Z,0.77,OpenStreetMap,2024-08-02T18:33:36.000Z,,False
49c3438e-ece8-4d38-af9f-3ddc9ccff916,"Anna Tyson, M.D.",gastroenterologist,"['surgeon', 'doctor', 'health_and_medical']",,,,,chicago,IL,Skokie,60076.0,9650 Gross Point Rd 3RD Floor,42.05752,-87.7406361,Microsoft,2023-08-22T16:52:10.720Z,0.77,,,,False
5c880c91-43b1-42af-a7cb-e7d8a1d47131,"Anna Tyson, M.D.",gastroenterologist,"['doctor', 'health_and_medical']",,,,,chicago,IL,Highland Park,60035.0,757 Park Ave W Ste 2850,42.189964,-87.808418,Microsoft,2023-08-22T16:48:05.563Z,0.77,,,,False
45aecc3a-d2e2-48eb-83e8-d85c108951a2,"Anna Tyson, M.D.",gastroenterologist,"['doctor', 'health_and_medical']",1ded2682-b0c8-4cd2-88bb-d187aaf5d076,,medical,hospital,chicago,IL,Highland Park,60035.0,757 Park Ave W Ste 2850,42.1897049,-87.8079807,Microsoft,2023-08-21T12:57:19.593Z,0.77,OpenStreetMap,2022-01-31T21:51:20.000Z,,False
91c806af-2369-46da-af8e-b609f5e80532,Chris Tyson Professional Styling & Grooming Co.,barber,"['hair_salon', 'beauty_and_spa']",,,,,tulsa,OK,Tulsa,74136.0,6939 S Lewis Ave,36.0623185,-95.957841,Microsoft,2025-04-18T06:41:05.123Z,0.77,,,,False
f6013424-4a70-4ab4-be7e-75e4435182fb,Chris Tyson Barber Shop,beauty_salon,"['barber', 'beauty_and_spa']",860ec2eb-c524-4dbe-b9c3-fdc5a8dd8429,,commercial,retail,tulsa,OK,Tulsa,74136.0,6939 S Lewis Ave,36.0622479,-95.9569975,meta,2025-06-02T07:00:00.000Z,0.9879256218304756,OpenStreetMap,2024-12-02T02:22:24.000Z,,False
f6013424-4a70-4ab4-be7e-75e4435182fb,Chris Tyson Barber Shop,beauty_salon,"['barber', 'beauty_and_spa']",670034cc-fa5e-40d8-b46d-8f16dcd983b7,Chris Tyson Grooming,commercial,retail,tulsa,OK,Tulsa,74136.0,6939 S Lewis Ave,36.0622479,-95.9569975,meta,2025-06-02T07:00:00.000Z,0.9879256218304756,OpenStreetMap,2024-12-02T02:22:24.000Z,,False
fc382f56-0620-43c7-8f8a-e177c868dda5,Robert Tyson,real_estate_agent,"['real_estate', 'real_estate_service']",0cb011be-e048-472f-87e8-f26bd3321255,,,,denton-lewisville,TX,Southlake,76092.0,950 E State Highway 114,32.9549575,-97.136076,meta,2025-06-02T07:00:00.000Z,0.9688311688311688,OpenStreetMap,2022-12-05T23:42:15.000Z,,False
8d66d175-6e59-4156-a28a-36e53ed8fe86,Tyson - Transformer Fitness,gym,"['life_coach', 'fitness_trainer']",81b047db-49bc-46ca-ac7a-5d317efa4a96,,,,denton-lewisville,TX,Plano,75093.0,"Willow Bend Fitness Club, 2500 Dallas Pkwy",33.02917,-96.841311,meta,2025-06-02T07:00:00.000Z,0.5662921348314607,OpenStreetMap,2016-06-09T21:30:15.000Z,,False
cb9ce57e-d014-48c1-80aa-83fe9f9df5ce,Roe Tyson J DDS,cosmetic_dentist,"['general_dentistry', 'pediatric_dentist', 'dentist', 'health_and_medical']",ca94e22b-e131-4214-a9e5-393ff2b651d9,Garden Gate Dental,medical,,raleigh,NC,Raleigh,27612.0,6004 Creedmoor Rd,35.8652572631836,-78.6800231933594,Microsoft,2013-01-29T05:17:06.437Z,0.77,OpenStreetMap,2023-10-24T20:48:25.000Z,,False
72158010-cdc7-4463-ae31-8a2f794844bd,Tyson Robinson - Temecula Real Estate Team,real_estate_agent,,,,,,temecula-murrieta,CA,Temecula,92590.0,27247 Madison Ave,33.5263447,-117.1674875,Microsoft,2025-05-22T15:48:41.630Z,0.77,,,,False
c528b1a6-f6c1-4cab-8d5e-23323b948be3,J. Tyson Life Health and Disability,insurance_agency,,,,,,fayetteville,NC,Fayetteville,28314.0,6628 Idlewood Ct,35.0362133,-79.0169517,meta,2025-06-02T07:00:00.000Z,0.909823677581864,,,,False
96cb0bf1-5ce1-4f70-8e91-7d36e5befe48,Tyson Commercial Properties,real_estate,"['commercial_real_estate', 'home_developer']",,,,,fayetteville,NC,Fayetteville,28301.0,109 Hay St,35.0526977,-78.8789266,meta,2025-06-02T07:00:00.000Z,0.8831168831168831,,,,False
0036db04-f4c2-419b-b125-9f43120c0a57,John and Samuel Tyson VFW Post,community_services_non_profits,"['social_service_organizations', 'public_service_and_government']",b77fdc2d-1d86-45dc-bf3a-cfda00ac9c81,VFW Post 8509,,,baltimore,MD,Baltimore,21202.0,337 E North Ave,39.311149,-76.6110392,meta,2025-06-02T07:00:00.000Z,0.9784508333782836,OpenStreetMap,2018-10-10T03:03:46.000Z,,False
7cd5a45c-facc-4d9e-9cd9-fdb527fa5c9c,"Tyson Boltz, NP | Family Medicine",nurse_practitioner,['health_and_medical'],,,,,provo,UT,Provo,84604.0,1055 N 500 W,40.2485335,-111.6673888,Microsoft,2025-05-21T09:42:22.347Z,0.77,,,,False
0c246362-eb03-4de6-b7ce-e2c0622df835,"Tyson Law Firm, P.C.",lawyer,"['legal_services', 'criminal_defense_law']",452fd88c-0904-4a62-8ddf-992ec7e69db2,,,,indianapolis,IN,Greenwood,46142.0,107 N State Road 135,39.6170618,-86.1568164,meta,2025-06-02T07:00:00.000Z,0.9784508333782836,Microsoft ML Buildings,2024-07-01T00:00:00.000Z,0.9962999820709229,False
ec05ae59-0159-41b2-915d-c05dd061fb0b,Tyson,commercial_industrial,"['car_rental_agency', 'automotive']",461a7134-0dcb-466b-ac66-86e5bec7606d,WillScot,,,indianapolis,IN,Indianapolis,46241.0,2301 S Holt Rd,39.732414,-86.223233,meta,2025-06-02T07:00:00.000Z,0.3376623376623376,OpenStreetMap,2023-11-15T12:05:56.000Z,,False
e691d151-7d55-4514-8e51-c74eab1d3d8e,Tyson,butcher_shop,['specialty_grocery_store'],,,,,indianapolis,,,46203.0,100 Reavest Dr N,39.7504034,-86.119558,meta,2025-06-02T07:00:00.000Z,0.9300613496932516,,,,False
215c0c2c-f973-455b-b9c4-ff1b68966b44,Tyson Bontrager Real Estate,real_estate,['real_estate_agent'],,,,,indianapolis,IN,Indianapolis,46240.0,8500 Keystone Xing,39.911934,-86.1111475,meta,2025-06-02T07:00:00.000Z,0.8860580325548478,,,,False
aced3f71-117b-491d-8c25-d162d4ff1f51,"Tyson D. Payne, PsyD",psychologist,"['doctor', 'health_and_medical']",,,,,portland,OR,Tigard,97223.0,12442 SW Scholls Ferry Rd Ste 205,45.4436605,-122.8052059,Microsoft,2024-12-14T01:26:53.620Z,0.77,,,,False
42dbece5-9932-437c-9453-af4fa6b0ddb1,Tyson Recreation Center,sports_and_recreation_venue,['active_life'],fd9705b5-b1db-449c-a1db-0d79fb975d61,Tyson Recreation Center,,,portland,OR,Hillsboro,97124.0,1880 NE Griffin Oaks St,45.5396761,-122.9626694,meta,2025-06-02T07:00:00.000Z,0.9297091412742382,OpenStreetMap,2015-11-27T02:12:58.000Z,,False
5240f604-9f7f-420e-8421-ea4933820c90,Haggerty and Tyson Halls,college_university,"['school', 'accommodation']",4b6b8e8d-c088-4e84-9e34-a0ac557fc34b,Pilot House,education,university,portland,OR,Portland,97203.0,5000 N Willamette Blvd,45.5730976,-122.7254599,meta,2025-06-02T07:00:00.000Z,0.5662921348314607,OpenStreetMap,2024-05-31T22:01:39.000Z,,False
93086074-cfdb-4b19-b84b-13d72de5e539,"Tyson Whiteside Audio Video, LLC",home_theater_systems_stores,['retail'],122cc208-ef65-4274-a245-f03bb670aa52,,residential,detached,portland,OR,Portland,97220.0,11122 NE Oregon St,45.52783,-122.54772,Microsoft,2019-05-25T15:54:19.810Z,0.77,OpenStreetMap,2015-09-01T00:30:00.000Z,,False
fa8c1b6b-932c-45f7-800d-7f263ee1d51b,Tyson Park,dog_park,"['park', 'attractions_and_activities']",,,,,knoxville,TN,Knoxville,37919.0,2351 Kingston Pike,35.9547728,-83.9469258,meta,2025-06-02T07:00:00.000Z,0.9784508333782836,,,,False
a14ba675-018d-4f3c-9048-e1eeee90d692,Tyson Junior High School,school,"['education', 'public_school']",35c342c0-5fc6-4577-affc-8505f9aaefa5,Tyson Junior High School,,,knoxville,TN,Knoxville,37919.0,2599 Kingston Pike,35.9525387,-83.9458411,meta,2025-06-02T07:00:00.000Z,0.5662921348314607,OpenStreetMap,2024-05-15T14:17:49.000Z,,False
f5452144-77e3-45b8-9f07-aa417bfcde8d,Tyson Family Tennis Center,tennis_court,"['active_life', 'sports_club_and_league']",,,,,knoxville,TN,Knoxville,37919.0,2351 Kingston Pike,35.9543862,-83.9457186,meta,2025-06-02T07:00:00.000Z,0.9784508333782836,,,,False
8741a9bd-479c-42a8-ade3-94ed82c191c9,UTK Tyson House Student Foundation,church_cathedral,['religious_organization'],4f21c7ec-0b63-4a44-b9be-a121083565a3,Tyson House,religious,,knoxville,TN,Knoxville,37916.0,824 Melrose Pl SW,35.9557457,-83.9317475,meta,2025-06-02T07:00:00.000Z,0.7548172757475083,OpenStreetMap,2024-04-14T23:19:38.000Z,,False
41e62d50-9ee7-4345-99ec-b44159af6c2d,Tyson Alumni Center,college_university,"['campus_building', 'community_services_non_profits']",9bce96aa-05c0-4ec9-b61d-9adae7747c5f,Tyson Alumni Center,education,university,knoxville,TN,Knoxville,37996.0,1609 Melrose Ave,35.955749,-83.9299585,meta,2025-06-02T07:00:00.000Z,0.9415384615384615,OpenStreetMap,2024-09-10T18:03:13.000Z,,True
dfbf221b-44df-4003-a0f5-0d39980a3a31,MCGHEE TYSON AIRPORT KNOXVILlE,airport,,,,,,knoxville,TN,Knoxville,37920.0,2055 Alcoa Hwy,35.962787,-83.9240396,meta,2025-06-02T07:00:00.000Z,0.7548172757475083,,,,False
16b52a7f-f70e-4495-bcb6-7faa0089a7d8,"Gia Tyson, MD",doctor,['health_and_medical'],c6563881-5d8f-4ae2-aa4d-3e3fba17a027,,,,new-orleans,LA,Jefferson,70121.0,1514 Jefferson Hwy,29.960785,-90.1446719,Microsoft,2020-01-24T06:07:23.903Z,0.77,OpenStreetMap,2022-08-11T12:40:43.000Z,,False
50377909-86d5-4001-8680-0d48b4e81d72,Tyson Knockout Cleaning Service LLC,home_cleaning,"['janitorial_services', 'carpet_cleaning']",8b708d46-f0e2-4b62-84a0-34422adebbbd,,,,new-orleans,LA,New Orleans,70116.0,1000 Bourbon St,29.9611017,-90.0633605,meta,2025-06-02T07:00:00.000Z,0.8831168831168831,OpenStreetMap,2015-05-15T12:15:13.000Z,,False
51d923f6-705c-4c50-ba98-293f8f6a8a77,Tyson Hombroek,real_estate_agent,['real_estate'],,,,,austin,TX,Austin,78756.0,5025 Burnet Rd,30.32209,-97.73918,meta,2025-06-02T07:00:00.000Z,0.3376623376623376,,,,False
169ec8ac-63b0-4b4f-aab4-e61fcd95141a,Tyson's Tacos,texmex_restaurant,"['mexican_restaurant', 'restaurant']",9838a6f1-6dd8-4fb1-aee4-0638c47d49b8,Tyson's Tacos,commercial,,austin,TX,Austin,78751.0,4905 Airport Blvd,30.3097156,-97.7152399,meta,2025-06-02T07:00:00.000Z,0.9784508333782836,OpenStreetMap,2025-02-03T06:04:15.000Z,,False
b5c4cab4-1fa4-49cd-9a19-f9a64d114f4f,Tyson Deane Wynia - Mortgage Broker,real_estate_agent,"['real_estate_service', 'real_estate']",719bbd71-5016-478e-907b-49480fc2ed28,Building N,commercial,retail,austin,TX,Round Rock,78660.0,2000 South IH 35 Suite P,30.4904,-97.67916,meta,2025-06-02T07:00:00.000Z,0.242152466367713,OpenStreetMap,2021-10-02T16:29:03.000Z,,False
acb81613-50fe-4aab-bf35-efae00f4b997,Tyson Eye,optometrist,"['eye_care_clinic', 'eyewear_and_optician']",869b158d-ccc4-4974-812d-8df695ff20d6,,,,cape-coral,FL,Cape Coral,33904.0,4120 Del Prado Blvd S,26.5743871,-81.9439096,meta,2025-06-02T07:00:00.000Z,0.9879256218304756,OpenStreetMap,2019-10-03T06:58:11.000Z,,False
b98522b5-e631-40b5-b7e1-ebae1ac6ad9d,Tyson Eye,optometrist,"['eye_care_clinic', 'laser_eye_surgery_lasik']",51c7bf6b-aa91-4f3e-9606-12b38ece4e1e,,,,cape-coral,FL,North Fort Myers,33903.0,18770 N Tamiami Trl,26.7375582,-81.9125132,meta,2025-06-02T07:00:00.000Z,0.9784508333782836,OpenStreetMap,2020-11-03T04:24:11.000Z,,False
c222d9a1-60ee-4855-94fe-6ab7a09b2af4,Tyson J Lynch,real_estate_agent,['real_estate'],b8204a8f-f666-4e61-9bee-d2d0bc70212e,,,,boston,MA,Marblehead,1945.0,257 Washington St,42.5012627,-70.8558812,meta,2025-06-02T07:00:00.000Z,0.8860580325548478,OpenStreetMap,2018-03-29T20:15:00.000Z,,False
f61348a0-0365-4fff-a86d-c1faa2bff096,Tyson Lebedoff DMD,cosmetic_dentist,"['general_dentistry', 'dentist', 'health_and_medical']",,,,,reno,NV,Reno,89511.0,5465 Kietzke Ln,39.4642826914787,-119.789629206061,Microsoft,2012-11-01T05:01:51.127Z,0.77,,,,False
12dff550-ee50-4d4f-880d-f8dae13c3d93,"Tyson D Rollins, PA",real_estate_agent,"['real_estate_service', 'real_estate']",3e87a83e-4617-49cd-a6db-57051eb04628,Coldwell Banker,,,st-petersburg,FL,St Pete Beach,33706.0,6505 Gulf Blvd,27.7361,-82.74707,meta,2025-06-02T07:00:00.000Z,0.3961437335670464,OpenStreetMap,2024-01-17T03:39:38.000Z,,False
5ebf8471-f054-44e2-b40b-0bdff1378530,Allstate Insurance Agent: Tyson Oakman,insurance_agency,['financial_service'],7925bcd1-9536-41c1-852a-5c67f3bddbf7,,,,memphis,TN,Cordova,38018.0,7990 Trinity Rd,35.1429563,-89.797402,meta,2025-06-02T07:00:00.000Z,0.9784508333782836,OpenStreetMap,2020-07-21T21:11:15.000Z,,False
e61bdb8c-af10-4eb9-b468-1bd3aec93ee1,Goosehead Insurance - Tyson Schweitzer,insurance_agency,,,,,,houston,TX,Pearland,77581.0,3272 E Broadway St,29.5597116,-95.2738033,meta,2025-06-02T07:00:00.000Z,0.9784508333782836,,,,False
30ce5616-7413-4b45-9472-33b9644feba1,Alex Tyson Properties,real_estate,['real_estate_agent'],f04cd6d6-d16b-431e-99e3-5c8b3bcdfe9f,,residential,house,houston,TX,West University Place,77005.0,3922 Villanova St,29.71104,-95.44045,meta,2025-06-02T07:00:00.000Z,0.242152466367713,OpenStreetMap,2024-12-30T19:09:13.000Z,,False
2bf61eed-a6a9-4345-93a0-580e271a57b5,Tyson Foods,restaurant,"['eat_and_drink', 'lawyer']",8ad25860-999d-40cf-b8ac-e66382e3aaf8,Fulbright Tower,commercial,office,houston,TX,Houston,77010.0,1301 McKinney St,29.755586,-95.36157,meta,2025-06-02T07:00:00.000Z,0.296943231441048,OpenStreetMap,2023-02-12T18:48:48.000Z,,False
940a308d-ee89-48f1-89da-efe5e7e268f3,Tyson Foods,grocery_store,"['eat_and_drink', 'meat_wholesaler']",9718ab37-799e-4832-9fd1-188408ffba4f,,,,houston,TX,Houston,77029.0,300 Portwall St,29.7841698,-95.2785623,meta,2025-06-02T07:00:00.000Z,0.9784508333782836,OpenStreetMap,2016-02-08T09:21:50.000Z,,False
927f1322-f853-4c82-9df2-00bbd05705aa,"Kim Tyson, Realtor",real_estate_agent,['home_staging'],bde54c92-b552-40f7-a1be-35b6aa1578b9,,,,houston,TX,Magnolia,77354.0,32618 Tamina Rd,30.21228,-95.58259,meta,2025-06-02T07:00:00.000Z,0.242152466367713,OpenStreetMap,2017-06-25T18:00:48.000Z,,False
587da95e-f3aa-420c-8d1e-b758f7fd1aff,Tyson Foods,agriculture,['restaurant'],,,,,phoenix,AZ,Tolleson,85353.0,501 S 107th Ave,33.4389907,-112.2850111,meta,2025-06-02T07:00:00.000Z,0.9459263554653524,,,,False
0a6a0788-8e08-4919-aa00-55208538a654,Tyson Breinholt CRE,commercial_real_estate,"['property_management', 'professional_services']",e0c57fb6-d0e9-4e50-a1a2-0134e5bc7b5b,"Commercial Properties, Inc.",,,phoenix,AZ,Tempe,85281.0,2323 W University Dr,33.4215511,-111.9737606,meta,2025-06-02T07:00:00.000Z,0.296943231441048,OpenStreetMap,2024-09-21T04:22:59.000Z,,False
96ef4cb9-e6bf-482e-a74a-872761f6b675,Tyson Development,contractor,"['event_photography', 'professional_services']",6e95d931-db4e-48b4-b54a-f00c0d1ac594,Camel Central Plaza,commercial,retail,phoenix,AZ,Phoenix,85013.0,24 W Camelback Rd,33.5097799,-112.0758149,meta,2025-06-02T07:00:00.000Z,0.8540983606557377,OpenStreetMap,2024-07-08T22:40:34.000Z,,False
d3ba5b47-45db-45ee-9f73-6f653d39d99f,Tyson Weed,tattoo_and_piercing,,ee9c61d3-e572-4044-bb81-a3c8f35da02f,,,,phoenix,,,0.0,,33.4275519,-111.9001628,meta,2025-06-02T07:00:00.000Z,0.3313953488372093,OpenStreetMap,2020-11-16T04:15:33.000Z,,False
d3ba5b47-45db-45ee-9f73-6f653d39d99f,Tyson Weed,tattoo_and_piercing,,78e1ade5-c02b-43e2-bd47-984216fe6715,Sentient Tattoo Collective,,,phoenix,,,0.0,,33.4275519,-111.9001628,meta,2025-06-02T07:00:00.000Z,0.3313953488372093,OpenStreetMap,2020-11-16T04:15:33.000Z,,False
2e056a1a-e04f-44c2-92f3-e1bd1f8eece3,"Tyson Rondeau, NMLS #185843",mortgage_broker,"['financial_service', 'real_estate']",,,,,phoenix,AZ,Glendale,85308.0,7075 W Bell Rd,33.6193886,-111.8897324,meta,2025-06-02T07:00:00.000Z,0.5662921348314607,,,,False
7c2e0643-4c80-49be-97be-803099733880,James Tyson,mortgage_broker,"['financial_service', 'installment_loans']",,,,,bakersfield,CA,Bakersfield,93309.0,4560 California Ave,35.36732,-119.0540472,meta,2025-06-02T07:00:00.000Z,0.909823677581864,,,,False
87a397ec-f58e-416c-a154-4f919ae6b700,"Sarah Tyson, Realtor",real_estate_agent,"['real_estate_service', 'real_estate']",9f662585-6a3f-473e-a6c1-be091d31667b,,,,detroit,MI,Birmingham,48009.0,275 S Old Woodward Ave,42.5452134,-83.2125993,meta,2025-06-02T07:00:00.000Z,0.296943231441048,OpenStreetMap,2023-02-18T15:57:14.000Z,,False
1e4a4704-a084-4072-9e69-e93f1494c767,Tyson Reeves Realtor,real_estate,"['real_estate_agent', 'mortgage_broker']",b49c9822-a862-4666-839f-91e1c3da7132,,residential,apartments,detroit,MI,Sterling Heights,48313.0,41628 Huntington Dr,42.6001624,-83.026574,meta,2025-06-02T07:00:00.000Z,0.242152466367713,OpenStreetMap,2024-12-03T16:41:49.000Z,,False
3a49e045-bc6b-4d2d-aea4-a16abe08e859,Tyson Reeves and Associates Realty,real_estate_agent,['real_estate'],f64501a8-5006-4346-b852-617d16c5c0fc,,,,detroit,,,48313.0,14548 Eastport Dr,42.5939259,-82.9791528,meta,2025-06-02T07:00:00.000Z,0.9300613496932516,Esri Community Maps,2024-10-15T00:00:00.000Z,,False
c09be152-7140-4240-aa00-e1a99682fd2d,Tyson Sells Omaha,real_estate_agent,['real_estate'],e1a3d3e3-6d07-4fb8-82c7-6231e30b49fe,,,,omaha,NE,Omaha,68118.0,17838 Burke St,41.25897,-96.19429,meta,2025-06-02T07:00:00.000Z,0.3376623376623376,OpenStreetMap,2018-08-29T01:28:11.000Z,,False
e186c589-d7ff-439a-872b-d3707850083e,Tyson Refrigerated Processed Mt Div,professional_services,"['event_planning', 'baptist_church']",3a69deb6-01f6-4544-8312-73d9088809b5,,industrial,industrial,omaha,NE,Omaha,68137.0,13076 Renfro Cir,41.203608,-96.117923,meta,2025-06-02T07:00:00.000Z,0.4929396662387676,OpenStreetMap,2012-10-03T22:37:53.000Z,,True
c94beb5e-9b38-4a37-8b3f-f0b1f6928c5f,Tyson Foods Food Plant,grocery_store,"['food_beverage_service_distribution', 'supermarket']",,,,,omaha,NE,Omaha,68137.0,13022 Renfro Cir,41.2021078,-96.1165093,meta,2025-06-02T07:00:00.000Z,0.7548172757475083,,,,False
8e7d8755-4da8-4224-b323-8a3b2dad3e15,Tyson Foods Inc.,food_beverage_service_distribution,"['commercial_industrial', 'grocery_store']",,,,,omaha,IA,Council Bluffs,51501.0,2101 S 29th St,41.2426428,-95.8902209,meta,2025-06-02T07:00:00.000Z,0.9459263554653524,,,,False
e501afa9-8a84-429c-815c-a463248fcdec,Tyson Foods Council Bluffs Case Ready,meat_wholesaler,"['business_manufacturing_and_supply', 'eat_and_drink']",b239c047-ac9f-49a3-9da5-01953cab0b0b,,,,omaha,IA,Council Bluffs,51501.0,2700 23rd Ave,41.241845,-95.886114,meta,2025-06-02T07:00:00.000Z,0.3961437335670464,OpenStreetMap,2025-04-15T06:17:53.000Z,,False
4f6d93d7-7045-4e1c-a28d-47a9994f908b,Council Bluffs - Tyson,industrial_company,"['food_beverage_service_distribution', 'commercial_industrial']",b239c047-ac9f-49a3-9da5-01953cab0b0b,,,,omaha,IA,Council Bluffs,51501.0,2700 23rd Ave,41.241845,-95.886114,meta,2025-06-02T07:00:00.000Z,0.4929396662387676,OpenStreetMap,2025-04-15T06:17:53.000Z,,False
b8c56f05-6692-4e6d-a1e4-5162b0007b40,Tyson Fresh Meats,butcher_shop,"['eat_and_drink', 'real_estate']",,,,,omaha,IA,Council Bluffs,51501.0,2101 S 29th St,41.2419163,-95.8859686,meta,2025-06-02T07:00:00.000Z,0.7548172757475083,,,,False
db1a6cf1-dab4-44da-bd0c-49a190a0ba00,"M. Tyson Garon, M.D.",orthopedist,"['doctor', 'surgical_center', 'health_and_medical']",3da558b7-81d7-4d58-b54a-0976f40f58d3,,medical,hospital,baton-rouge,LA,Baton Rouge,70808.0,7301 Hennessy Blvd Ste 200,30.405394,-91.1115822,Microsoft,2019-06-09T12:52:40.477Z,0.77,OpenStreetMap,2021-03-28T01:08:57.000Z,,False
623a046c-8e3a-4aee-8062-f0b2fc86ab87,Patrice Tyson,doctor,"['obstetrician_and_gynecologist', 'family_practice']",c6c9ed5d-5ead-43a9-a605-fa27f3ae9adc,,medical,hospital,baton-rouge,LA,Baton Rouge,70817.0,100 Woman's Way,30.3856832,-91.0368645,meta,2025-06-02T07:00:00.000Z,0.7548172757475083,OpenStreetMap,2023-03-05T23:15:10.000Z,,False
57206128-0697-46c2-8a12-e14553ba787d,Julie Tyson Sells Texas,real_estate_agent,,62d7c9cb-4eaf-47de-bedd-0ec3eec98039,,,,tampa,TX,Spring,0.0,,27.94481,-82.46521,meta,2025-06-02T07:00:00.000Z,0.8253968253968254,OpenStreetMap,2020-02-23T05:15:51.000Z,,False
